-- phpMyAdmin SQL Dump
-- version 4.5.2
-- http://www.phpmyadmin.net
--
-- Host: localhost
-- Generation Time: May 04, 2016 at 04:49 AM
-- Server version: 10.1.10-MariaDB
-- PHP Version: 7.0.4

SET SQL_MODE = "NO_AUTO_VALUE_ON_ZERO";
SET time_zone = "+00:00";


/*!40101 SET @OLD_CHARACTER_SET_CLIENT=@@CHARACTER_SET_CLIENT */;
/*!40101 SET @OLD_CHARACTER_SET_RESULTS=@@CHARACTER_SET_RESULTS */;
/*!40101 SET @OLD_COLLATION_CONNECTION=@@COLLATION_CONNECTION */;
/*!40101 SET NAMES utf8mb4 */;

--
-- Database: `iic_hms`
--

-- --------------------------------------------------------

--
-- Table structure for table `admin_acc`
--

CREATE TABLE `admin_acc` (
  `username` varchar(10) NOT NULL,
  `password` varchar(10) NOT NULL,
  `status` varchar(10) NOT NULL
) ENGINE=InnoDB DEFAULT CHARSET=latin1;

--
-- Dumping data for table `admin_acc`
--

INSERT INTO `admin_acc` (`username`, `password`, `status`) VALUES
('1215288', 'Tihah.123', 'fstaff'),
('1227777', 'adminhms15', 'admin'),
('1229068', '1229068', 'hstaff');

-- --------------------------------------------------------

--
-- Table structure for table `check_in`
--

CREATE TABLE `check_in` (
  `ci_id` int(10) NOT NULL,
  `date_in` varchar(10) NOT NULL,
  `month` varchar(15) NOT NULL,
  `hos_name` varchar(40) NOT NULL,
  `unit_no` varchar(20) NOT NULL,
  `matric` varchar(10) NOT NULL
) ENGINE=InnoDB DEFAULT CHARSET=latin1;

--
-- Dumping data for table `check_in`
--

INSERT INTO `check_in` (`ci_id`, `date_in`, `month`, `hos_name`, `unit_no`, `matric`) VALUES
(101, '2015-09-07', '9', 'Beliawanis', 'A-1-4', 'DIC150269'),
(102, '2015-09-01', '9', 'Beliawanis', 'A-1-4', 'DIT150169 '),
(103, '2015-09-07', '9', 'Beliawanis', 'A-1-4', 'DBA150112'),
(104, '2015-09-07', '9', 'Beliawanis', 'A-1-5', 'DIT140252'),
(105, '2015-09-01', '9', 'Beliawanis', 'A-1-5', 'DIC160203'),
(106, '2015-09-07', '9', 'Beliawanis', 'A-1-5', 'DCS140149'),
(107, '2015-09-07', '9', 'Beliawanis', 'A-1-6', 'DCS150216'),
(108, '2015-09-07', '9', 'Beliawanis', 'A-1-6', 'DBA150109'),
(109, '2015-09-07', '9', 'Beliawanis', 'A-1-6', 'DIC140285'),
(110, '2015-09-07', '9', 'Beliawanis', 'A-1-7', 'DIT150164'),
(111, '2015-09-01', '9', 'Beliawanis', 'A-1-7', 'DBA160117'),
(112, '2015-09-01', '9', 'Beliawanis', 'A-1-7', 'DBA160120'),
(113, '2015-09-01', '9', 'Beliawanis', 'A-1-8', 'DCS160197'),
(114, '2015-09-07', '9', 'Beliawanis', 'A-1-8', 'DCE140218'),
(115, '2015-09-07', '9', 'Beliawanis', 'A-1-8', 'DIT140257'),
(116, '2015-09-07', '9', 'Beliawanis', 'A-3-7', 'DIT130146'),
(117, '2015-09-07', '9', 'Beliawanis', 'A-3-7', 'DCS150220'),
(118, '2015-09-07', '9', 'Beliawanis', 'A-3-7', 'DBA150122'),
(119, '2015-09-01', '9', 'Beliawanis', 'E-2-2', 'DBA150123'),
(120, '2015-09-07', '9', 'Beliawanis', 'E-2-2', 'DIT150166'),
(121, '2015-09-07', '9', 'Beliawanis', 'E-2-2', 'DBA150105'),
(122, '2015-09-07', '9', 'Beliawanis', 'E-2-3', 'DCE140215'),
(123, '2015-09-07', '9', 'Beliawanis', 'E-2-3', 'DCS140145'),
(124, '2015-09-07', '9', 'Beliawanis', 'E-2-3', 'DIC150253'),
(125, '2015-09-07', '9', 'Beliawanis', 'E-2-4', 'DCS150205'),
(126, '2015-09-07', '9', 'Beliawanis', 'E-2-4', 'DBA140101'),
(127, '2015-09-07', '9', 'Beliawanis', 'E-2-4', 'DIC150256'),
(128, '2015-09-07', '9', 'Beliawanis', 'E-2-5', 'DBA150110'),
(129, '2015-09-01', '9', 'Beliawanis', 'E-2-5', 'DIC160216'),
(130, '2015-09-01', '9', 'Beliawanis', 'E-2-5', 'DCS160189'),
(131, '2015-09-01', '9', 'Beliawanis', 'E-3-6', 'DIC150270'),
(132, '2015-09-07', '9', 'Beliawanis', 'E-3-6', 'DCS130172'),
(133, '2015-09-07', '9', 'Beliawanis', 'E-3-6', 'DIT140130'),
(134, '2015-09-01', '9', 'Beliawanis', 'F-4-2', 'DIT160149'),
(135, '2015-09-07', '9', 'Beliawanis', 'F-4-2', 'DCE140220'),
(136, '2015-09-01', '9', 'Beliawanis', 'F-4-2', 'DCS160202'),
(137, '2015-09-07', '9', 'Beliawanis', 'F-4-3', 'DCE140296'),
(138, '2015-09-07', '9', 'Beliawanis', 'F-4-3', 'DBA130103'),
(139, '2015-09-07', '9', 'Beliawanis', 'F-4-3', 'DCS130166'),
(140, '2015-09-07', '9', 'Beliawanis', 'F-4-4', 'DBA140103'),
(141, '2015-09-07', '9', 'Beliawanis', 'F-4-4', 'DBA130105'),
(142, '2015-09-07', '9', 'Beliawanis', 'F-4-4', 'DIT150165'),
(143, '2015-09-07', '9', 'Beliawanis', 'F-4-5', 'DBA130104'),
(144, '2015-09-07', '9', 'Beliawanis', 'F-4-5', 'DCE140216'),
(145, '2015-09-07', '9', 'Beliawanis', 'F-4-5', 'DIT130141'),
(146, '2015-09-07', '9', 'Beliawanis', 'G-1-7', 'DBA130113'),
(147, '2015-09-07', '9', 'Beliawanis', 'G-1-7', 'DCS150214'),
(148, '2015-09-07', '9', 'Beliawanis', 'G-1-7', 'DCE140222'),
(149, '2015-09-07', '9', 'Beliawanis', 'G-1-8', 'DBA150108'),
(150, '2015-09-07', '9', 'Beliawanis', 'G-1-8', 'DIC150265'),
(151, '2015-09-01', '9', 'Beliawanis', 'G-1-8', 'DCE160240'),
(152, '2015-09-07', '9', 'Beliawanis', 'G-1-9', 'DBA150113'),
(153, '2015-09-01', '9', 'Beliawanis', 'G-1-9', 'DBA160129'),
(154, '2015-09-07', '9', 'Beliawanis', 'G-1-9', 'DCS140267'),
(155, '2015-09-07', '9', 'Beliawanis', 'G-1-10', 'DBA140234'),
(156, '2015-09-07', '9', 'Beliawanis', 'G-1-10', 'DIT140255'),
(157, '2015-09-07', '9', 'Beliawanis', 'G-1-10', 'DIT140253'),
(158, '2015-09-01', '9', 'Beliawanis', 'G-1-11', 'DIT160157'),
(159, '2015-09-07', '9', 'Beliawanis', 'G-1-11', 'DIT150155'),
(160, '2015-09-07', '9', 'Beliawanis', 'G-1-11', 'DIT150159'),
(161, '2015-09-07', '9', 'Beliawanis', 'G-2-2', 'DBA140237'),
(162, '2015-09-01', '9', 'Beliawanis', 'G-2-2', 'DBA150126'),
(163, '2015-09-07', '9', 'Beliawanis', 'G-2-2', 'DCS130173'),
(164, '2015-11-01', '11', 'Beliawanis', 'A-1-7', 'DIC130186'),
(165, '2015-10-15', '10', 'Beliawanis', 'A-1-5', 'DIT150193'),
(166, '2015-12-03', '12', 'Beliawanis', 'E-2-4', 'DCS150201'),
(167, '2015-12-01', '12', 'Beliawanis', 'E-3-6', 'DIT160155'),
(168, '2016-02-08', '02', 'Beliawanis', 'A-1-8', 'DCS150209'),
(169, '2016-02-01', '02', 'Beliawanis', 'A-3-7', 'DIT160158'),
(170, '2016-02-01', '02', 'Beliawanis', 'E-2-3', 'DIC160212'),
(171, '2016-02-01', '02', 'Beliawanis', 'E-2-3', 'DIT150160'),
(172, '2016-02-01', '02', 'Beliawanis', 'F-4-2', 'DBA160125'),
(173, '2016-02-01', '02', 'Beliawanis', 'G-2-2', 'DIT140127'),
(174, '2016-02-01', '02', 'Beliawanis', 'G-1-7', 'DIC150252'),
(175, '2016-02-01', '02', 'Beliawanis', 'G-2-3', 'DIT130138'),
(176, '2016-02-01', '02', 'Beliawanis', 'G-2-3', 'DIT160150'),
(177, '2016-02-01', '02', 'Beliawanis', 'G-2-3', 'DCS150203'),
(178, '2016-03-01', '03', 'Beliawanis', 'A-1-6', 'DCS150210'),
(179, '2016-03-25', '03', 'Beliawanis', 'E-2-5', 'DCS150218'),
(180, '2015-09-01', '9', 'Kompleks Belia DBKL', '3-0-10', 'DIT160141 '),
(181, '2015-09-07', '9', 'Kompleks Belia DBKL', '3-0-10', 'DIT150183'),
(182, '2015-09-07', '9', 'Kompleks Belia DBKL', '3-0-10', 'DIT140136'),
(183, '2015-09-01', '9', 'Kompleks Belia DBKL', '3-0-10', 'DIC160229'),
(184, '2015-09-07', '9', 'Kompleks Belia DBKL', '3-4-8', 'DIC150288 '),
(185, '2015-09-07', '9', 'Kompleks Belia DBKL', '3-4-8', 'DIC140187'),
(186, '2015-09-01', '9', 'Kompleks Belia DBKL', '3-4-8', 'DCS160178'),
(187, '2015-09-07', '9', 'Kompleks Belia DBKL', '3-4-8', 'DCS150237'),
(188, '2015-09-07', '9', 'Kompleks Belia DBKL', 'G0-90', 'DCS140176'),
(189, '2015-09-01', '9', 'Kompleks Belia DBKL', 'G0-90', 'DCE160267'),
(190, '2015-09-01', '9', 'Kompleks Belia DBKL', 'G0-90', 'DCE160241'),
(191, '2015-09-07', '9', 'Kompleks Belia DBKL', 'G0-90', 'DCE150315'),
(192, '2015-09-07', '9', 'Kompleks Belia DBKL', 'G0-91', 'DCE140209'),
(193, '2015-09-01', '9', 'Kompleks Belia DBKL', 'G0-91', 'DBA150150'),
(194, '2015-09-07', '9', 'Kompleks Belia DBKL', 'G0-91', 'DBA140231'),
(195, '2015-09-07', '9', 'Kompleks Belia DBKL', 'G0-91', 'DBA130126'),
(196, '2015-09-01', '9', 'Kompleks Belia DBKL', 'G0-92', 'DIT160146'),
(197, '2015-09-07', '9', 'Kompleks Belia DBKL', 'G0-92', 'DIT150188'),
(198, '2015-09-07', '9', 'Kompleks Belia DBKL', 'G0-92', 'DIT140141'),
(199, '2015-09-01', '9', 'Kompleks Belia DBKL', 'G0-92', 'DIC160234'),
(200, '2015-09-07', '9', 'Kompleks Belia DBKL', 'G0-93', 'DIC150293'),
(201, '2015-09-07', '9', 'Kompleks Belia DBKL', 'G0-93', 'DIC140192'),
(202, '2015-09-07', '9', 'Kompleks Belia DBKL', 'G0-93', 'DCS160195'),
(203, '2015-09-07', '9', 'Kompleks Belia DBKL', 'G0-93', 'DCS150242'),
(204, '2016-02-01', '02', 'Kompleks Belia DBKL', '3-0-10', 'DIT130159'),
(205, '2016-02-01', '02', 'Kompleks Belia DBKL', '3-4-8', 'DCS150226'),
(206, '2016-02-01', '02', 'Kompleks Belia DBKL', '3-4-8', 'DCS140165'),
(207, '2016-02-01', '02', 'Kompleks Belia DBKL', 'G0-90', 'DIC150303'),
(208, '2016-02-01', '02', 'Kompleks Belia DBKL', 'G0-90', 'DIC150277'),
(209, '2016-02-01', '02', 'Kompleks Belia DBKL', 'G0-91', 'DCS160167'),
(210, '2016-02-01', '02', 'Kompleks Belia DBKL', 'G0-91', 'DIC130201'),
(211, '2016-02-01', '02', 'Kompleks Belia DBKL', 'G0-92', 'DIT140249'),
(212, '2016-02-01', '02', 'Kompleks Belia DBKL', 'G0-93', 'DIT160130'),
(213, '2015-09-07', '9', 'Sri Kuching', 'G-3-2', 'DIC150255'),
(214, '2015-09-01', '9', 'Sri Kuching', 'G-3-2', 'DIC160213'),
(215, '2015-09-01', '9', 'Sri Kuching', 'G-3-2', 'DCE160237'),
(216, '2015-09-07', '9', 'Sri Kuching', 'G-3-2', 'DIC140287'),
(217, '2015-09-07', '9', 'Sri Kuching', 'G-3-2', 'DCS140266'),
(218, '2015-09-07', '9', 'Sri Kuching', 'G-3-2', 'DCE130206'),
(219, '2015-09-07', '9', 'Sri Kuching', 'G-3-2', 'DBA130109'),
(220, '2015-09-01', '9', 'Sri Kuching', 'G-3-2', 'DIT150174'),
(221, '2015-09-07', '9', 'Sri Kuching', 'G-3-2', 'DBA140107'),
(222, '2015-09-07', '9', 'Sri Kuching', 'G-3-2', 'DIT140258'),
(223, '2016-02-01', '02', 'Sri Kuching', 'G-3-2', 'DBA130108'),
(224, '2016-02-01', '02', 'Sri Kuching', 'G-3-2', 'DBA160124'),
(225, '2016-02-01', '02', 'Sri Kuching', 'G-3-2', 'DBA140104'),
(226, '2015-09-01', '9', 'Sri Kuching', 'G-4-2', 'DCS140274'),
(227, '2015-09-01', '9', 'Sri Kuching', 'G-4-2', 'DCS130179'),
(228, '2015-09-01', '9', 'Sri Kuching', 'G-4-2', 'DCE160246'),
(229, '2015-09-01', '9', 'Sri Kuching', 'G-4-2', 'DCE150320'),
(230, '2015-09-01', '9', 'Sri Kuching', 'G-4-2', 'DCE140214'),
(231, '2015-09-01', '9', 'Sri Kuching', 'G-4-2', 'DBA160105'),
(232, '2015-09-01', '9', 'Sri Kuching', 'G-4-2', 'DBA150128'),
(233, '2015-09-01', '9', 'Sri Kuching', 'G-4-2', 'DBA130131'),
(234, '2015-09-01', '9', 'Sri Kuching', 'G-4-2', 'DIT160144'),
(235, '2015-09-01', '9', 'Sri Kuching', 'G-4-2', 'DIT150186'),
(236, '2015-09-01', '9', 'Sri Kuching', 'H-1-4', 'DIT140139'),
(237, '2015-09-01', '9', 'Sri Kuching', 'H-1-4', 'DIC160232'),
(238, '2015-09-01', '9', 'Sri Kuching', 'H-1-4', 'DIC150291'),
(239, '2015-09-01', '9', 'Sri Kuching', 'H-1-4', 'DIC140190'),
(240, '2015-09-01', '9', 'Sri Kuching', 'H-1-4', 'DCS160181'),
(241, '2015-09-01', '9', 'Sri Kuching', 'H-1-4', 'DCS150240'),
(242, '2015-09-01', '9', 'Sri Kuching', 'H-1-4', 'DCS140272'),
(243, '2015-09-01', '9', 'Sri Kuching', 'H-1-4', 'DCS130177'),
(244, '2015-09-01', '9', 'Sri Kuching', 'H-1-4', 'DCE160244'),
(245, '2015-09-01', '9', 'Sri Kuching', 'H-1-4', 'DCE150318');

-- --------------------------------------------------------

--
-- Table structure for table `check_out`
--

CREATE TABLE `check_out` (
  `co_id` int(10) NOT NULL,
  `date_out` date NOT NULL,
  `month` varchar(15) NOT NULL,
  `hos_name` varchar(40) NOT NULL,
  `unit_no` varchar(20) NOT NULL,
  `matric` varchar(10) NOT NULL
) ENGINE=InnoDB DEFAULT CHARSET=latin1;

--
-- Dumping data for table `check_out`
--

INSERT INTO `check_out` (`co_id`, `date_out`, `month`, `hos_name`, `unit_no`, `matric`) VALUES
(1, '2015-10-09', '10', 'Beliawanis', 'A-1-5', 'DCS140149'),
(2, '2015-10-30', '10', 'Beliawanis', 'A-1-7', 'DIT150164'),
(3, '2015-10-27', '10', 'Beliawanis', 'E-3-6', 'DIC150270'),
(4, '2015-11-30', '11', 'Beliawanis', 'E-2-4', 'DBA140101'),
(5, '2015-11-27', '11', 'Beliawanis', 'G-1-7', 'DCS150214'),
(6, '2016-01-10', '01', 'Beliawanis', 'A-1-8', 'DCE140218'),
(7, '2016-01-04', '01', 'Beliawanis', 'A-3-7', 'DIT130146'),
(8, '2016-01-08', '01', 'Beliawanis', 'E-2-3', 'DCE140215'),
(9, '2016-01-08', '01', 'Beliawanis', 'E-2-3', 'DCS140145'),
(10, '2016-01-08', '01', 'Beliawanis', 'F-4-2', 'DCE140220'),
(11, '2016-01-15', '01', 'Beliawanis', 'G-2-2', 'DCS130173'),
(12, '2016-01-30', '01', 'Beliawanis', 'F-4-3', 'DBA130103'),
(13, '2016-01-30', '01', 'Beliawanis', 'F-4-3', 'DCS130166'),
(15, '2016-02-28', '02', 'Beliawanis', 'A-1-6', 'DCS150216'),
(16, '2016-02-29', '02', 'Beliawanis', 'E-2-5', 'DBA150110'),
(17, '2016-04-29', '04', 'Beliawanis', 'G-1-9', 'DBA160129'),
(18, '2016-04-20', '04', 'Beliawanis', 'G-1-11', 'DIT160157'),
(19, '2016-04-29', '04', 'Beliawanis', 'G-2-2', 'DBA150126'),
(20, '2016-01-08', '01', 'Kompleks Belia DBKL', '3-0-10', 'DIT140136'),
(21, '2016-01-15', '01', 'Kompleks Belia DBKL', '3-4-8', 'DIC140187'),
(22, '2016-01-30', '01', 'Kompleks Belia DBKL', '3-4-8', 'DCS160178'),
(23, '2016-01-30', '01', 'Kompleks Belia DBKL', 'G0-90', 'DCS140176'),
(24, '2016-01-30', '01', 'Kompleks Belia DBKL', 'G0-90', 'DCE150315'),
(25, '2016-01-07', '01', 'Kompleks Belia DBKL', 'G0-91', 'DCE140209'),
(26, '2016-01-08', '01', 'Kompleks Belia DBKL', 'G0-91', 'DBA130126'),
(27, '2016-01-30', '01', 'Kompleks Belia DBKL', 'G0-92', 'DIT140141'),
(28, '2016-01-30', '01', 'Kompleks Belia DBKL', 'G0-93', 'DIC140192'),
(29, '2016-03-28', '03', 'Kompleks Belia DBKL', 'G0-91', 'DBA150150'),
(31, '2016-01-30', '01', 'Sri Kuching', 'G-3-2', 'DCE130206'),
(32, '2016-01-30', '01', 'Sri Kuching', 'G-3-2', 'DBA130109'),
(33, '2016-01-28', '01', 'Sri Kuching', 'G-3-2', 'DBA140107');

-- --------------------------------------------------------

--
-- Table structure for table `fees_setting`
--

CREATE TABLE `fees_setting` (
  `fees_id` int(10) NOT NULL,
  `type` varchar(100) NOT NULL,
  `description` varchar(50) NOT NULL,
  `year` int(20) NOT NULL,
  `month` int(2) NOT NULL,
  `sem_id` int(10) NOT NULL,
  `fees_per_month` float NOT NULL
) ENGINE=InnoDB DEFAULT CHARSET=latin1;

--
-- Dumping data for table `fees_setting`
--

INSERT INTO `fees_setting` (`fees_id`, `type`, `description`, `year`, `month`, `sem_id`, `fees_per_month`) VALUES
(20, 'HOSTEL', 'Beliawanis', 2015, 9, 1, 240),
(21, 'HOSTEL', 'Beliawanis', 2015, 10, 1, 240),
(22, 'HOSTEL', 'Beliawanis', 2015, 11, 1, 240),
(23, 'HOSTEL', 'Beliawanis', 2015, 12, 1, 240),
(24, 'HOSTEL', 'Beliawanis', 2016, 1, 1, 240),
(25, 'HOSTEL', 'Beliawanis', 2016, 2, 2, 240),
(26, 'HOSTEL', 'Beliawanis', 2016, 3, 2, 240),
(27, 'HOSTEL', 'Beliawanis', 2016, 4, 2, 260),
(28, 'HOSTEL', 'Sri Kuching', 2015, 9, 1, 220),
(29, 'HOSTEL', 'Sri Kuching', 2015, 10, 1, 220),
(30, 'HOSTEL', 'Sri Kuching', 2015, 11, 1, 220),
(31, 'HOSTEL', 'Sri Kuching', 2015, 12, 1, 220),
(32, 'HOSTEL', 'Sri Kuching', 2016, 1, 1, 220),
(33, 'HOSTEL', 'Sri Kuching', 2016, 2, 2, 220),
(34, 'HOSTEL', 'Sri Kuching', 2016, 3, 2, 220),
(35, 'HOSTEL', 'Sri Kuching', 2016, 4, 2, 240),
(36, 'HOSTEL', 'Kompleks Belia DBKL', 2015, 9, 1, 220),
(37, 'HOSTEL', 'Kompleks Belia DBKL', 2015, 10, 1, 220),
(38, 'HOSTEL', 'Kompleks Belia DBKL', 2015, 11, 1, 220),
(39, 'HOSTEL', 'Kompleks Belia DBKL', 2015, 12, 1, 220),
(40, 'HOSTEL', 'Kompleks Belia DBKL', 2016, 1, 1, 220),
(41, 'HOSTEL', 'Kompleks Belia DBKL', 2016, 2, 2, 220),
(42, 'HOSTEL', 'Kompleks Belia DBKL', 2016, 3, 2, 220),
(43, 'HOSTEL', 'Kompleks Belia DBKL', 2016, 4, 2, 240),
(44, 'HOSTEL', 'Beliawanis', 2016, 5, 2, 260);

-- --------------------------------------------------------

--
-- Table structure for table `hostel_closed`
--

CREATE TABLE `hostel_closed` (
  `hos_name` varchar(100) NOT NULL,
  `remarks` varchar(100) NOT NULL,
  `date_closed` date NOT NULL,
  `sem_id` int(20) NOT NULL
) ENGINE=InnoDB DEFAULT CHARSET=latin1;

-- --------------------------------------------------------

--
-- Table structure for table `hostel_details`
--

CREATE TABLE `hostel_details` (
  `hos_name` varchar(70) NOT NULL,
  `hos_address` varchar(100) NOT NULL,
  `unit_max_occ` int(10) NOT NULL,
  `hos_gender` varchar(1) NOT NULL,
  `hos_managed_by` varchar(5) NOT NULL,
  `hos_contactname1` varchar(25) NOT NULL,
  `hos_contactno1` varchar(20) NOT NULL,
  `hos_contactname2` varchar(25) NOT NULL,
  `hos_contactno2` varchar(20) NOT NULL
) ENGINE=InnoDB DEFAULT CHARSET=latin1;

--
-- Dumping data for table `hostel_details`
--

INSERT INTO `hostel_details` (`hos_name`, `hos_address`, `unit_max_occ`, `hos_gender`, `hos_managed_by`, `hos_contactname1`, `hos_contactno1`, `hos_contactname2`, `hos_contactno2`) VALUES
('Beliawanis', '143, Batu Muda, 53000, Batu Caves, Kuala Lumpur,,', 3, 'F', 'IIC', '', '', '', ''),
('Kompleks Belia DBKL', '17667, Jalan Sekolah, Gombak Setia, Gombak 53000 Kuala Lumpur.', 4, 'M', 'IIC', '', '', '', ''),
('Sri Kuching', 'Apartment Sri Kuching,\r\nJalan Selinsing 1,\r\nTaman Sri Kuching,\r\n52100 ', 10, 'A', 'IIC', '', '', '', '');

-- --------------------------------------------------------

--
-- Table structure for table `hostel_list`
--

CREATE TABLE `hostel_list` (
  `hos_id` int(25) NOT NULL,
  `hos_name` varchar(70) NOT NULL
) ENGINE=InnoDB DEFAULT CHARSET=latin1;

--
-- Dumping data for table `hostel_list`
--

INSERT INTO `hostel_list` (`hos_id`, `hos_name`) VALUES
(1, 'Beliawanis'),
(2, 'Sri Kuching'),
(4, 'Kompleks Belia DBKL');

-- --------------------------------------------------------

--
-- Table structure for table `owner_list`
--

CREATE TABLE `owner_list` (
  `owner_id` int(10) NOT NULL,
  `owner_name` varchar(50) NOT NULL,
  `owner_hp` varchar(20) NOT NULL,
  `owner_email` varchar(30) NOT NULL,
  `expiry_date` varchar(15) NOT NULL,
  `remarks` varchar(100) NOT NULL
) ENGINE=InnoDB DEFAULT CHARSET=latin1;

--
-- Dumping data for table `owner_list`
--

INSERT INTO `owner_list` (`owner_id`, `owner_name`, `owner_hp`, `owner_email`, `expiry_date`, `remarks`) VALUES
(1, 'Lee Hong Chik', '+60198888990', 'hongchik@gmail.com', '2016-06-01', ''),
(2, 'Rafidah Abdul Razak', '+0366678903', 'rafidah09090@yahoo.com', '2016-10-01', ''),
(3, 'Aishah bt Ahmad', '+0192223334', 'aishah0909@hotmail.com', '2016-06-01', ''),
(4, 'Roszita bt Mahmud', '+0162223335', 'rosrosros@hotmail.com', '2016-06-01', ''),
(5, 'Lin Dan', '+0198989890', 'lin.dan@gmail.com', '2016-06-01', ''),
(6, 'YLC Properties', '+0345678934', 'ylc_properties@gmail.com', '2016-06-01', ''),
(7, 'DBKL', '03 2617 9000	', 'rentdbkl@dbkl.gov.my', '2016-06-30', ''),
(8, 'Tey Suk Theng', '+0198989898', 'teysuk@gmail.com', '2015-09-01', 'closed'),
(14, 'Abdul Razak Abdul Karim', '019-9809088', 'msadri@gmail.com', '2016-06-06', ''),
(15, 'Muhammad Afdhaluddin Zainudin', '0178908989', 'arf.1209@gmail.com', '2016-06-06', ''),
(17, 'Siti Khalijah Bani', '0176668989', 'sitikhalijah@hmail.com', '2016-06-03', ''),
(18, 'Seman Haizir', '0192344222', 'seman@hmail.com', '2016-06-30', ''),
(19, 'Kok Chew Tong			', '019-3243274', 'kokchew@gmail.com', '2017-01-30', ''),
(20, 'Yong Yoke Sin	', '012-7287482	', 'yokesin@gmail.com	', '2017-05-30', ''),
(21, 'Lim Kok Keong	', '018-8482374', 'limkok@yahoo.com	', '2017-01-30', ''),
(22, 'Badrul Hisham	', '016-8382749', 'badhisham@yahoo.com', '2017-01-30', ''),
(23, 'Piveendren Rao A/L Sriramulu', '012-7287482', 'paviee@gmail.com', '2017-01-30', ''),
(24, 'Siti Mariam Binti Ibrahim', '017-6668989', 'mariam@yahoo.com', '2017-01-30', ''),
(25, 'Tan Jing Ying', '019-2344222', 'tan@hotmail.com', '2017-01-30', ''),
(26, 'Vong Hui Chin', '012-7287482', 'vong@yahoo.com', '2017-01-30', ''),
(27, 'Nurulain Binti Mohamad Azimi	', '018-8482374', 'ain@yahoo.com', '2017-01-30', ''),
(28, 'Rama Widyamitka Putra	', '016-8382749', 'ramawid@gmail.com', '2017-01-30', ''),
(29, 'Saidatul Atiah Binti Sheik Anuar', '019-2344222', 'saidatu@yahoo.com', '2017-01-30', ''),
(30, 'Maizan Binti Abdul Ghafar', '019-3243274', 'maizan@gmail.com', '2017-01-30', ''),
(31, 'Lim Foo Wah	', '019-3243274', 'limfoo@gmail.com', '2017-01-30', ''),
(32, 'Siti Nur Syahirah Binti Rosni	', '012-7287482', 'syahirah@gmail.com', '2017-01-30', ''),
(33, 'Habibah Binti Yusof', '018-8482374', 'habibah@yahoo.com', '2017-01-30', ''),
(34, 'Siti Maisarah Binti Ahmad Kamal	', '017-6668989', 'sarah@gmail.com', '2017-01-30', ''),
(35, 'Prem A/L Manisegar	', '019-2344222', 'prem@yaho.com	', '2017-01-30', ''),
(36, 'Nurulfitriah Binti Zaidi	', '019-3243274', 'fitri@yahoo.com', '2017-01-30', ''),
(37, 'Tan Jing Ying	', '012-7287482', 'tanying@yahoo.com', '2017-01-30', '');

-- --------------------------------------------------------

--
-- Table structure for table `pay_details`
--

CREATE TABLE `pay_details` (
  `pay_rec_id` int(20) NOT NULL,
  `payer_id` varchar(10) NOT NULL,
  `payer_type` varchar(100) NOT NULL,
  `payee_type` varchar(10) NOT NULL,
  `payee_name` varchar(100) NOT NULL,
  `amount` int(25) NOT NULL,
  `fee_type` varchar(10) NOT NULL,
  `date_issued` date NOT NULL,
  `pay_type` varchar(10) NOT NULL,
  `status` varchar(10) NOT NULL,
  `pay_voucher` varchar(40) NOT NULL,
  `date_of_payment` varchar(10) NOT NULL,
  `fees_id` int(10) NOT NULL,
  `unit_no` varchar(20) NOT NULL,
  `hos_name` varchar(100) NOT NULL
) ENGINE=InnoDB DEFAULT CHARSET=latin1;

--
-- Dumping data for table `pay_details`
--

INSERT INTO `pay_details` (`pay_rec_id`, `payer_id`, `payer_type`, `payee_type`, `payee_name`, `amount`, `fee_type`, `date_issued`, `pay_type`, `status`, `pay_voucher`, `date_of_payment`, `fees_id`, `unit_no`, `hos_name`) VALUES
(1, 'DIC150269', 'STUDENT', 'COLLEGE', 'STADD', 240, 'FIX', '2015-09-07', 'HOSTEL', 'PAID', 'CSS1590001', '2015-09-27', 20, 'A-1-4', 'Beliawanis'),
(2, 'DIT150169', 'STUDENT', 'COLLEGE', 'STADD', 240, 'FIX', '2015-09-07', 'HOSTEL', 'PAID', 'CSS1590002', '2015-09-25', 20, 'A-1-4', 'Beliawanis'),
(3, 'DBA150112', 'STUDENT', 'COLLEGE', 'STADD', 240, 'FIX', '2015-09-07', 'HOSTEL', 'PAID', 'CSS1590003', '2015-09-30', 20, 'A-1-4', 'Beliawanis'),
(4, 'DIT140252', 'STUDENT', 'COLLEGE', 'STADD', 240, 'FIX', '2015-09-07', 'HOSTEL', 'PAID', 'CSS1590004', '2015-09-23', 20, 'A-1-5', 'Beliawanis'),
(5, 'DIC160203', 'STUDENT', 'COLLEGE', 'STADD', 240, 'FIX', '2015-09-01', 'HOSTEL', 'PAID', 'CSS1590005', '2015-09-25', 20, 'A-1-5', 'Beliawanis'),
(6, 'DCS140149', 'STUDENT', 'COLLEGE', 'STADD', 240, 'FIX', '2015-09-07', 'HOSTEL', 'PAID', 'CSS1590006', '2015-09-30', 20, 'A-1-5', 'Beliawanis'),
(7, 'DCS150216', 'STUDENT', 'COLLEGE', 'STADD', 240, 'FIX', '2015-09-07', 'HOSTEL', 'PAID', 'CSS1590007', '2015-09-23', 20, 'A-1-6', 'Beliawanis'),
(8, 'DBA150109', 'STUDENT', 'COLLEGE', 'STADD', 240, 'FIX', '2015-09-07', 'HOSTEL', 'PAID', 'CSS1590008', '2015-09-25', 20, 'A-1-6', 'Beliawanis'),
(9, 'DIC140285', 'STUDENT', 'COLLEGE', 'STADD', 240, 'FIX', '2015-09-07', 'HOSTEL', 'PAID', 'CSS1590009', '2015-09-30', 20, 'A-1-6', 'Beliawanis'),
(10, 'DIT150164', 'STUDENT', 'COLLEGE', 'STADD', 240, 'FIX', '2015-09-07', 'HOSTEL', 'PAID', 'CSS1590010', '2015-09-23', 20, 'A-1-7', 'Beliawanis'),
(11, 'DBA160117', 'STUDENT', 'COLLEGE', 'STADD', 240, 'FIX', '2015-09-01', 'HOSTEL', 'PAID', 'CSS1590011', '2015-09-25', 20, 'A-1-7', 'Beliawanis'),
(12, 'DBA160120', 'STUDENT', 'COLLEGE', 'STADD', 240, 'FIX', '2015-09-01', 'HOSTEL', 'PAID', 'CSS1590012', '2015-09-30', 20, 'A-1-7', 'Beliawanis'),
(13, 'DCS160197', 'STUDENT', 'COLLEGE', 'STADD', 240, 'FIX', '2015-09-01', 'HOSTEL', 'PAID', 'CSS1590013', '2015-09-27', 20, 'A-1-8', 'Beliawanis'),
(14, 'DCE140218', 'STUDENT', 'COLLEGE', 'STADD', 240, 'FIX', '2015-09-07', 'HOSTEL', 'PAID', 'CSS1590014', '2015-09-24', 20, 'A-1-8', 'Beliawanis'),
(15, 'DIT140257', 'STUDENT', 'COLLEGE', 'STADD', 240, 'FIX', '2015-09-07', 'HOSTEL', 'PAID', 'CSS1590015', '2015-09-30', 20, 'A-1-8', 'Beliawanis'),
(16, 'DIT130146', 'STUDENT', 'COLLEGE', 'STADD', 240, 'FIX', '2015-09-07', 'HOSTEL', 'PAID', 'CSS1590016', '2015-09-27', 20, 'A-3-7', 'Beliawanis'),
(17, 'DCS150220', 'STUDENT', 'COLLEGE', 'STADD', 240, 'FIX', '2015-09-07', 'HOSTEL', 'PAID', 'CSS1590017', '2015-09-24', 20, 'A-3-7', 'Beliawanis'),
(18, 'DBA150122', 'STUDENT', 'COLLEGE', 'STADD', 240, 'FIX', '2015-09-07', 'HOSTEL', 'PAID', 'CSS1590018', '2015-09-30', 20, 'A-3-7', 'Beliawanis'),
(19, 'DBA150123', 'STUDENT', 'COLLEGE', 'STADD', 240, 'FIX', '2015-09-01', 'HOSTEL', 'PAID', 'CSS1590019', '2015-09-27', 20, 'E-2-2', 'Beliawanis'),
(20, 'DIT150166', 'STUDENT', 'COLLEGE', 'STADD', 240, 'FIX', '2015-09-07', 'HOSTEL', 'PAID', 'CSS1590020', '2015-09-24', 20, 'E-2-2', 'Beliawanis'),
(21, 'DBA150105', 'STUDENT', 'COLLEGE', 'STADD', 240, 'FIX', '2015-09-07', 'HOSTEL', 'PAID', 'CSS1590021', '2015-09-30', 20, 'E-2-2', 'Beliawanis'),
(22, 'DCE140215', 'STUDENT', 'COLLEGE', 'STADD', 240, 'FIX', '2015-09-07', 'HOSTEL', 'PAID', 'CSS1590022', '2015-09-27', 20, 'E-2-3', 'Beliawanis'),
(23, 'DCS140145', 'STUDENT', 'COLLEGE', 'STADD', 240, 'FIX', '2015-09-07', 'HOSTEL', 'PAID', 'CSS1590023', '2015-09-24', 20, 'E-2-3', 'Beliawanis'),
(24, 'DIC150253', 'STUDENT', 'COLLEGE', 'STADD', 240, 'FIX', '2015-09-07', 'HOSTEL', 'PAID', 'CSS1590024', '2015-09-30', 20, 'E-2-3', 'Beliawanis'),
(25, 'DCS150205', 'STUDENT', 'COLLEGE', 'STADD', 240, 'FIX', '2015-09-07', 'HOSTEL', 'PAID', 'CSS1590025', '2015-09-27', 20, 'E-2-4', 'Beliawanis'),
(26, 'DBA140101', 'STUDENT', 'COLLEGE', 'STADD', 240, 'FIX', '2015-09-07', 'HOSTEL', 'PAID', 'CSS1590026', '2015-09-24', 20, 'E-2-4', 'Beliawanis'),
(27, 'DIC150256', 'STUDENT', 'COLLEGE', 'STADD', 240, 'FIX', '2015-09-07', 'HOSTEL', 'PAID', 'CSS1590027', '2015-09-30', 20, 'E-2-4', 'Beliawanis'),
(28, 'DBA150110', 'STUDENT', 'COLLEGE', 'STADD', 240, 'FIX', '2015-09-07', 'HOSTEL', 'PAID', 'CSS1590028', '2015-09-30', 20, 'E-2-5', 'Beliawanis'),
(29, 'DIC160216', 'STUDENT', 'COLLEGE', 'STADD', 240, 'FIX', '2015-09-01', 'HOSTEL', 'PAID', 'CSS1590029', '2015-09-24', 20, 'E-2-5', 'Beliawanis'),
(30, 'DCS160189', 'STUDENT', 'COLLEGE', 'STADD', 240, 'FIX', '2015-09-01', 'HOSTEL', 'PAID', 'CSS1590030', '2015-09-27', 20, 'E-2-5', 'Beliawanis'),
(31, 'DIC150270', 'STUDENT', 'COLLEGE', 'STADD', 240, 'FIX', '2015-09-01', 'HOSTEL', 'PAID', 'CSS1590031', '2015-09-27', 20, 'E-3-6', 'Beliawanis'),
(32, 'DCS130172', 'STUDENT', 'COLLEGE', 'STADD', 240, 'FIX', '2015-09-07', 'HOSTEL', 'PAID', 'CSS1590032', '2015-09-24', 20, 'E-3-6', 'Beliawanis'),
(33, 'DIT140130', 'STUDENT', 'COLLEGE', 'STADD', 240, 'FIX', '2015-09-07', 'HOSTEL', 'PAID', 'CSS1590033', '2015-09-30', 20, 'E-3-6', 'Beliawanis'),
(34, 'DIT160149', 'STUDENT', 'COLLEGE', 'STADD', 240, 'FIX', '2015-09-01', 'HOSTEL', 'PAID', 'CSS1590034', '2015-09-30', 20, 'F-4-2', 'Beliawanis'),
(35, 'DCE140220', 'STUDENT', 'COLLEGE', 'STADD', 240, 'FIX', '2015-09-07', 'HOSTEL', 'PAID', 'CSS1590035', '2015-09-24', 20, 'F-4-2', 'Beliawanis'),
(36, 'DCS160202', 'STUDENT', 'COLLEGE', 'STADD', 240, 'FIX', '2015-09-01', 'HOSTEL', 'PAID', 'CSS1590036', '2015-09-27', 20, 'F-4-2', 'Beliawanis'),
(37, 'DCE140296', 'STUDENT', 'COLLEGE', 'STADD', 240, 'FIX', '2015-09-07', 'HOSTEL', 'PAID', 'CSS1590037', '2015-09-27', 20, 'F-4-3', 'Beliawanis'),
(38, 'DBA130103', 'STUDENT', 'COLLEGE', 'STADD', 240, 'FIX', '2015-09-07', 'HOSTEL', 'PAID', 'CSS1590038', '2015-09-24', 20, 'F-4-3', 'Beliawanis'),
(39, 'DCS130166', 'STUDENT', 'COLLEGE', 'STADD', 240, 'FIX', '2015-09-07', 'HOSTEL', 'PAID', 'CSS1590039', '2015-09-30', 20, 'F-4-3', 'Beliawanis'),
(40, 'DIT150165', 'STUDENT', 'COLLEGE', 'STADD', 240, 'FIX', '2015-09-07', 'HOSTEL', 'PAID', 'CSS1590040', '2015-09-30', 20, 'F-4-4', 'Beliawanis'),
(41, 'DBA130105', 'STUDENT', 'COLLEGE', 'STADD', 240, 'FIX', '2015-09-07', 'HOSTEL', 'PAID', 'CSS1590041', '2015-09-24', 20, 'F-4-4', 'Beliawanis'),
(42, 'DBA140103', 'STUDENT', 'COLLEGE', 'STADD', 240, 'FIX', '2015-09-07', 'HOSTEL', 'PAID', 'CSS1590042', '2015-09-27', 20, 'F-4-4', 'Beliawanis'),
(43, 'DBA130104', 'STUDENT', 'COLLEGE', 'STADD', 240, 'FIX', '2015-09-07', 'HOSTEL', 'PAID', 'CSS1590043', '2015-09-27', 20, 'F-4-5', 'Beliawanis'),
(44, 'DCE140216', 'STUDENT', 'COLLEGE', 'STADD', 240, 'FIX', '2015-09-07', 'HOSTEL', 'PAID', 'CSS1590044', '2015-09-24', 20, 'F-4-5', 'Beliawanis'),
(45, 'DIT130141', 'STUDENT', 'COLLEGE', 'STADD', 240, 'FIX', '2015-09-07', 'HOSTEL', 'PAID', 'CSS1590045', '2015-09-30', 20, 'F-4-5', 'Beliawanis'),
(46, 'DCE140222', 'STUDENT', 'COLLEGE', 'STADD', 240, 'FIX', '2015-09-07', 'HOSTEL', 'PAID', 'CSS1590046', '2015-09-30', 20, 'G-1-7', 'Beliawanis'),
(47, 'DCS150214', 'STUDENT', 'COLLEGE', 'STADD', 240, 'FIX', '2015-09-07', 'HOSTEL', 'PAID', 'CSS1590047', '2015-09-24', 20, 'G-1-7', 'Beliawanis'),
(48, 'DBA130113', 'STUDENT', 'COLLEGE', 'STADD', 240, 'FIX', '2015-09-07', 'HOSTEL', 'PAID', 'CSS1590048', '2015-09-27', 20, 'G-1-7', 'Beliawanis'),
(49, 'DBA150108', 'STUDENT', 'COLLEGE', 'STADD', 240, 'FIX', '2015-09-07', 'HOSTEL', 'PAID', 'CSS1590049', '2015-09-27', 20, 'G-1-8', 'Beliawanis'),
(50, 'DIC150265', 'STUDENT', 'COLLEGE', 'STADD', 240, 'FIX', '2015-09-07', 'HOSTEL', 'PAID', 'CSS1590050', '2015-09-24', 20, 'G-1-8', 'Beliawanis'),
(51, 'DCE160240', 'STUDENT', 'COLLEGE', 'STADD', 240, 'FIX', '2015-09-01', 'HOSTEL', 'PAID', 'CSS1590051', '2015-09-30', 20, 'G-1-8', 'Beliawanis'),
(52, 'DCS140267', 'STUDENT', 'COLLEGE', 'STADD', 240, 'FIX', '2015-09-07', 'HOSTEL', 'PAID', 'CSS1590052', '2015-09-30', 20, 'G-1-9', 'Beliawanis'),
(53, 'DBA160129', 'STUDENT', 'COLLEGE', 'STADD', 240, 'FIX', '2015-09-01', 'HOSTEL', 'PAID', 'CSS1590053', '2015-09-24', 20, 'G-1-9', 'Beliawanis'),
(54, 'DBA150113', 'STUDENT', 'COLLEGE', 'STADD', 240, 'FIX', '2015-09-07', 'HOSTEL', 'PAID', 'CSS1590054', '2015-09-27', 20, 'G-1-9', 'Beliawanis'),
(55, 'DIT140253', 'STUDENT', 'COLLEGE', 'STADD', 240, 'FIX', '2015-09-07', 'HOSTEL', 'PAID', 'CSS1590055', '2015-09-27', 20, 'G-1-10', 'Beliawanis'),
(56, 'DIT140255', 'STUDENT', 'COLLEGE', 'STADD', 240, 'FIX', '2015-09-07', 'HOSTEL', 'PAID', 'CSS1590056', '2015-09-24', 20, 'G-1-10', 'Beliawanis'),
(57, 'DBA140234', 'STUDENT', 'COLLEGE', 'STADD', 240, 'FIX', '2015-09-07', 'HOSTEL', 'PAID', 'CSS1590057', '2015-09-30', 20, 'G-1-10', 'Beliawanis'),
(58, 'DIT160157', 'STUDENT', 'COLLEGE', 'STADD', 240, 'FIX', '2015-09-01', 'HOSTEL', 'PAID', 'CSS1590058', '2015-09-30', 20, 'G-1-11', 'Beliawanis'),
(59, 'DIT150155', 'STUDENT', 'COLLEGE', 'STADD', 240, 'FIX', '2015-09-07', 'HOSTEL', 'PAID', 'CSS1590059', '2015-09-24', 20, 'G-1-11', 'Beliawanis'),
(60, 'DIT150159', 'STUDENT', 'COLLEGE', 'STADD', 240, 'FIX', '2015-09-07', 'HOSTEL', 'PAID', 'CSS1590060', '2015-09-27', 20, 'G-1-11', 'Beliawanis'),
(61, 'DBA140237', 'STUDENT', 'COLLEGE', 'STADD', 240, 'FIX', '2015-09-07', 'HOSTEL', 'PAID', 'CSS1590061', '2015-09-27', 20, 'G-2-2', 'Beliawanis'),
(62, 'DBA150126', 'STUDENT', 'COLLEGE', 'STADD', 240, 'FIX', '2015-09-01', 'HOSTEL', 'PAID', 'CSS1590062', '2015-09-24', 20, 'G-2-2', 'Beliawanis'),
(63, 'DCS130173', 'STUDENT', 'COLLEGE', 'STADD', 240, 'FIX', '2015-09-07', 'HOSTEL', 'PAID', 'CSS1590063', '2015-09-30', 20, 'G-2-2', 'Beliawanis'),
(64, 'DCS140149', 'STUDENT', 'COLLEGE', 'STADD', 90, 'DAY', '2015-10-01', 'HOSTEL', 'PAID', 'CSS1590065', '2015-10-09', 21, 'A-1-5', 'Beliawanis'),
(65, 'DIT150164', 'STUDENT', 'COLLEGE', 'STADD', 240, 'FIX', '2015-10-01', 'HOSTEL', 'PAID', 'CSS1590064', '2015-10-30', 21, 'A-1-7', 'Beliawanis'),
(66, 'DIC150270', 'STUDENT', 'COLLEGE', 'STADD', 240, 'FIX', '2015-10-01', 'HOSTEL', 'PAID', 'CSS1590066', '2015-10-27', 21, 'E-3-6', 'Beliawanis'),
(67, 'DIC150269', 'STUDENT', 'COLLEGE', 'STADD', 240, 'FIX', '2015-10-01', 'HOSTEL', 'PAID', 'CSS1590067', '2015-10-27', 21, 'A-1-4', 'Beliawanis'),
(68, 'DIT150169', 'STUDENT', 'COLLEGE', 'STADD', 240, 'FIX', '2015-10-01', 'HOSTEL', 'PAID', 'CSS1590067', '2015-10-25', 21, 'A-1-4', 'Beliawanis'),
(69, 'DBA150112', 'STUDENT', 'COLLEGE', 'STADD', 240, 'FIX', '2015-10-01', 'HOSTEL', 'PAID', 'CSS1590068', '2015-10-30', 21, 'A-1-4', 'Beliawanis'),
(70, 'DIT140252', 'STUDENT', 'COLLEGE', 'STADD', 240, 'FIX', '2015-10-01', 'HOSTEL', 'PAID', 'CSS1590069', '2015-10-23', 21, 'A-1-5', 'Beliawanis'),
(71, 'DIC160203', 'STUDENT', 'COLLEGE', 'STADD', 240, 'FIX', '2015-10-01', 'HOSTEL', 'PAID', 'CSS1590070', '2015-10-25', 21, 'A-1-5', 'Beliawanis'),
(72, 'DCS150216', 'STUDENT', 'COLLEGE', 'STADD', 240, 'FIX', '2015-10-01', 'HOSTEL', 'PAID', 'CSS1590071', '2015-10-23', 21, 'A-1-6', 'Beliawanis'),
(73, 'DBA150109', 'STUDENT', 'COLLEGE', 'STADD', 240, 'FIX', '2015-10-01', 'HOSTEL', 'PAID', 'CSS1590072', '2015-10-25', 21, 'A-1-6', 'Beliawanis'),
(74, 'DIC140285', 'STUDENT', 'COLLEGE', 'STADD', 240, 'FIX', '2015-10-01', 'HOSTEL', 'PAID', 'CSS1590073', '2015-10-30', 21, 'A-1-6', 'Beliawanis'),
(75, 'DBA160117', 'STUDENT', 'COLLEGE', 'STADD', 240, 'FIX', '2015-10-01', 'HOSTEL', 'PAID', 'CSS1590074', '2015-10-25', 21, 'A-1-7', 'Beliawanis'),
(76, 'DBA160120', 'STUDENT', 'COLLEGE', 'STADD', 240, 'FIX', '2015-10-01', 'HOSTEL', 'PAID', 'CSS1590075', '2015-10-30', 21, 'A-1-7', 'Beliawanis'),
(77, 'DCS160197', 'STUDENT', 'COLLEGE', 'STADD', 240, 'FIX', '2015-10-01', 'HOSTEL', 'PAID', 'CSS1590077', '2015-10-27', 21, 'A-1-8', 'Beliawanis'),
(78, 'DCE140218', 'STUDENT', 'COLLEGE', 'STADD', 240, 'FIX', '2015-10-01', 'HOSTEL', 'PAID', 'CSS1590078', '2015-10-24', 21, 'A-1-8', 'Beliawanis'),
(79, 'DIT140257', 'STUDENT', 'COLLEGE', 'STADD', 240, 'FIX', '2015-10-01', 'HOSTEL', 'PAID', 'CSS1590079', '2015-10-30', 21, 'A-1-8', 'Beliawanis'),
(80, 'DIT130146', 'STUDENT', 'COLLEGE', 'STADD', 240, 'FIX', '2015-10-01', 'HOSTEL', 'PAID', 'CSS1590080', '2015-10-27', 21, 'A-3-7', 'Beliawanis'),
(81, 'DCS150220', 'STUDENT', 'COLLEGE', 'STADD', 240, 'FIX', '2015-10-01', 'HOSTEL', 'PAID', 'CSS1590081', '2015-10-24', 21, 'A-3-7', 'Beliawanis'),
(82, 'DBA150122', 'STUDENT', 'COLLEGE', 'STADD', 240, 'FIX', '2015-10-01', 'HOSTEL', 'PAID', 'CSS1590082', '2015-10-30', 21, 'A-3-7', 'Beliawanis'),
(83, 'DBA150123', 'STUDENT', 'COLLEGE', 'STADD', 240, 'FIX', '2015-10-01', 'HOSTEL', 'PAID', 'CSS1590083', '2015-10-27', 21, 'E-2-2', 'Beliawanis'),
(84, 'DIT150166', 'STUDENT', 'COLLEGE', 'STADD', 240, 'FIX', '2015-10-01', 'HOSTEL', 'PAID', 'CSS1590084', '2015-10-24', 21, 'E-2-2', 'Beliawanis'),
(85, 'DBA150105', 'STUDENT', 'COLLEGE', 'STADD', 240, 'FIX', '2015-10-01', 'HOSTEL', 'PAID', 'CSS1590085', '2015-10-30', 21, 'E-2-2', 'Beliawanis'),
(86, 'DCE140215', 'STUDENT', 'COLLEGE', 'STADD', 240, 'FIX', '2015-10-01', 'HOSTEL', 'PAID', 'CSS1590086', '2015-10-27', 21, 'E-2-3', 'Beliawanis'),
(87, 'DCS140145', 'STUDENT', 'COLLEGE', 'STADD', 240, 'FIX', '2015-10-01', 'HOSTEL', 'PAID', 'CSS1590087', '2015-10-24', 21, 'E-2-3', 'Beliawanis'),
(88, 'DIC150253', 'STUDENT', 'COLLEGE', 'STADD', 240, 'FIX', '2015-10-01', 'HOSTEL', 'PAID', 'CSS1590088', '2015-10-30', 21, 'E-2-3', 'Beliawanis'),
(89, 'DCS150205', 'STUDENT', 'COLLEGE', 'STADD', 240, 'FIX', '2015-10-01', 'HOSTEL', 'PAID', 'CSS1590089', '2015-10-27', 21, 'E-2-4', 'Beliawanis'),
(90, 'DBA140101', 'STUDENT', 'COLLEGE', 'STADD', 240, 'FIX', '2015-10-01', 'HOSTEL', 'PAID', 'CSS1590090', '2015-10-24', 21, 'E-2-4', 'Beliawanis'),
(91, 'DIC150256', 'STUDENT', 'COLLEGE', 'STADD', 240, 'FIX', '2015-10-01', 'HOSTEL', 'PAID', 'CSS1590091', '2015-10-30', 21, 'E-2-4', 'Beliawanis'),
(92, 'DBA150110', 'STUDENT', 'COLLEGE', 'STADD', 240, 'FIX', '2015-10-01', 'HOSTEL', 'PAID', 'CSS1590092', '2015-10-30', 21, 'E-2-5', 'Beliawanis'),
(93, 'DIC160216', 'STUDENT', 'COLLEGE', 'STADD', 240, 'FIX', '2015-10-01', 'HOSTEL', 'PAID', 'CSS1590093', '2015-10-24', 21, 'E-2-5', 'Beliawanis'),
(94, 'DCS160189', 'STUDENT', 'COLLEGE', 'STADD', 240, 'FIX', '2015-10-01', 'HOSTEL', 'PAID', 'CSS1590094', '2015-10-27', 21, 'E-2-5', 'Beliawanis'),
(95, 'DCS130172', 'STUDENT', 'COLLEGE', 'STADD', 240, 'FIX', '2015-10-01', 'HOSTEL', 'PAID', 'CSS1590095', '2015-10-24', 21, 'E-3-6', 'Beliawanis'),
(96, 'DIT140130', 'STUDENT', 'COLLEGE', 'STADD', 240, 'FIX', '2015-10-01', 'HOSTEL', 'PAID', 'CSS1590096', '2015-10-30', 21, 'E-3-6', 'Beliawanis'),
(97, 'DIT160149', 'STUDENT', 'COLLEGE', 'STADD', 240, 'FIX', '2015-10-01', 'HOSTEL', 'PAID', 'CSS1590097', '2015-10-30', 21, 'F-4-2', 'Beliawanis'),
(98, 'DCE140220', 'STUDENT', 'COLLEGE', 'STADD', 240, 'FIX', '2015-10-01', 'HOSTEL', 'PAID', 'CSS1590098', '2015-10-24', 21, 'F-4-2', 'Beliawanis'),
(99, 'DCS160202', 'STUDENT', 'COLLEGE', 'STADD', 240, 'FIX', '2015-10-01', 'HOSTEL', 'PAID', 'CSS1590099', '2015-10-27', 21, 'F-4-2', 'Beliawanis'),
(100, 'DCE140296', 'STUDENT', 'COLLEGE', 'STADD', 240, 'FIX', '2015-10-01', 'HOSTEL', 'PAID', 'CSS1590100', '2015-10-27', 21, 'F-4-3', 'Beliawanis'),
(101, 'DBA130103', 'STUDENT', 'COLLEGE', 'STADD', 240, 'FIX', '2015-10-01', 'HOSTEL', 'PAID', 'CSS1590101', '2015-10-24', 21, 'F-4-3', 'Beliawanis'),
(102, 'DCS130166', 'STUDENT', 'COLLEGE', 'STADD', 240, 'FIX', '2015-10-01', 'HOSTEL', 'PAID', 'CSS1590102', '2015-10-30', 21, 'F-4-3', 'Beliawanis'),
(103, 'DIT150165', 'STUDENT', 'COLLEGE', 'STADD', 240, 'FIX', '2015-10-01', 'HOSTEL', 'PAID', 'CSS1590103', '2015-10-30', 21, 'F-4-4', 'Beliawanis'),
(104, 'DBA130105', 'STUDENT', 'COLLEGE', 'STADD', 240, 'FIX', '2015-10-01', 'HOSTEL', 'PAID', 'CSS1590104', '2015-10-24', 21, 'F-4-4', 'Beliawanis'),
(105, 'DBA140103', 'STUDENT', 'COLLEGE', 'STADD', 240, 'FIX', '2015-10-01', 'HOSTEL', 'PAID', 'CSS1590105', '2015-10-27', 21, 'F-4-4', 'Beliawanis'),
(106, 'DBA130104', 'STUDENT', 'COLLEGE', 'STADD', 240, 'FIX', '2015-10-01', 'HOSTEL', 'PAID', 'CSS1590106', '2015-10-27', 21, 'F-4-5', 'Beliawanis'),
(107, 'DCE140216', 'STUDENT', 'COLLEGE', 'STADD', 240, 'FIX', '2015-10-01', 'HOSTEL', 'PAID', 'CSS1590107', '2015-10-24', 21, 'F-4-5', 'Beliawanis'),
(108, 'DIT130141', 'STUDENT', 'COLLEGE', 'STADD', 240, 'FIX', '2015-10-01', 'HOSTEL', 'PAID', 'CSS1590108', '2015-10-30', 21, 'F-4-5', 'Beliawanis'),
(109, 'DCE140222', 'STUDENT', 'COLLEGE', 'STADD', 240, 'FIX', '2015-10-01', 'HOSTEL', 'PAID', 'CSS1590109', '2015-10-30', 21, 'G-1-7', 'Beliawanis'),
(110, 'DCS150214', 'STUDENT', 'COLLEGE', 'STADD', 240, 'FIX', '2015-10-01', 'HOSTEL', 'PAID', 'CSS1590110', '2015-10-24', 21, 'G-1-7', 'Beliawanis'),
(111, 'DBA130113', 'STUDENT', 'COLLEGE', 'STADD', 240, 'FIX', '2015-10-01', 'HOSTEL', 'PAID', 'CSS1590111', '2015-10-27', 21, 'G-1-7', 'Beliawanis'),
(112, 'DBA150108', 'STUDENT', 'COLLEGE', 'STADD', 240, 'FIX', '2015-10-01', 'HOSTEL', 'PAID', 'CSS1590112', '2015-10-27', 21, 'G-1-8', 'Beliawanis'),
(113, 'DIC150265', 'STUDENT', 'COLLEGE', 'STADD', 240, 'FIX', '2015-10-01', 'HOSTEL', 'PAID', 'CSS1590113', '2015-10-24', 21, 'G-1-8', 'Beliawanis'),
(114, 'DCE160240', 'STUDENT', 'COLLEGE', 'STADD', 240, 'FIX', '2015-10-01', 'HOSTEL', 'PAID', 'CSS1590114', '2015-10-30', 21, 'G-1-8', 'Beliawanis'),
(115, 'DCS140267', 'STUDENT', 'COLLEGE', 'STADD', 240, 'FIX', '2015-10-01', 'HOSTEL', 'PAID', 'CSS1590115', '2015-10-30', 21, 'G-1-9', 'Beliawanis'),
(116, 'DBA160129', 'STUDENT', 'COLLEGE', 'STADD', 240, 'FIX', '2015-10-01', 'HOSTEL', 'PAID', 'CSS1590116', '2015-10-24', 21, 'G-1-9', 'Beliawanis'),
(117, 'DBA150113', 'STUDENT', 'COLLEGE', 'STADD', 240, 'FIX', '2015-10-01', 'HOSTEL', 'PAID', 'CSS1590117', '2015-10-27', 21, 'G-1-9', 'Beliawanis'),
(118, 'DIT140253', 'STUDENT', 'COLLEGE', 'STADD', 240, 'FIX', '2015-10-01', 'HOSTEL', 'PAID', 'CSS1590118', '2015-10-27', 21, 'G-1-10', 'Beliawanis'),
(119, 'DIT140255', 'STUDENT', 'COLLEGE', 'STADD', 240, 'FIX', '2015-10-01', 'HOSTEL', 'PAID', 'CSS1590119', '2015-10-24', 21, 'G-1-10', 'Beliawanis'),
(120, 'DBA140234', 'STUDENT', 'COLLEGE', 'STADD', 240, 'FIX', '2015-10-01', 'HOSTEL', 'PAID', 'CSS1590120', '2015-10-30', 21, 'G-1-10', 'Beliawanis'),
(121, 'DIT160157', 'STUDENT', 'COLLEGE', 'STADD', 240, 'FIX', '2015-10-01', 'HOSTEL', 'PAID', 'CSS1590121', '2015-10-30', 21, 'G-1-11', 'Beliawanis'),
(122, 'DIT150155', 'STUDENT', 'COLLEGE', 'STADD', 240, 'FIX', '2015-10-01', 'HOSTEL', 'PAID', 'CSS1590122', '2015-10-24', 21, 'G-1-11', 'Beliawanis'),
(123, 'DIT150159', 'STUDENT', 'COLLEGE', 'STADD', 240, 'FIX', '2015-10-01', 'HOSTEL', 'PAID', 'CSS1590123', '2015-10-27', 21, 'G-1-11', 'Beliawanis'),
(124, 'DBA140237', 'STUDENT', 'COLLEGE', 'STADD', 240, 'FIX', '2015-10-01', 'HOSTEL', 'PAID', 'CSS1590124', '2015-10-27', 21, 'G-2-2', 'Beliawanis'),
(125, 'DBA150126', 'STUDENT', 'COLLEGE', 'STADD', 240, 'FIX', '2015-10-01', 'HOSTEL', 'PAID', 'CSS1590125', '2015-10-24', 21, 'G-2-2', 'Beliawanis'),
(126, 'DCS130173', 'STUDENT', 'COLLEGE', 'STADD', 240, 'FIX', '2015-10-01', 'HOSTEL', 'PAID', 'CSS1590126', '2015-10-30', 21, 'G-2-2', 'Beliawanis'),
(127, 'DIT150193', 'STUDENT', 'COLLEGE', 'STADD', 150, 'DAY', '2015-10-15', 'HOSTEL', 'PAID', 'CSS1590127', '2015-10-30', 21, 'A-1-5', 'Beliawanis'),
(128, 'DIC130186', 'STUDENT', 'COLLEGE', 'STADD', 240, 'FIX', '2015-11-01', 'HOSTEL', 'PAID', 'CSS1590128', '2015-11-30', 22, 'A-1-7', 'Beliawanis'),
(129, 'DBA140101', 'STUDENT', 'COLLEGE', 'STADD', 240, 'FIX', '2015-11-01', 'HOSTEL', 'PAID', 'CSS1590129', '2015-11-30', 22, 'E-2-4', 'Beliawanis'),
(130, 'DCS150214', 'STUDENT', 'COLLEGE', 'STADD', 240, 'FIX', '2015-11-01', 'HOSTEL', 'PAID', 'CSS1590130', '2015-11-27', 22, 'G-1-7', 'Beliawanis'),
(131, 'DIC150269', 'STUDENT', 'COLLEGE', 'STADD', 240, 'FIX', '2015-11-01', 'HOSTEL', 'PAID', 'CSS1590131', '2015-11-27', 22, 'A-1-4', 'Beliawanis'),
(132, 'DIT150169', 'STUDENT', 'COLLEGE', 'STADD', 240, 'FIX', '2015-11-01', 'HOSTEL', 'PAID', 'CSS1590132', '2015-11-25', 22, 'A-1-4', 'Beliawanis'),
(133, 'DBA150112', 'STUDENT', 'COLLEGE', 'STADD', 240, 'FIX', '2015-11-01', 'HOSTEL', 'PAID', 'CSS1590133', '2015-11-30', 22, 'A-1-4', 'Beliawanis'),
(134, 'DIT140252', 'STUDENT', 'COLLEGE', 'STADD', 240, 'FIX', '2015-11-01', 'HOSTEL', 'PAID', 'CSS1590134', '2015-11-23', 22, 'A-1-5', 'Beliawanis'),
(135, 'DIC160203', 'STUDENT', 'COLLEGE', 'STADD', 240, 'FIX', '2015-11-01', 'HOSTEL', 'PAID', 'CSS1590135', '2015-11-25', 22, 'A-1-5', 'Beliawanis'),
(136, 'DCS150216', 'STUDENT', 'COLLEGE', 'STADD', 240, 'FIX', '2015-11-01', 'HOSTEL', 'PAID', 'CSS1590136', '2015-11-23', 22, 'A-1-6', 'Beliawanis'),
(137, 'DBA150109', 'STUDENT', 'COLLEGE', 'STADD', 240, 'FIX', '2015-11-01', 'HOSTEL', 'PAID', 'CSS1590137', '2015-11-25', 22, 'A-1-6', 'Beliawanis'),
(138, 'DIC140285', 'STUDENT', 'COLLEGE', 'STADD', 240, 'FIX', '2015-11-01', 'HOSTEL', 'PAID', 'CSS1590138', '2015-11-30', 22, 'A-1-6', 'Beliawanis'),
(139, 'DBA160117', 'STUDENT', 'COLLEGE', 'STADD', 240, 'FIX', '2015-11-01', 'HOSTEL', 'PAID', 'CSS1590139', '2015-11-25', 22, 'A-1-7', 'Beliawanis'),
(140, 'DBA160120', 'STUDENT', 'COLLEGE', 'STADD', 240, 'FIX', '2015-11-01', 'HOSTEL', 'PAID', 'CSS1590140', '2015-11-30', 22, 'A-1-7', 'Beliawanis'),
(141, 'DCS160197', 'STUDENT', 'COLLEGE', 'STADD', 240, 'FIX', '2015-11-01', 'HOSTEL', 'PAID', 'CSS1590141', '2015-11-27', 22, 'A-1-8', 'Beliawanis'),
(142, 'DCE140218', 'STUDENT', 'COLLEGE', 'STADD', 240, 'FIX', '2015-11-01', 'HOSTEL', 'PAID', 'CSS1590142', '2015-11-24', 22, 'A-1-8', 'Beliawanis'),
(143, 'DIT140257', 'STUDENT', 'COLLEGE', 'STADD', 240, 'FIX', '2015-11-01', 'HOSTEL', 'PAID', 'CSS1590143', '2015-11-30', 22, 'A-1-8', 'Beliawanis'),
(144, 'DIT130146', 'STUDENT', 'COLLEGE', 'STADD', 240, 'FIX', '2015-11-01', 'HOSTEL', 'PAID', 'CSS1590144', '2015-11-27', 22, 'A-3-7', 'Beliawanis'),
(145, 'DCS150220', 'STUDENT', 'COLLEGE', 'STADD', 240, 'FIX', '2015-11-01', 'HOSTEL', 'PAID', 'CSS1590145', '2015-11-24', 22, 'A-3-7', 'Beliawanis'),
(146, 'DBA150122', 'STUDENT', 'COLLEGE', 'STADD', 240, 'FIX', '2015-11-01', 'HOSTEL', 'PAID', 'CSS1590146', '2015-11-30', 22, 'A-3-7', 'Beliawanis'),
(147, 'DBA150123', 'STUDENT', 'COLLEGE', 'STADD', 240, 'FIX', '2015-11-01', 'HOSTEL', 'PAID', 'CSS1590147', '2015-11-27', 22, 'E-2-2', 'Beliawanis'),
(148, 'DIT150166', 'STUDENT', 'COLLEGE', 'STADD', 240, 'FIX', '2015-11-01', 'HOSTEL', 'PAID', 'CSS1590148', '2015-11-24', 22, 'E-2-2', 'Beliawanis'),
(149, 'DBA150105', 'STUDENT', 'COLLEGE', 'STADD', 240, 'FIX', '2015-11-01', 'HOSTEL', 'PAID', 'CSS1590149', '2015-11-30', 22, 'E-2-2', 'Beliawanis'),
(150, 'DCE140215', 'STUDENT', 'COLLEGE', 'STADD', 240, 'FIX', '2015-11-01', 'HOSTEL', 'PAID', 'CSS1590150', '2015-11-27', 22, 'E-2-3', 'Beliawanis'),
(151, 'DCS140145', 'STUDENT', 'COLLEGE', 'STADD', 240, 'FIX', '2015-11-01', 'HOSTEL', 'PAID', 'CSS1590151', '2015-11-24', 22, 'E-2-3', 'Beliawanis'),
(152, 'DIC150253', 'STUDENT', 'COLLEGE', 'STADD', 240, 'FIX', '2015-11-01', 'HOSTEL', 'PAID', 'CSS1590152', '2015-11-30', 22, 'E-2-3', 'Beliawanis'),
(153, 'DCS150205', 'STUDENT', 'COLLEGE', 'STADD', 240, 'FIX', '2015-11-01', 'HOSTEL', 'PAID', 'CSS1590153', '2015-11-27', 22, 'E-2-4', 'Beliawanis'),
(154, 'DIC150256', 'STUDENT', 'COLLEGE', 'STADD', 240, 'FIX', '2015-11-01', 'HOSTEL', 'PAID', 'CSS1590154', '2015-11-30', 22, 'E-2-4', 'Beliawanis'),
(155, 'DBA150110', 'STUDENT', 'COLLEGE', 'STADD', 240, 'FIX', '2015-11-01', 'HOSTEL', 'PAID', 'CSS1590155', '2015-11-30', 22, 'E-2-5', 'Beliawanis'),
(156, 'DIC160216', 'STUDENT', 'COLLEGE', 'STADD', 240, 'FIX', '2015-11-01', 'HOSTEL', 'PAID', 'CSS1590156', '2015-11-24', 22, 'E-2-5', 'Beliawanis'),
(157, 'DCS160189', 'STUDENT', 'COLLEGE', 'STADD', 240, 'FIX', '2015-11-01', 'HOSTEL', 'PAID', 'CSS1590157', '2015-11-27', 22, 'E-2-5', 'Beliawanis'),
(158, 'DCS130172', 'STUDENT', 'COLLEGE', 'STADD', 240, 'FIX', '2015-11-01', 'HOSTEL', 'PAID', 'CSS1590158', '2015-11-24', 22, 'E-3-6', 'Beliawanis'),
(159, 'DIT140130', 'STUDENT', 'COLLEGE', 'STADD', 240, 'FIX', '2015-11-01', 'HOSTEL', 'PAID', 'CSS1590159', '2015-11-30', 22, 'E-3-6', 'Beliawanis'),
(160, 'DIT160149', 'STUDENT', 'COLLEGE', 'STADD', 240, 'FIX', '2015-11-01', 'HOSTEL', 'PAID', 'CSS1590160', '2015-11-30', 22, 'F-4-2', 'Beliawanis'),
(161, 'DCE140220', 'STUDENT', 'COLLEGE', 'STADD', 240, 'FIX', '2015-11-01', 'HOSTEL', 'PAID', 'CSS1590161', '2015-11-24', 22, 'F-4-2', 'Beliawanis'),
(162, 'DCS160202', 'STUDENT', 'COLLEGE', 'STADD', 240, 'FIX', '2015-11-01', 'HOSTEL', 'PAID', 'CSS1590162', '2015-11-27', 22, 'F-4-2', 'Beliawanis'),
(163, 'DCE140296', 'STUDENT', 'COLLEGE', 'STADD', 240, 'FIX', '2015-11-01', 'HOSTEL', 'PAID', 'CSS1590163', '2015-11-27', 22, 'F-4-3', 'Beliawanis'),
(164, 'DBA130103', 'STUDENT', 'COLLEGE', 'STADD', 240, 'FIX', '2015-11-01', 'HOSTEL', 'PAID', 'CSS1590164', '2015-11-24', 22, 'F-4-3', 'Beliawanis'),
(165, 'DCS130166', 'STUDENT', 'COLLEGE', 'STADD', 240, 'FIX', '2015-11-01', 'HOSTEL', 'PAID', 'CSS1590165', '2015-11-30', 22, 'F-4-3', 'Beliawanis'),
(166, 'DIT150165', 'STUDENT', 'COLLEGE', 'STADD', 240, 'FIX', '2015-11-01', 'HOSTEL', 'PAID', 'CSS1590166', '2015-11-30', 22, 'F-4-4', 'Beliawanis'),
(167, 'DBA130105', 'STUDENT', 'COLLEGE', 'STADD', 240, 'FIX', '2015-11-01', 'HOSTEL', 'PAID', 'CSS1590167', '2015-11-24', 22, 'F-4-4', 'Beliawanis'),
(168, 'DBA140103', 'STUDENT', 'COLLEGE', 'STADD', 240, 'FIX', '2015-11-01', 'HOSTEL', 'PAID', 'CSS1590168', '2015-11-27', 22, 'F-4-4', 'Beliawanis'),
(169, 'DBA130104', 'STUDENT', 'COLLEGE', 'STADD', 240, 'FIX', '2015-11-01', 'HOSTEL', 'PAID', 'CSS1590169', '2015-11-27', 22, 'F-4-5', 'Beliawanis'),
(170, 'DCE140216', 'STUDENT', 'COLLEGE', 'STADD', 240, 'FIX', '2015-11-01', 'HOSTEL', 'PAID', 'CSS1590170', '2015-11-24', 22, 'F-4-5', 'Beliawanis'),
(171, 'DIT130141', 'STUDENT', 'COLLEGE', 'STADD', 240, 'FIX', '2015-11-01', 'HOSTEL', 'PAID', 'CSS1590171', '2015-11-30', 22, 'F-4-5', 'Beliawanis'),
(172, 'DCE140222', 'STUDENT', 'COLLEGE', 'STADD', 240, 'FIX', '2015-11-01', 'HOSTEL', 'PAID', 'CSS1590172', '2015-11-30', 22, 'G-1-7', 'Beliawanis'),
(173, 'DBA130113', 'STUDENT', 'COLLEGE', 'STADD', 240, 'FIX', '2015-11-01', 'HOSTEL', 'PAID', 'CSS1590173', '2015-11-27', 22, 'G-1-7', 'Beliawanis'),
(174, 'DBA150108', 'STUDENT', 'COLLEGE', 'STADD', 240, 'FIX', '2015-11-01', 'HOSTEL', 'PAID', 'CSS1590174', '2015-11-27', 22, 'G-1-8', 'Beliawanis'),
(175, 'DIC150265', 'STUDENT', 'COLLEGE', 'STADD', 240, 'FIX', '2015-11-01', 'HOSTEL', 'PAID', 'CSS1590175', '2015-11-24', 22, 'G-1-8', 'Beliawanis'),
(176, 'DCE160240', 'STUDENT', 'COLLEGE', 'STADD', 240, 'FIX', '2015-11-01', 'HOSTEL', 'PAID', 'CSS1590176', '2015-11-30', 22, 'G-1-8', 'Beliawanis'),
(177, 'DCS140267', 'STUDENT', 'COLLEGE', 'STADD', 240, 'FIX', '2015-11-01', 'HOSTEL', 'PAID', 'CSS1590177', '2015-11-30', 22, 'G-1-9', 'Beliawanis'),
(178, 'DBA160129', 'STUDENT', 'COLLEGE', 'STADD', 240, 'FIX', '2015-11-01', 'HOSTEL', 'PAID', 'CSS1590178', '2015-11-24', 22, 'G-1-9', 'Beliawanis'),
(179, 'DBA150113', 'STUDENT', 'COLLEGE', 'STADD', 240, 'FIX', '2015-11-01', 'HOSTEL', 'PAID', 'CSS1590179', '2015-11-27', 22, 'G-1-9', 'Beliawanis'),
(180, 'DIT140253', 'STUDENT', 'COLLEGE', 'STADD', 240, 'FIX', '2015-11-01', 'HOSTEL', 'PAID', 'CSS1590180', '2015-11-27', 22, 'G-1-10', 'Beliawanis'),
(181, 'DIT140255', 'STUDENT', 'COLLEGE', 'STADD', 240, 'FIX', '2015-11-01', 'HOSTEL', 'PAID', 'CSS1590181', '2015-11-24', 22, 'G-1-10', 'Beliawanis'),
(182, 'DBA140234', 'STUDENT', 'COLLEGE', 'STADD', 240, 'FIX', '2015-11-01', 'HOSTEL', 'PAID', 'CSS1590182', '2015-11-30', 22, 'G-1-10', 'Beliawanis'),
(183, 'DIT160157', 'STUDENT', 'COLLEGE', 'STADD', 240, 'FIX', '2015-11-01', 'HOSTEL', 'PAID', 'CSS1590183', '2015-11-30', 22, 'G-1-11', 'Beliawanis'),
(184, 'DIT150155', 'STUDENT', 'COLLEGE', 'STADD', 240, 'FIX', '2015-11-01', 'HOSTEL', 'PAID', 'CSS1590184', '2015-11-24', 22, 'G-1-11', 'Beliawanis'),
(185, 'DIT150159', 'STUDENT', 'COLLEGE', 'STADD', 240, 'FIX', '2015-11-01', 'HOSTEL', 'PAID', 'CSS1590185', '2015-11-27', 22, 'G-1-11', 'Beliawanis'),
(186, 'DBA140237', 'STUDENT', 'COLLEGE', 'STADD', 240, 'FIX', '2015-11-01', 'HOSTEL', 'PAID', 'CSS1590186', '2015-11-27', 22, 'G-2-2', 'Beliawanis'),
(187, 'DBA150126', 'STUDENT', 'COLLEGE', 'STADD', 240, 'FIX', '2015-11-01', 'HOSTEL', 'PAID', 'CSS1590187', '2015-11-24', 22, 'G-2-2', 'Beliawanis'),
(188, 'DCS130173', 'STUDENT', 'COLLEGE', 'STADD', 240, 'FIX', '2015-11-01', 'HOSTEL', 'PAID', 'CSS1590188', '2015-11-30', 22, 'G-2-2', 'Beliawanis'),
(189, 'DCS150201', 'STUDENT', 'COLLEGE', 'STADD', 240, 'FIX', '2015-12-03', 'HOSTEL', 'PAID', 'CSS1590189', '2015-12-24', 23, 'E-2-4', 'Beliawanis'),
(190, 'DIT160155', 'STUDENT', 'COLLEGE', 'STADD', 240, 'FIX', '2015-12-01', 'HOSTEL', 'PAID', 'CSS1590190', '2015-12-30', 23, 'E-3-6', 'Beliawanis'),
(191, 'DIT150193', 'STUDENT', 'COLLEGE', 'STADD', 240, 'FIX', '2015-11-01', 'HOSTEL', 'PAID', 'CSS1590191', '2015-11-30', 22, 'A-1-5', 'Beliawanis'),
(192, 'DIC130186', 'STUDENT', 'COLLEGE', 'STADD', 240, 'FIX', '2015-12-01', 'HOSTEL', 'PAID', 'CSS1590192', '2015-12-30', 23, 'A-1-7', 'Beliawanis'),
(194, 'DCS150214', 'STUDENT', 'COLLEGE', 'STADD', 240, 'FIX', '2015-12-01', 'HOSTEL', 'PAID', 'CSS1590194', '2015-12-27', 23, 'G-1-7', 'Beliawanis'),
(195, 'DIC150269', 'STUDENT', 'COLLEGE', 'STADD', 240, 'FIX', '2015-12-01', 'HOSTEL', 'PAID', 'CSS1590195', '2015-12-27', 23, 'A-1-4', 'Beliawanis'),
(196, 'DIT150169', 'STUDENT', 'COLLEGE', 'STADD', 240, 'FIX', '2015-12-01', 'HOSTEL', 'PAID', 'CSS1590196', '2015-12-25', 23, 'A-1-4', 'Beliawanis'),
(197, 'DBA150112', 'STUDENT', 'COLLEGE', 'STADD', 240, 'FIX', '2015-12-01', 'HOSTEL', 'PAID', 'CSS1590197', '2015-12-30', 23, 'A-1-4', 'Beliawanis'),
(198, 'DIT140252', 'STUDENT', 'COLLEGE', 'STADD', 240, 'FIX', '2015-12-01', 'HOSTEL', 'PAID', 'CSS1590198', '2015-12-23', 23, 'A-1-5', 'Beliawanis'),
(199, 'DIC160203', 'STUDENT', 'COLLEGE', 'STADD', 240, 'FIX', '2015-12-01', 'HOSTEL', 'PAID', 'CSS1590199', '2015-12-25', 23, 'A-1-5', 'Beliawanis'),
(200, 'DCS150216', 'STUDENT', 'COLLEGE', 'STADD', 240, 'FIX', '2015-12-01', 'HOSTEL', 'PAID', 'CSS1590200', '2015-12-23', 23, 'A-1-6', 'Beliawanis'),
(201, 'DBA150109', 'STUDENT', 'COLLEGE', 'STADD', 240, 'FIX', '2015-12-01', 'HOSTEL', 'PAID', 'CSS1590201', '2015-12-25', 23, 'A-1-6', 'Beliawanis'),
(202, 'DIC140285', 'STUDENT', 'COLLEGE', 'STADD', 240, 'FIX', '2015-12-01', 'HOSTEL', 'PAID', 'CSS1590202', '2015-12-30', 23, 'A-1-6', 'Beliawanis'),
(203, 'DBA160117', 'STUDENT', 'COLLEGE', 'STADD', 240, 'FIX', '2015-12-01', 'HOSTEL', 'PAID', 'CSS1590203', '2015-12-25', 23, 'A-1-7', 'Beliawanis'),
(204, 'DBA160120', 'STUDENT', 'COLLEGE', 'STADD', 240, 'FIX', '2015-12-01', 'HOSTEL', 'PAID', 'CSS1590204', '2015-12-30', 23, 'A-1-7', 'Beliawanis'),
(205, 'DCS130166', 'STUDENT', 'COLLEGE', 'STADD', 240, 'FIX', '2015-12-01', 'HOSTEL', 'PAID', 'CSS1590205', '2015-12-30', 23, 'F-4-3', 'Beliawanis'),
(206, 'DBA130103', 'STUDENT', 'COLLEGE', 'STADD', 240, 'FIX', '2015-12-01', 'HOSTEL', 'PAID', 'CSS1590206', '2015-12-24', 23, 'F-4-3', 'Beliawanis'),
(207, 'DCE140296', 'STUDENT', 'COLLEGE', 'STADD', 240, 'FIX', '2015-12-01', 'HOSTEL', 'PAID', 'CSS1590207', '2015-12-27', 23, 'F-4-3', 'Beliawanis'),
(208, 'DCS160202', 'STUDENT', 'COLLEGE', 'STADD', 240, 'FIX', '2015-12-01', 'HOSTEL', 'PAID', 'CSS1590208', '2015-12-27', 23, 'F-4-2', 'Beliawanis'),
(209, 'DCE140220', 'STUDENT', 'COLLEGE', 'STADD', 240, 'FIX', '2015-12-01', 'HOSTEL', 'PAID', 'CSS1590209', '2015-12-24', 23, 'F-4-2', 'Beliawanis'),
(210, 'DIT160149', 'STUDENT', 'COLLEGE', 'STADD', 240, 'FIX', '2015-12-01', 'HOSTEL', 'PAID', 'CSS1590210', '2015-12-30', 23, 'F-4-2', 'Beliawanis'),
(211, 'DIT140130', 'STUDENT', 'COLLEGE', 'STADD', 240, 'FIX', '2015-12-01', 'HOSTEL', 'PAID', 'CSS1590211', '2015-12-30', 23, 'E-3-6', 'Beliawanis'),
(212, 'DCS130172', 'STUDENT', 'COLLEGE', 'STADD', 240, 'FIX', '2015-12-01', 'HOSTEL', 'PAID', 'CSS1590212', '2015-12-24', 23, 'E-3-6', 'Beliawanis'),
(213, 'DCS160189', 'STUDENT', 'COLLEGE', 'STADD', 240, 'FIX', '2015-12-01', 'HOSTEL', 'PAID', 'CSS1590213', '2015-12-27', 23, 'E-2-5', 'Beliawanis'),
(214, 'DIC160216', 'STUDENT', 'COLLEGE', 'STADD', 240, 'FIX', '2015-12-01', 'HOSTEL', 'PAID', 'CSS1590214', '2015-12-24', 23, 'E-2-5', 'Beliawanis'),
(215, 'DBA150110', 'STUDENT', 'COLLEGE', 'STADD', 240, 'FIX', '2015-12-01', 'HOSTEL', 'PAID', 'CSS1590215', '2015-12-30', 23, 'E-2-5', 'Beliawanis'),
(216, 'DIC150256', 'STUDENT', 'COLLEGE', 'STADD', 240, 'FIX', '2015-12-01', 'HOSTEL', 'PAID', 'CSS1590216', '2015-12-30', 23, 'E-2-4', 'Beliawanis'),
(217, 'DCS150205', 'STUDENT', 'COLLEGE', 'STADD', 240, 'FIX', '2015-12-01', 'HOSTEL', 'PAID', 'CSS1590217', '2015-12-27', 23, 'E-2-4', 'Beliawanis'),
(218, 'DIC150253', 'STUDENT', 'COLLEGE', 'STADD', 240, 'FIX', '2015-12-01', 'HOSTEL', 'PAID', 'CSS1590218', '2015-12-30', 23, 'E-2-3', 'Beliawanis'),
(219, 'DCS140145', 'STUDENT', 'COLLEGE', 'STADD', 240, 'FIX', '2015-12-01', 'HOSTEL', 'PAID', 'CSS1590219', '2015-12-24', 23, 'E-2-3', 'Beliawanis'),
(220, 'DCS140267', 'STUDENT', 'COLLEGE', 'STADD', 240, 'FIX', '2015-12-01', 'HOSTEL', 'PAID', 'CSS1590220', '2015-12-30', 23, 'G-1-9', 'Beliawanis'),
(221, 'DCE160240', 'STUDENT', 'COLLEGE', 'STADD', 240, 'FIX', '2015-12-01', 'HOSTEL', 'PAID', 'CSS1590221', '2015-12-30', 23, 'G-1-8', 'Beliawanis'),
(222, 'DIC150265', 'STUDENT', 'COLLEGE', 'STADD', 240, 'FIX', '2015-12-01', 'HOSTEL', 'PAID', 'CSS1590222', '2015-12-24', 23, 'G-1-8', 'Beliawanis'),
(223, 'DBA150108', 'STUDENT', 'COLLEGE', 'STADD', 240, 'FIX', '2015-12-01', 'HOSTEL', 'PAID', 'CSS1590223', '2015-12-27', 23, 'G-1-8', 'Beliawanis'),
(224, 'DBA130113', 'STUDENT', 'COLLEGE', 'STADD', 240, 'FIX', '2015-12-01', 'HOSTEL', 'PAID', 'CSS1590224', '2015-12-27', 23, 'G-1-7', 'Beliawanis'),
(225, 'DCE140222', 'STUDENT', 'COLLEGE', 'STADD', 240, 'FIX', '2015-12-01', 'HOSTEL', 'PAID', 'CSS1590225', '2015-12-30', 23, 'G-1-7', 'Beliawanis'),
(226, 'DIT130141', 'STUDENT', 'COLLEGE', 'STADD', 240, 'FIX', '2015-12-01', 'HOSTEL', 'PAID', 'CSS1590226', '2015-12-30', 23, 'F-4-5', 'Beliawanis'),
(227, 'DCE140216', 'STUDENT', 'COLLEGE', 'STADD', 240, 'FIX', '2015-12-01', 'HOSTEL', 'PAID', 'CSS1590227', '2015-12-24', 23, 'F-4-5', 'Beliawanis'),
(228, 'DBA130104', 'STUDENT', 'COLLEGE', 'STADD', 240, 'FIX', '2015-12-01', 'HOSTEL', 'PAID', 'CSS1590228', '2015-12-27', 23, 'F-4-5', 'Beliawanis'),
(229, 'DBA140103', 'STUDENT', 'COLLEGE', 'STADD', 240, 'FIX', '2015-12-01', 'HOSTEL', 'PAID', 'CSS1590229', '2015-12-27', 23, 'F-4-4', 'Beliawanis'),
(230, 'DBA130105', 'STUDENT', 'COLLEGE', 'STADD', 240, 'FIX', '2015-12-01', 'HOSTEL', 'PAID', 'CSS1590230', '2015-12-24', 23, 'F-4-4', 'Beliawanis'),
(231, 'DIT150165', 'STUDENT', 'COLLEGE', 'STADD', 240, 'FIX', '2015-12-01', 'HOSTEL', 'PAID', 'CSS1590231', '2015-12-30', 23, 'F-4-4', 'Beliawanis'),
(232, 'DCS130173', 'STUDENT', 'COLLEGE', 'STADD', 240, 'FIX', '2015-12-01', 'HOSTEL', 'PAID', 'CSS1590232', '2015-12-30', 23, 'G-2-2', 'Beliawanis'),
(233, 'DBA150126', 'STUDENT', 'COLLEGE', 'STADD', 240, 'FIX', '2015-12-01', 'HOSTEL', 'PAID', 'CSS1590233', '2015-12-24', 23, 'G-2-2', 'Beliawanis'),
(234, 'DBA140237', 'STUDENT', 'COLLEGE', 'STADD', 240, 'FIX', '2015-12-01', 'HOSTEL', 'PAID', 'CSS1590234', '2015-12-27', 23, 'G-2-2', 'Beliawanis'),
(235, 'DIT150159', 'STUDENT', 'COLLEGE', 'STADD', 240, 'FIX', '2015-12-01', 'HOSTEL', 'PAID', 'CSS1590235', '2015-12-27', 23, 'G-1-11', 'Beliawanis'),
(236, 'DIT150155', 'STUDENT', 'COLLEGE', 'STADD', 240, 'FIX', '2015-12-01', 'HOSTEL', 'PAID', 'CSS1590236', '2015-12-24', 23, 'G-1-11', 'Beliawanis'),
(237, 'DIT160157', 'STUDENT', 'COLLEGE', 'STADD', 240, 'FIX', '2015-12-01', 'HOSTEL', 'PAID', 'CSS1590237', '2015-12-30', 23, 'G-1-11', 'Beliawanis'),
(238, 'DBA140234', 'STUDENT', 'COLLEGE', 'STADD', 240, 'FIX', '2015-12-01', 'HOSTEL', 'PAID', 'CSS1590238', '2015-12-30', 23, 'G-1-10', 'Beliawanis'),
(239, 'DIT140255', 'STUDENT', 'COLLEGE', 'STADD', 240, 'FIX', '2015-12-01', 'HOSTEL', 'PAID', 'CSS1590239', '2015-12-24', 23, 'G-1-10', 'Beliawanis'),
(240, 'DIT140253', 'STUDENT', 'COLLEGE', 'STADD', 240, 'FIX', '2015-12-01', 'HOSTEL', 'PAID', 'CSS1590240', '2015-12-27', 23, 'G-1-10', 'Beliawanis'),
(241, 'DBA150113', 'STUDENT', 'COLLEGE', 'STADD', 240, 'FIX', '2015-12-01', 'HOSTEL', 'PAID', 'CSS1590241', '2015-12-27', 23, 'G-1-9', 'Beliawanis'),
(242, 'DBA160129', 'STUDENT', 'COLLEGE', 'STADD', 240, 'FIX', '2015-12-01', 'HOSTEL', 'PAID', 'CSS1590242', '2015-12-24', 23, 'G-1-9', 'Beliawanis'),
(243, 'DBA150123', 'STUDENT', 'COLLEGE', 'STADD', 240, 'FIX', '2015-12-01', 'HOSTEL', 'PAID', 'CSS1590243', '2015-12-27', 23, 'E-2-2', 'Beliawanis'),
(244, 'DIT150166', 'STUDENT', 'COLLEGE', 'STADD', 240, 'FIX', '2015-12-01', 'HOSTEL', 'PAID', 'CSS1590244', '2015-12-24', 23, 'E-2-2', 'Beliawanis'),
(245, 'DBA150105', 'STUDENT', 'COLLEGE', 'STADD', 240, 'FIX', '2015-12-01', 'HOSTEL', 'PAID', 'CSS1590245', '2015-12-30', 23, 'E-2-2', 'Beliawanis'),
(246, 'DIT130146', 'STUDENT', 'COLLEGE', 'STADD', 240, 'FIX', '2015-12-01', 'HOSTEL', 'PAID', 'CSS1590246', '2015-12-27', 23, 'A-3-7', 'Beliawanis'),
(247, 'DCS150220', 'STUDENT', 'COLLEGE', 'STADD', 240, 'FIX', '2015-12-01', 'HOSTEL', 'PAID', 'CSS1590247', '2015-12-24', 23, 'A-3-7', 'Beliawanis'),
(248, 'DBA150122', 'STUDENT', 'COLLEGE', 'STADD', 240, 'FIX', '2015-12-01', 'HOSTEL', 'PAID', 'CSS1590248', '2015-12-30', 23, 'A-3-7', 'Beliawanis'),
(249, 'DCE140215', 'STUDENT', 'COLLEGE', 'STADD', 240, 'FIX', '2015-12-01', 'HOSTEL', 'PAID', 'CSS1590249', '2015-12-27', 23, 'E-2-3', 'Beliawanis'),
(250, 'DIT150193', 'STUDENT', 'COLLEGE', 'STADD', 240, 'FIX', '2015-12-01', 'HOSTEL', 'PAID', 'CSS1590250', '2015-12-30', 23, 'A-1-5', 'Beliawanis'),
(251, 'DCE140218', 'STUDENT', 'COLLEGE', 'STADD', 240, 'FIX', '2015-12-01', 'HOSTEL', 'PAID', 'CSS1590251', '2015-12-24', 23, 'A-1-8', 'Beliawanis'),
(252, 'DCS160197', 'STUDENT', 'COLLEGE', 'STADD', 240, 'FIX', '2015-12-01', 'HOSTEL', 'PAID', 'CSS1590252', '2015-12-27', 23, 'A-1-8', 'Beliawanis'),
(253, 'DIT140257', 'STUDENT', 'COLLEGE', 'STADD', 240, 'FIX', '2015-12-01', 'HOSTEL', 'PAID', 'CSS1590253', '2015-12-30', 23, 'A-1-8', 'Beliawanis'),
(254, 'DCE140218', 'STUDENT', 'COLLEGE', 'STADD', 100, 'DAY', '2016-01-01', 'HOSTEL', 'INVOICED', '', '', 24, 'A-1-8', 'Beliawanis'),
(255, 'DIT130146', 'STUDENT', 'COLLEGE', 'STADD', 40, 'DAY', '2016-01-01', 'HOSTEL', 'PAID', 'CSS1590255', '2016-01-04', 24, 'A-3-7', 'Beliawanis'),
(256, 'DCE140215', 'STUDENT', 'COLLEGE', 'STADD', 80, 'DAY', '2016-01-01', 'HOSTEL', 'PAID', 'CSS1590256', '2016-01-08', 24, 'E-2-3', 'Beliawanis'),
(257, 'DCS140145', 'STUDENT', 'COLLEGE', 'STADD', 80, 'DAY', '2016-01-01', 'HOSTEL', 'INVOICED', '', '', 24, 'E-2-3', 'Beliawanis'),
(258, 'DCE140220', 'STUDENT', 'COLLEGE', 'STADD', 80, 'DAY', '2016-01-01', 'HOSTEL', 'INVOICED', '', '', 24, 'F-4-2', 'Beliawanis'),
(259, 'DCS130173', 'STUDENT', 'COLLEGE', 'STADD', 150, 'DAY', '2016-01-01', 'HOSTEL', 'INVOICED', '', '', 24, 'G-2-2', 'Beliawanis'),
(260, 'DBA130103', 'STUDENT', 'COLLEGE', 'STADD', 240, 'FIX', '2016-01-01', 'HOSTEL', 'PAID', 'CSS1590260', '2016-01-30', 24, 'F-4-3', 'Beliawanis'),
(261, 'DCS130166', 'STUDENT', 'COLLEGE', 'STADD', 240, 'FIX', '2016-01-01', 'HOSTEL', 'INVOICED', '', '', 24, 'F-4-3', 'Beliawanis'),
(263, 'DCS150216', 'STUDENT', 'COLLEGE', 'STADD', 240, 'FIX', '2016-01-01', 'HOSTEL', 'PAID', 'CSS1590263', '2016-01-29', 24, 'A-1-6', 'Beliawanis'),
(264, 'DIC160203', 'STUDENT', 'COLLEGE', 'STADD', 240, 'FIX', '2016-01-01', 'HOSTEL', 'PAID', 'CSS1590264', '2016-01-29', 24, 'A-1-5', 'Beliawanis'),
(265, 'DIT140252', 'STUDENT', 'COLLEGE', 'STADD', 240, 'FIX', '2016-01-01', 'HOSTEL', 'PAID', 'CSS1590265', '2016-01-29', 24, 'A-1-5', 'Beliawanis'),
(266, 'DBA150112', 'STUDENT', 'COLLEGE', 'STADD', 240, 'FIX', '2016-01-01', 'HOSTEL', 'PAID', 'CSS1590266', '2016-01-29', 24, 'A-1-4', 'Beliawanis'),
(267, 'DIT150169', 'STUDENT', 'COLLEGE', 'STADD', 240, 'FIX', '2016-01-01', 'HOSTEL', 'PAID', 'CSS1590267', '2016-01-29', 24, 'A-1-4', 'Beliawanis'),
(268, 'DIC150269', 'STUDENT', 'COLLEGE', 'STADD', 240, 'FIX', '2016-01-01', 'HOSTEL', 'PAID', 'CSS1590268', '2016-01-29', 24, 'A-1-4', 'Beliawanis'),
(269, 'DCS150214', 'STUDENT', 'COLLEGE', 'STADD', 240, 'FIX', '2015-12-01', 'HOSTEL', 'PAID', 'CSS1590269', '2016-01-29', 24, 'G-1-7', 'Beliawanis'),
(271, 'DIC130186', 'STUDENT', 'COLLEGE', 'STADD', 240, 'FIX', '2016-01-01', 'HOSTEL', 'PAID', 'CSS1590271', '2016-01-29', 24, 'A-1-7', 'Beliawanis'),
(272, 'DIT160155', 'STUDENT', 'COLLEGE', 'STADD', 240, 'FIX', '2016-01-01', 'HOSTEL', 'PAID', 'CSS1590272', '2016-01-29', 24, 'E-3-6', 'Beliawanis'),
(273, 'DCS150201', 'STUDENT', 'COLLEGE', 'STADD', 240, 'FIX', '2016-01-01', 'HOSTEL', 'PAID', 'CSS1590273', '2016-01-29', 24, 'E-2-4', 'Beliawanis'),
(274, 'DIT160149', 'STUDENT', 'COLLEGE', 'STADD', 240, 'FIX', '2016-01-01', 'HOSTEL', 'PAID', 'CSS1590274', '2016-01-25', 24, 'F-4-2', 'Beliawanis'),
(275, 'DCS160202', 'STUDENT', 'COLLEGE', 'STADD', 240, 'FIX', '2016-01-01', 'HOSTEL', 'PAID', 'CSS1590275', '2016-01-25', 24, 'F-4-2', 'Beliawanis'),
(276, 'DCE140296', 'STUDENT', 'COLLEGE', 'STADD', 240, 'FIX', '2016-01-01', 'HOSTEL', 'INVOICED', '', '', 24, 'F-4-3', 'Beliawanis'),
(277, 'DBA160120', 'STUDENT', 'COLLEGE', 'STADD', 240, 'FIX', '2016-01-01', 'HOSTEL', 'INVOICED', '', '', 24, 'A-1-7', 'Beliawanis'),
(278, 'DBA160117', 'STUDENT', 'COLLEGE', 'STADD', 240, 'FIX', '2016-01-01', 'HOSTEL', 'INVOICED', '', '', 24, 'A-1-7', 'Beliawanis'),
(279, 'DIC140285', 'STUDENT', 'COLLEGE', 'STADD', 240, 'FIX', '2016-01-01', 'HOSTEL', 'PAID', 'CSS1590279', '2016-01-25', 24, 'A-1-6', 'Beliawanis'),
(280, 'DBA150109', 'STUDENT', 'COLLEGE', 'STADD', 240, 'FIX', '2016-01-01', 'HOSTEL', 'INVOICED', '', '', 24, 'A-1-6', 'Beliawanis'),
(281, 'DCS140267', 'STUDENT', 'COLLEGE', 'STADD', 240, 'FIX', '2016-01-01', 'HOSTEL', 'PAID', 'CSS1590281', '2016-01-24', 24, 'G-1-9', 'Beliawanis'),
(282, 'DCS140145', 'STUDENT', 'COLLEGE', 'STADD', 240, 'FIX', '2016-01-01', 'HOSTEL', 'PAID', 'CSS1590282', '2016-01-24', 24, 'E-2-3', 'Beliawanis'),
(283, 'DIC150253', 'STUDENT', 'COLLEGE', 'STADD', 240, 'FIX', '2016-01-01', 'HOSTEL', 'PAID', 'CSS1590283', '2016-01-24', 24, 'E-2-3', 'Beliawanis'),
(284, 'DCS150205', 'STUDENT', 'COLLEGE', 'STADD', 240, 'FIX', '2016-01-01', 'HOSTEL', 'PAID', 'CSS1590284', '2016-01-24', 24, 'E-2-4', 'Beliawanis'),
(285, 'DIC150256', 'STUDENT', 'COLLEGE', 'STADD', 240, 'FIX', '2016-01-01', 'HOSTEL', 'PAID', 'CSS1590285', '2016-01-24', 24, 'E-2-4', 'Beliawanis'),
(286, 'DBA150110', 'STUDENT', 'COLLEGE', 'STADD', 240, 'FIX', '2016-01-01', 'HOSTEL', 'PAID', 'CSS1590286', '2016-01-24', 24, 'E-2-5', 'Beliawanis'),
(287, 'DIC160216', 'STUDENT', 'COLLEGE', 'STADD', 240, 'FIX', '2016-01-01', 'HOSTEL', 'PAID', 'CSS1590287', '2016-01-24', 24, 'E-2-5', 'Beliawanis'),
(288, 'DCS160189', 'STUDENT', 'COLLEGE', 'STADD', 240, 'FIX', '2016-01-01', 'HOSTEL', 'PAID', 'CSS1590288', '2016-01-24', 24, 'E-2-5', 'Beliawanis'),
(289, 'DCS130172', 'STUDENT', 'COLLEGE', 'STADD', 240, 'FIX', '2016-01-01', 'HOSTEL', 'PAID', 'CSS1590289', '2016-01-24', 24, 'E-3-6', 'Beliawanis'),
(290, 'DIT140130', 'STUDENT', 'COLLEGE', 'STADD', 240, 'FIX', '2016-01-01', 'HOSTEL', 'PAID', 'CSS1590290', '2016-01-24', 24, 'E-3-6', 'Beliawanis'),
(291, 'DBA130105', 'STUDENT', 'COLLEGE', 'STADD', 240, 'FIX', '2016-01-01', 'HOSTEL', 'PAID', 'CSS1590291', '2016-01-25', 24, 'F-4-4', 'Beliawanis'),
(292, 'DBA140103', 'STUDENT', 'COLLEGE', 'STADD', 240, 'FIX', '2016-01-01', 'HOSTEL', 'PAID', 'CSS1590292', '2016-01-25', 24, 'F-4-4', 'Beliawanis'),
(293, 'DBA130104', 'STUDENT', 'COLLEGE', 'STADD', 240, 'FIX', '2016-01-01', 'HOSTEL', 'PAID', 'CSS1590293', '2016-01-25', 24, 'F-4-5', 'Beliawanis'),
(294, 'DCE140216', 'STUDENT', 'COLLEGE', 'STADD', 240, 'FIX', '2016-01-01', 'HOSTEL', 'PAID', 'CSS1590294', '2016-01-25', 24, 'F-4-5', 'Beliawanis'),
(295, 'DIT130141', 'STUDENT', 'COLLEGE', 'STADD', 240, 'FIX', '2016-01-01', 'HOSTEL', 'PAID', 'CSS1590048', '2016-01-30', 24, 'F-4-5', 'Beliawanis'),
(296, 'DCE140222', 'STUDENT', 'COLLEGE', 'STADD', 240, 'FIX', '2016-01-01', 'HOSTEL', 'PAID', 'CSS1590296', '2016-01-25', 24, 'G-1-7', 'Beliawanis'),
(297, 'DBA130113', 'STUDENT', 'COLLEGE', 'STADD', 240, 'FIX', '2016-01-01', 'HOSTEL', 'PAID', 'CSS1590297', '2016-01-25', 24, 'G-1-7', 'Beliawanis'),
(298, 'DBA150108', 'STUDENT', 'COLLEGE', 'STADD', 240, 'FIX', '2016-01-01', 'HOSTEL', 'PAID', 'CSS1590298', '2016-01-25', 24, 'G-1-8', 'Beliawanis'),
(299, 'DIC150265', 'STUDENT', 'COLLEGE', 'STADD', 240, 'FIX', '2016-01-01', 'HOSTEL', 'PAID', 'CSS1590299', '2016-01-25', 24, 'G-1-8', 'Beliawanis'),
(300, 'DCE160240', 'STUDENT', 'COLLEGE', 'STADD', 240, 'FIX', '2016-01-01', 'HOSTEL', 'PAID', 'CSS1590300', '2016-01-25', 24, 'G-1-8', 'Beliawanis'),
(301, 'DIT140253', 'STUDENT', 'COLLEGE', 'STADD', 240, 'FIX', '2016-01-01', 'HOSTEL', 'PAID', 'CSS1590301', '2016-01-29', 24, 'G-1-10', 'Beliawanis'),
(302, 'DIT140255', 'STUDENT', 'COLLEGE', 'STADD', 240, 'FIX', '2016-01-01', 'HOSTEL', 'PAID', 'CSS1590302', '2016-01-29', 24, 'G-1-10', 'Beliawanis'),
(303, 'DBA140234', 'STUDENT', 'COLLEGE', 'STADD', 240, 'FIX', '2016-01-01', 'HOSTEL', 'PAID', 'CSS1590303', '2016-01-29', 24, 'G-1-10', 'Beliawanis'),
(304, 'DIT160157', 'STUDENT', 'COLLEGE', 'STADD', 240, 'FIX', '2016-01-01', 'HOSTEL', 'PAID', 'CSS1590304', '2016-01-29', 24, 'G-1-11', 'Beliawanis'),
(305, 'DIT150155', 'STUDENT', 'COLLEGE', 'STADD', 240, 'FIX', '2016-01-01', 'HOSTEL', 'PAID', 'CSS1590305', '2016-01-29', 24, 'G-1-11', 'Beliawanis'),
(306, 'DIT150159', 'STUDENT', 'COLLEGE', 'STADD', 240, 'FIX', '2016-01-01', 'HOSTEL', 'PAID', 'CSS1590306', '2016-01-29', 24, 'G-1-11', 'Beliawanis'),
(307, 'DBA140237', 'STUDENT', 'COLLEGE', 'STADD', 240, 'FIX', '2016-01-01', 'HOSTEL', 'PAID', 'CSS1590307', '2016-01-29', 24, 'G-2-2', 'Beliawanis'),
(308, 'DBA150126', 'STUDENT', 'COLLEGE', 'STADD', 240, 'FIX', '2016-01-01', 'HOSTEL', 'PAID', 'CSS1590308', '2016-01-29', 24, 'G-2-2', 'Beliawanis'),
(309, 'DIT150165', 'STUDENT', 'COLLEGE', 'STADD', 240, 'FIX', '2016-01-01', 'HOSTEL', 'PAID', 'CSS1590309', '2016-01-29', 24, 'F-4-4', 'Beliawanis'),
(310, 'DIT150193', 'STUDENT', 'COLLEGE', 'STADD', 240, 'FIX', '2016-01-01', 'HOSTEL', 'PAID', 'CSS1590310', '2016-01-23', 24, 'A-1-5', 'Beliawanis'),
(311, 'DBA150122', 'STUDENT', 'COLLEGE', 'STADD', 240, 'FIX', '2016-01-01', 'HOSTEL', 'PAID', 'CSS1590311', '2016-01-23', 24, 'A-3-7', 'Beliawanis'),
(312, 'DCS150220', 'STUDENT', 'COLLEGE', 'STADD', 240, 'FIX', '2016-01-01', 'HOSTEL', 'PAID', 'CSS1590312', '2016-01-23', 24, 'A-3-7', 'Beliawanis'),
(313, 'DIT130146', 'STUDENT', 'COLLEGE', 'STADD', 240, 'FIX', '2016-01-01', 'HOSTEL', 'PAID', 'CSS1590313', '2016-01-23', 24, 'A-3-7', 'Beliawanis'),
(314, 'DBA150105', 'STUDENT', 'COLLEGE', 'STADD', 240, 'FIX', '2016-01-01', 'HOSTEL', 'PAID', 'CSS1590314', '2016-01-23', 24, 'E-2-2', 'Beliawanis'),
(315, 'DIT150166', 'STUDENT', 'COLLEGE', 'STADD', 240, 'FIX', '2016-01-01', 'HOSTEL', 'PAID', 'CSS1590315', '2016-01-23', 24, 'E-2-2', 'Beliawanis'),
(316, 'DBA150123', 'STUDENT', 'COLLEGE', 'STADD', 240, 'FIX', '2016-01-01', 'HOSTEL', 'PAID', 'CSS1590316', '2016-01-23', 24, 'E-2-2', 'Beliawanis'),
(317, 'DBA160129', 'STUDENT', 'COLLEGE', 'STADD', 240, 'FIX', '2016-01-01', 'HOSTEL', 'PAID', 'CSS1590317', '2016-01-23', 24, 'G-1-9', 'Beliawanis'),
(318, 'DBA150113', 'STUDENT', 'COLLEGE', 'STADD', 240, 'FIX', '2016-01-01', 'HOSTEL', 'PAID', 'CSS1590318', '2016-01-23', 24, 'G-1-9', 'Beliawanis'),
(319, 'DIT140257', 'STUDENT', 'COLLEGE', 'STADD', 240, 'FIX', '2016-01-01', 'HOSTEL', 'INVOICED', '', '', 24, 'A-1-8', 'Beliawanis'),
(320, 'DCS160197', 'STUDENT', 'COLLEGE', 'STADD', 240, 'FIX', '2016-01-01', 'HOSTEL', 'INVOICED', '', '', 24, 'A-1-8', 'Beliawanis'),
(321, 'DCS150216', 'STUDENT', 'COLLEGE', 'STADD', 240, 'FIX', '2016-02-01', 'HOSTEL', 'PAID', 'CSS1590321', '2016-02-28', 25, 'A-1-6', 'Beliawanis'),
(322, 'DBA150110', 'STUDENT', 'COLLEGE', 'STADD', 240, 'FIX', '2016-02-01', 'HOSTEL', 'INVOICED', '', '', 25, 'E-2-5', 'Beliawanis'),
(323, 'DCS150209', 'STUDENT', 'COLLEGE', 'STADD', 210, 'DAY', '2016-02-08', 'HOSTEL', 'PAID', 'CSS1590323', '2016-02-29', 25, 'A-1-8', 'Beliawanis'),
(324, 'DIT160158', 'STUDENT', 'COLLEGE', 'STADD', 240, 'FIX', '2016-02-01', 'HOSTEL', 'PAID', 'CSS1590324', '2016-02-29', 25, 'A-3-7', 'Beliawanis'),
(325, 'DIC160212', 'STUDENT', 'COLLEGE', 'STADD', 240, 'FIX', '2016-02-01', 'HOSTEL', 'PAID', 'CSS1590325', '2016-02-29', 25, 'E-2-3', 'Beliawanis'),
(326, 'DIT150160', 'STUDENT', 'COLLEGE', 'STADD', 240, 'FIX', '2016-02-01', 'HOSTEL', 'PAID', 'CSS1590326', '2016-02-29', 25, 'E-2-3', 'Beliawanis'),
(327, 'DBA160125', 'STUDENT', 'COLLEGE', 'STADD', 240, 'FIX', '2016-02-01', 'HOSTEL', 'INVOICED', '', '', 25, 'F-4-2', 'Beliawanis'),
(328, 'DIC150252', 'STUDENT', 'COLLEGE', 'STADD', 240, 'FIX', '2016-02-01', 'HOSTEL', 'PAID', 'CSS1590328', '2016-02-29', 25, 'G-1-7', 'Beliawanis'),
(329, 'DIT140127', 'STUDENT', 'COLLEGE', 'STADD', 240, 'FIX', '2016-02-01', 'HOSTEL', 'PAID', 'CSS1590329', '2016-02-29', 25, 'G-2-2', 'Beliawanis'),
(330, 'DIT130138', 'STUDENT', 'COLLEGE', 'STADD', 240, 'FIX', '2016-02-01', 'HOSTEL', 'PAID', 'CSS1590330', '2016-02-29', 25, 'G-2-3', 'Beliawanis'),
(331, 'DIT160150', 'STUDENT', 'COLLEGE', 'STADD', 240, 'FIX', '2016-02-01', 'HOSTEL', 'PAID', 'CSS1590331', '2016-02-29', 25, 'G-2-3', 'Beliawanis'),
(332, 'DCS150203', 'STUDENT', 'COLLEGE', 'STADD', 240, 'FIX', '2016-02-01', 'HOSTEL', 'PAID', 'CSS1590332', '2016-02-29', 25, 'G-2-3', 'Beliawanis'),
(333, 'DIC150269', 'STUDENT', 'COLLEGE', 'STADD', 240, 'FIX', '2016-02-01', 'HOSTEL', 'PAID', 'CSS1590333', '2016-02-29', 25, 'A-1-4', 'Beliawanis'),
(334, 'DIT150169', 'STUDENT', 'COLLEGE', 'STADD', 240, 'FIX', '2016-02-01', 'HOSTEL', 'PAID', 'CSS1590334', '2016-02-29', 25, 'A-1-4', 'Beliawanis'),
(335, 'DBA150112', 'STUDENT', 'COLLEGE', 'STADD', 240, 'FIX', '2016-02-01', 'HOSTEL', 'PAID', 'CSS1590335', '2016-02-29', 25, 'A-1-4', 'Beliawanis'),
(336, 'DIT140252', 'STUDENT', 'COLLEGE', 'STADD', 240, 'FIX', '2016-02-01', 'HOSTEL', 'PAID', 'CSS1590336', '2016-02-29', 25, 'A-1-5', 'Beliawanis'),
(337, 'DIC160203', 'STUDENT', 'COLLEGE', 'STADD', 240, 'FIX', '2016-02-01', 'HOSTEL', 'PAID', 'CSS1590337', '2016-02-29', 25, 'A-1-5', 'Beliawanis'),
(338, 'DIT150193', 'STUDENT', 'COLLEGE', 'STADD', 240, 'FIX', '2016-02-01', 'HOSTEL', 'PAID', 'CSS1590338', '2016-02-23', 25, 'A-1-5', 'Beliawanis'),
(339, 'DBA150109', 'STUDENT', 'COLLEGE', 'STADD', 240, 'FIX', '2016-02-01', 'HOSTEL', 'INVOICED', '', '', 25, 'A-1-6', 'Beliawanis'),
(340, 'DIC140285', 'STUDENT', 'COLLEGE', 'STADD', 240, 'FIX', '2016-02-01', 'HOSTEL', 'PAID', 'CSS1590339', '2016-02-25', 25, 'A-1-6', 'Beliawanis'),
(341, 'DIC130186', 'STUDENT', 'COLLEGE', 'STADD', 240, 'FIX', '2016-02-01', 'HOSTEL', 'PAID', 'CSS1590341', '2016-02-29', 25, 'A-1-7', 'Beliawanis');
INSERT INTO `pay_details` (`pay_rec_id`, `payer_id`, `payer_type`, `payee_type`, `payee_name`, `amount`, `fee_type`, `date_issued`, `pay_type`, `status`, `pay_voucher`, `date_of_payment`, `fees_id`, `unit_no`, `hos_name`) VALUES
(342, 'DBA160117', 'STUDENT', 'COLLEGE', 'STADD', 240, 'FIX', '2016-02-01', 'HOSTEL', 'INVOICED', '', '', 25, 'A-1-7', 'Beliawanis'),
(343, 'DBA160120', 'STUDENT', 'COLLEGE', 'STADD', 240, 'FIX', '2016-02-01', 'HOSTEL', 'PAID', 'CSS1592222', '2016-03-29', 25, 'A-1-7', 'Beliawanis'),
(344, 'DCS160197', 'STUDENT', 'COLLEGE', 'STADD', 240, 'FIX', '2016-02-01', 'HOSTEL', 'INVOICED', '', '', 25, 'A-1-8', 'Beliawanis'),
(345, 'DIT140257', 'STUDENT', 'COLLEGE', 'STADD', 240, 'FIX', '2016-02-01', 'HOSTEL', 'PAID', 'CSS1591234', '2016-02-29', 25, 'A-1-8', 'Beliawanis'),
(346, 'DCS150220', 'STUDENT', 'COLLEGE', 'STADD', 240, 'FIX', '2016-02-01', 'HOSTEL', 'PAID', 'CSS1590343', '2016-02-23', 25, 'A-3-7', 'Beliawanis'),
(347, 'DBA150122', 'STUDENT', 'COLLEGE', 'STADD', 240, 'FIX', '2016-02-01', 'HOSTEL', 'PAID', 'CSS1590344', '2016-02-23', 25, 'A-3-7', 'Beliawanis'),
(348, 'DBA150123', 'STUDENT', 'COLLEGE', 'STADD', 240, 'FIX', '2016-02-01', 'HOSTEL', 'INVOICED', '', '', 25, 'E-2-2', 'Beliawanis'),
(349, 'DIT150166', 'STUDENT', 'COLLEGE', 'STADD', 240, 'FIX', '2016-02-01', 'HOSTEL', 'PAID', 'CSS1590347', '2016-02-23', 25, 'E-2-2', 'Beliawanis'),
(350, 'DBA150105', 'STUDENT', 'COLLEGE', 'STADD', 240, 'FIX', '2016-02-01', 'HOSTEL', 'PAID', 'CSS1590349', '2016-02-23', 25, 'E-2-2', 'Beliawanis'),
(351, 'DIC150253', 'STUDENT', 'COLLEGE', 'STADD', 240, 'FIX', '2016-02-01', 'HOSTEL', 'PAID', 'CSS1590350', '2016-02-24', 25, 'E-2-3', 'Beliawanis'),
(352, 'DCS150205', 'STUDENT', 'COLLEGE', 'STADD', 240, 'FIX', '2016-02-01', 'HOSTEL', 'PAID', 'CSS15903', '2016-02-24', 25, 'E-2-4', 'Beliawanis'),
(353, 'DCS150201', 'STUDENT', 'COLLEGE', 'STADD', 240, 'FIX', '2016-02-01', 'HOSTEL', 'PAID', 'CSS1590353', '2016-02-29', 25, 'E-2-4', 'Beliawanis'),
(354, 'DIC150256', 'STUDENT', 'COLLEGE', 'STADD', 240, 'FIX', '2016-02-01', 'HOSTEL', 'PAID', 'CSS1590355', '2016-02-24', 25, 'E-2-4', 'Beliawanis'),
(355, 'DIC160216', 'STUDENT', 'COLLEGE', 'STADD', 240, 'FIX', '2016-02-01', 'HOSTEL', 'PAID', 'CSS1590356', '2016-02-24', 25, 'E-2-5', 'Beliawanis'),
(356, 'DCS160189', 'STUDENT', 'COLLEGE', 'STADD', 240, 'FIX', '2016-02-01', 'HOSTEL', 'PAID', 'CSS1590357', '2016-02-24', 25, 'E-2-5', 'Beliawanis'),
(357, 'DIT160155', 'STUDENT', 'COLLEGE', 'STADD', 240, 'FIX', '2016-02-01', 'HOSTEL', 'PAID', 'CSS1590358', '2016-02-29', 25, 'E-3-6', 'Beliawanis'),
(358, 'DCS130172', 'STUDENT', 'COLLEGE', 'STADD', 240, 'FIX', '2016-02-01', 'HOSTEL', 'PAID', 'CSS1590360', '2016-02-24', 25, 'E-3-6', 'Beliawanis'),
(359, 'DIT140130', 'STUDENT', 'COLLEGE', 'STADD', 240, 'FIX', '2016-02-01', 'HOSTEL', 'PAID', 'CSS1590361', '2016-02-24', 25, 'E-3-6', 'Beliawanis'),
(360, 'DIT160149', 'STUDENT', 'COLLEGE', 'STADD', 240, 'FIX', '2016-02-01', 'HOSTEL', 'PAID', 'CSS1590362', '2016-02-25', 25, 'F-4-2', 'Beliawanis'),
(361, 'DCS160202', 'STUDENT', 'COLLEGE', 'STADD', 240, 'FIX', '2016-02-01', 'HOSTEL', 'PAID', 'CSS1590363', '2016-02-25', 25, 'F-4-2', 'Beliawanis'),
(362, 'DCE140296', 'STUDENT', 'COLLEGE', 'STADD', 240, 'FIX', '2016-02-01', 'HOSTEL', 'INVOICED', '', '', 25, 'F-4-3', 'Beliawanis'),
(363, 'DBA130103', 'STUDENT', 'COLLEGE', 'STADD', 240, 'FIX', '2016-02-01', 'HOSTEL', 'PAID', 'CSS1590364', '2016-02-23', 25, 'F-4-3', 'Beliawanis'),
(364, 'DCS130166', 'STUDENT', 'COLLEGE', 'STADD', 240, 'FIX', '2016-02-01', 'HOSTEL', 'INVOICED', '', '', 25, 'F-4-3', 'Beliawanis'),
(365, 'DIT150165', 'STUDENT', 'COLLEGE', 'STADD', 240, 'FIX', '2016-02-01', 'HOSTEL', 'PAID', 'CSS1590365', '2016-02-29', 25, 'F-4-4', 'Beliawanis'),
(366, 'DBA130105', 'STUDENT', 'COLLEGE', 'STADD', 240, 'FIX', '2016-02-01', 'HOSTEL', 'PAID', 'CSS1590366', '2016-02-25', 25, 'F-4-4', 'Beliawanis'),
(367, 'DBA140103', 'STUDENT', 'COLLEGE', 'STADD', 240, 'FIX', '2016-02-01', 'HOSTEL', 'PAID', 'CSS1590367', '2016-02-25', 25, 'F-4-4', 'Beliawanis'),
(368, 'DBA130104', 'STUDENT', 'COLLEGE', 'STADD', 240, 'FIX', '2016-02-01', 'HOSTEL', 'PAID', 'CSS1590368', '2016-02-25', 25, 'F-4-5', 'Beliawanis'),
(369, 'DCE140216', 'STUDENT', 'COLLEGE', 'STADD', 240, 'FIX', '2016-02-01', 'HOSTEL', 'PAID', 'CSS1590369', '2016-02-25', 25, 'F-4-5', 'Beliawanis'),
(370, 'DIT130141', 'STUDENT', 'COLLEGE', 'STADD', 240, 'FIX', '2016-02-01', 'HOSTEL', 'PAID', 'CSS1590370', '2016-02-03', 25, 'F-4-5', 'Beliawanis'),
(371, 'DCE140222', 'STUDENT', 'COLLEGE', 'STADD', 240, 'FIX', '2016-02-01', 'HOSTEL', 'PAID', 'CSS1590372', '2016-02-25', 25, 'G-1-7', 'Beliawanis'),
(372, 'DBA130113', 'STUDENT', 'COLLEGE', 'STADD', 240, 'FIX', '2016-02-01', 'HOSTEL', 'PAID', 'CSS1590374', '2016-02-25', 25, 'G-1-7', 'Beliawanis'),
(373, 'DBA150108', 'STUDENT', 'COLLEGE', 'STADD', 240, 'FIX', '2016-02-01', 'HOSTEL', 'PAID', 'CSS1590375', '2016-02-25', 25, 'G-1-8', 'Beliawanis'),
(374, 'DIC150265', 'STUDENT', 'COLLEGE', 'STADD', 240, 'FIX', '2016-02-01', 'HOSTEL', 'PAID', 'CSS1590377', '2016-02-25', 25, 'G-1-8', 'Beliawanis'),
(375, 'DCE160240', 'STUDENT', 'COLLEGE', 'STADD', 240, 'FIX', '2016-02-01', 'HOSTEL', 'PAID', 'CSS1590380', '2016-02-25', 25, 'G-1-8', 'Beliawanis'),
(376, 'DCS140267', 'STUDENT', 'COLLEGE', 'STADD', 240, 'FIX', '2016-02-01', 'HOSTEL', 'PAID', 'CSS1590381', '2016-02-24', 25, 'G-1-9', 'Beliawanis'),
(377, 'DBA160129', 'STUDENT', 'COLLEGE', 'STADD', 240, 'FIX', '2016-02-01', 'HOSTEL', 'PAID', 'CSS1590382', '2016-02-23', 25, 'G-1-9', 'Beliawanis'),
(378, 'DBA150113', 'STUDENT', 'COLLEGE', 'STADD', 240, 'FIX', '2016-02-01', 'HOSTEL', 'PAID', 'CSS1590382', '2016-02-23', 25, 'G-1-9', 'Beliawanis'),
(379, 'DIT140253', 'STUDENT', 'COLLEGE', 'STADD', 240, 'FIX', '2016-02-01', 'HOSTEL', 'PAID', 'CSS1590383', '2016-02-29', 25, 'G-1-10', 'Beliawanis'),
(380, 'DIT140255', 'STUDENT', 'COLLEGE', 'STADD', 240, 'FIX', '2016-02-01', 'HOSTEL', 'PAID', 'CSS1590384', '2016-02-29', 25, 'G-1-10', 'Beliawanis'),
(381, 'DBA140234', 'STUDENT', 'COLLEGE', 'STADD', 240, 'FIX', '2016-02-01', 'HOSTEL', 'PAID', 'CSS1590385', '2016-02-29', 25, 'G-1-10', 'Beliawanis'),
(382, 'DIT160157', 'STUDENT', 'COLLEGE', 'STADD', 240, 'FIX', '2016-02-01', 'HOSTEL', 'PAID', 'CSS1590386', '2016-02-29', 25, 'G-1-11', 'Beliawanis'),
(383, 'DIT150155', 'STUDENT', 'COLLEGE', 'STADD', 240, 'FIX', '2016-02-01', 'HOSTEL', 'PAID', 'CSS1590387', '2016-02-29', 25, 'G-1-11', 'Beliawanis'),
(384, 'DIT150159', 'STUDENT', 'COLLEGE', 'STADD', 240, 'FIX', '2016-02-01', 'HOSTEL', 'PAID', 'CSS1590388', '2016-02-29', 25, 'G-1-11', 'Beliawanis'),
(385, 'DBA140237', 'STUDENT', 'COLLEGE', 'STADD', 240, 'FIX', '2016-02-01', 'HOSTEL', 'PAID', 'CSS1590389', '2016-02-29', 25, 'G-2-2', 'Beliawanis'),
(386, 'DBA150126', 'STUDENT', 'COLLEGE', 'STADD', 240, 'FIX', '2016-02-01', 'HOSTEL', 'PAID', 'CSS1590389', '2016-02-29', 25, 'G-2-2', 'Beliawanis'),
(387, 'DIT150193', 'STUDENT', 'COLLEGE', 'STADD', 240, 'FIX', '2016-03-01', 'HOSTEL', 'PAID', 'CSS1590391', '2016-03-23', 26, 'A-1-5', 'Beliawanis'),
(388, 'DIC160203', 'STUDENT', 'COLLEGE', 'STADD', 240, 'FIX', '2016-03-01', 'HOSTEL', 'PAID', 'CSS1590392', '2016-03-29', 26, 'A-1-5', 'Beliawanis'),
(389, 'DIT140252', 'STUDENT', 'COLLEGE', 'STADD', 240, 'FIX', '2016-03-01', 'HOSTEL', 'PAID', 'CSS1590392', '2016-03-29', 26, 'A-1-5', 'Beliawanis'),
(390, 'DBA150112', 'STUDENT', 'COLLEGE', 'STADD', 240, 'FIX', '2016-03-01', 'HOSTEL', 'PAID', 'CSS1590393', '2016-03-29', 26, 'A-1-4', 'Beliawanis'),
(391, 'DIT150169', 'STUDENT', 'COLLEGE', 'STADD', 240, 'FIX', '2016-03-01', 'HOSTEL', 'PAID', 'CSS1590394', '2016-03-29', 26, 'A-1-4', 'Beliawanis'),
(392, 'DIC150269', 'STUDENT', 'COLLEGE', 'STADD', 240, 'FIX', '2016-03-01', 'HOSTEL', 'PAID', 'CSS1590395', '2016-03-29', 26, 'A-1-4', 'Beliawanis'),
(393, 'DCS160197', 'STUDENT', 'COLLEGE', 'STADD', 240, 'FIX', '2016-03-01', 'HOSTEL', 'INVOICED', '', '', 26, 'A-1-8', 'Beliawanis'),
(394, 'DBA160120', 'STUDENT', 'COLLEGE', 'STADD', 240, 'FIX', '2016-03-01', 'HOSTEL', 'PAID', 'CSS1591111', '2016-04-01', 26, 'A-1-7', 'Beliawanis'),
(395, 'DBA160117', 'STUDENT', 'COLLEGE', 'STADD', 240, 'FIX', '2016-03-01', 'HOSTEL', 'INVOICED', '', '', 26, 'A-1-7', 'Beliawanis'),
(396, 'DIC130186', 'STUDENT', 'COLLEGE', 'STADD', 240, 'FIX', '2016-03-01', 'HOSTEL', 'PAID', 'CSS1590398', '2016-03-29', 26, 'A-1-7', 'Beliawanis'),
(397, 'DIC140285', 'STUDENT', 'COLLEGE', 'STADD', 240, 'FIX', '2016-03-01', 'HOSTEL', 'PAID', 'CSS1590397', '2016-03-25', 26, 'A-1-6', 'Beliawanis'),
(398, 'DBA150109', 'STUDENT', 'COLLEGE', 'STADD', 240, 'FIX', '2016-03-01', 'HOSTEL', 'PAID', 'CSS1590499', '2016-03-10', 26, 'A-1-6', 'Beliawanis'),
(399, 'DCS150209', 'STUDENT', 'COLLEGE', 'STADD', 240, 'FIX', '2016-03-01', 'HOSTEL', 'PAID', 'CSS1590396', '2016-03-29', 26, 'A-1-8', 'Beliawanis'),
(400, 'DBA150105', 'STUDENT', 'COLLEGE', 'STADD', 240, 'FIX', '2016-03-01', 'HOSTEL', 'PAID', 'CSS1590400', '2016-03-23', 26, 'E-2-2', 'Beliawanis'),
(401, 'DIT150166', 'STUDENT', 'COLLEGE', 'STADD', 240, 'FIX', '2016-03-01', 'HOSTEL', 'PAID', 'CSS1590401', '2016-03-23', 26, 'E-2-2', 'Beliawanis'),
(402, 'DBA150123', 'STUDENT', 'COLLEGE', 'STADD', 240, 'FIX', '2016-03-01', 'HOSTEL', 'INVOICED', '', '', 26, 'E-2-2', 'Beliawanis'),
(403, 'DBA150122', 'STUDENT', 'COLLEGE', 'STADD', 240, 'FIX', '2016-03-01', 'HOSTEL', 'PAID', 'CSS1590402', '2016-03-23', 26, 'A-3-7', 'Beliawanis'),
(404, 'DCS150220', 'STUDENT', 'COLLEGE', 'STADD', 240, 'FIX', '2016-03-01', 'HOSTEL', 'PAID', 'CSS1590403', '2016-03-23', 26, 'A-3-7', 'Beliawanis'),
(405, 'DIT140257', 'STUDENT', 'COLLEGE', 'STADD', 240, 'FIX', '2016-03-01', 'HOSTEL', 'INVOICED', '', '', 26, 'A-1-8', 'Beliawanis'),
(406, 'DIT160158', 'STUDENT', 'COLLEGE', 'STADD', 240, 'FIX', '2016-03-01', 'HOSTEL', 'PAID', 'CSS1590404', '2016-03-29', 26, 'A-3-7', 'Beliawanis'),
(407, 'DCS160202', 'STUDENT', 'COLLEGE', 'STADD', 240, 'FIX', '2016-03-01', 'HOSTEL', 'PAID', 'CSS1590405', '2016-03-25', 26, 'F-4-2', 'Beliawanis'),
(408, 'DIT160149', 'STUDENT', 'COLLEGE', 'STADD', 240, 'FIX', '2016-03-01', 'HOSTEL', 'PAID', 'CSS1590406', '2016-03-25', 26, 'F-4-2', 'Beliawanis'),
(409, 'DIT140130', 'STUDENT', 'COLLEGE', 'STADD', 240, 'FIX', '2016-03-01', 'HOSTEL', 'PAID', 'CSS1590407', '2016-03-24', 26, 'E-3-6', 'Beliawanis'),
(410, 'DCS130172', 'STUDENT', 'COLLEGE', 'STADD', 240, 'FIX', '2016-03-01', 'HOSTEL', 'PAID', 'CSS1590408', '2016-03-24', 26, 'E-3-6', 'Beliawanis'),
(411, 'DIT160155', 'STUDENT', 'COLLEGE', 'STADD', 240, 'FIX', '2016-03-01', 'HOSTEL', 'PAID', 'CSS1590409', '2016-03-29', 26, 'E-3-6', 'Beliawanis'),
(412, 'DCS160189', 'STUDENT', 'COLLEGE', 'STADD', 240, 'FIX', '2016-03-01', 'HOSTEL', 'PAID', 'CSS1590410', '2016-03-24', 26, 'E-2-5', 'Beliawanis'),
(413, 'DIC160216', 'STUDENT', 'COLLEGE', 'STADD', 240, 'FIX', '2016-03-01', 'HOSTEL', 'PAID', 'CSS1590411', '2016-03-24', 26, 'E-2-5', 'Beliawanis'),
(414, 'DIC150256', 'STUDENT', 'COLLEGE', 'STADD', 240, 'FIX', '2016-03-01', 'HOSTEL', 'PAID', 'CSS1590412', '2016-03-24', 26, 'E-2-4', 'Beliawanis'),
(415, 'DCS150201', 'STUDENT', 'COLLEGE', 'STADD', 240, 'FIX', '2016-03-01', 'HOSTEL', 'PAID', 'CSS1590413', '2016-03-29', 26, 'E-2-4', 'Beliawanis'),
(416, 'DCS150205', 'STUDENT', 'COLLEGE', 'STADD', 240, 'FIX', '2016-03-01', 'HOSTEL', 'PAID', 'CSS1590414', '2016-03-24', 26, 'E-2-4', 'Beliawanis'),
(417, 'DIC150253', 'STUDENT', 'COLLEGE', 'STADD', 240, 'FIX', '2016-03-01', 'HOSTEL', 'PAID', 'CSS1590415', '2016-03-24', 26, 'E-2-3', 'Beliawanis'),
(418, 'DBA160125', 'STUDENT', 'COLLEGE', 'STADD', 240, 'FIX', '2016-03-01', 'HOSTEL', 'INVOICED', '', '', 26, 'F-4-2', 'Beliawanis'),
(419, 'DIT150160', 'STUDENT', 'COLLEGE', 'STADD', 240, 'FIX', '2016-03-01', 'HOSTEL', 'PAID', 'CSS1590416', '2016-03-29', 26, 'E-2-3', 'Beliawanis'),
(420, 'DIC160212', 'STUDENT', 'COLLEGE', 'STADD', 240, 'FIX', '2016-03-01', 'HOSTEL', 'PAID', 'CSS1590417', '2016-03-29', 26, 'E-2-3', 'Beliawanis'),
(421, 'DBA130113', 'STUDENT', 'COLLEGE', 'STADD', 240, 'FIX', '2016-03-01', 'HOSTEL', 'PAID', 'CSS1590418', '2016-03-25', 26, 'G-1-7', 'Beliawanis'),
(422, 'DCE140222', 'STUDENT', 'COLLEGE', 'STADD', 240, 'FIX', '2016-03-01', 'HOSTEL', 'PAID', 'CSS1590419', '2016-03-25', 26, 'G-1-7', 'Beliawanis'),
(423, 'DIT130141', 'STUDENT', 'COLLEGE', 'STADD', 240, 'FIX', '2016-03-01', 'HOSTEL', 'PAID', 'CSS1590420', '2016-03-03', 26, 'F-4-5', 'Beliawanis'),
(424, 'DCE140216', 'STUDENT', 'COLLEGE', 'STADD', 240, 'FIX', '2016-03-01', 'HOSTEL', 'PAID', 'CSS1590421', '2016-03-25', 26, 'F-4-5', 'Beliawanis'),
(425, 'DBA130104', 'STUDENT', 'COLLEGE', 'STADD', 240, 'FIX', '2016-03-01', 'HOSTEL', 'PAID', 'CSS1590422', '2016-03-25', 26, 'F-4-5', 'Beliawanis'),
(426, 'DBA140103', 'STUDENT', 'COLLEGE', 'STADD', 240, 'FIX', '2016-03-01', 'HOSTEL', 'PAID', 'CSS1590423', '2016-03-25', 26, 'F-4-4', 'Beliawanis'),
(427, 'DBA130105', 'STUDENT', 'COLLEGE', 'STADD', 240, 'FIX', '2016-03-01', 'HOSTEL', 'PAID', 'CSS1590424', '2016-03-25', 26, 'F-4-4', 'Beliawanis'),
(428, 'DIT150165', 'STUDENT', 'COLLEGE', 'STADD', 240, 'FIX', '2016-03-01', 'HOSTEL', 'PAID', 'CSS1590425', '2016-03-29', 26, 'F-4-4', 'Beliawanis'),
(429, 'DCS130166', 'STUDENT', 'COLLEGE', 'STADD', 240, 'FIX', '2016-03-01', 'HOSTEL', 'INVOICED', '', '', 26, 'F-4-3', 'Beliawanis'),
(430, 'DBA130103', 'STUDENT', 'COLLEGE', 'STADD', 240, 'FIX', '2016-03-01', 'HOSTEL', 'PAID', 'CSS1590426', '2016-03-23', 26, 'F-4-3', 'Beliawanis'),
(431, 'DCE140296', 'STUDENT', 'COLLEGE', 'STADD', 240, 'FIX', '2016-03-01', 'HOSTEL', 'INVOICED', '', '', 26, 'F-4-3', 'Beliawanis'),
(432, 'DIC150252', 'STUDENT', 'COLLEGE', 'STADD', 240, 'FIX', '2016-03-01', 'HOSTEL', 'PAID', 'CSS1590427', '2016-03-29', 26, 'G-1-7', 'Beliawanis'),
(433, 'DBA150126', 'STUDENT', 'COLLEGE', 'STADD', 240, 'FIX', '2016-03-01', 'HOSTEL', 'PAID', 'CSS15903426', '2016-03-29', 26, 'G-2-2', 'Beliawanis'),
(434, 'DBA140237', 'STUDENT', 'COLLEGE', 'STADD', 240, 'FIX', '2016-03-01', 'HOSTEL', 'PAID', 'CSS1590427', '2016-03-29', 26, 'G-2-2', 'Beliawanis'),
(435, 'DIT150159', 'STUDENT', 'COLLEGE', 'STADD', 240, 'FIX', '2016-03-01', 'HOSTEL', 'PAID', 'CSS1590428', '2016-03-29', 26, 'G-1-11', 'Beliawanis'),
(436, 'DIT150155', 'STUDENT', 'COLLEGE', 'STADD', 240, 'FIX', '2016-03-01', 'HOSTEL', 'PAID', 'CSS1590429', '2016-03-29', 26, 'G-1-11', 'Beliawanis'),
(437, 'DIT160157', 'STUDENT', 'COLLEGE', 'STADD', 240, 'FIX', '2016-03-01', 'HOSTEL', 'PAID', 'CSS1590430', '2016-03-29', 26, 'G-1-11', 'Beliawanis'),
(438, 'DBA140234', 'STUDENT', 'COLLEGE', 'STADD', 240, 'FIX', '2016-03-01', 'HOSTEL', 'PAID', 'CSS1590430', '2016-03-29', 26, 'G-1-10', 'Beliawanis'),
(439, 'DIT140255', 'STUDENT', 'COLLEGE', 'STADD', 240, 'FIX', '2016-03-01', 'HOSTEL', 'PAID', 'CSS1590431', '2016-03-29', 26, 'G-1-10', 'Beliawanis'),
(440, 'DIT140253', 'STUDENT', 'COLLEGE', 'STADD', 240, 'FIX', '2016-03-01', 'HOSTEL', 'PAID', 'CSS1590432', '2016-03-29', 26, 'G-1-10', 'Beliawanis'),
(441, 'DBA150113', 'STUDENT', 'COLLEGE', 'STADD', 240, 'FIX', '2016-03-01', 'HOSTEL', 'PAID', 'CSS1590432', '2016-03-23', 26, 'G-1-9', 'Beliawanis'),
(442, 'DBA160129', 'STUDENT', 'COLLEGE', 'STADD', 240, 'FIX', '2016-03-01', 'HOSTEL', 'PAID', 'CSS1590433', '2016-03-23', 26, 'G-1-9', 'Beliawanis'),
(443, 'DCS140267', 'STUDENT', 'COLLEGE', 'STADD', 240, 'FIX', '2016-03-01', 'HOSTEL', 'PAID', 'CSS1590444', '2016-03-24', 26, 'G-1-9', 'Beliawanis'),
(444, 'DCE160240', 'STUDENT', 'COLLEGE', 'STADD', 240, 'FIX', '2016-03-01', 'HOSTEL', 'PAID', 'CSS1590445', '2016-03-25', 26, 'G-1-8', 'Beliawanis'),
(445, 'DIC150265', 'STUDENT', 'COLLEGE', 'STADD', 240, 'FIX', '2016-03-01', 'HOSTEL', 'PAID', 'CSS1590446', '2016-03-25', 26, 'G-1-8', 'Beliawanis'),
(446, 'DBA150108', 'STUDENT', 'COLLEGE', 'STADD', 240, 'FIX', '2016-03-01', 'HOSTEL', 'PAID', 'CSS1590447', '2016-03-25', 26, 'G-1-8', 'Beliawanis'),
(447, 'DCS150203', 'STUDENT', 'COLLEGE', 'STADD', 240, 'FIX', '2016-03-01', 'HOSTEL', 'PAID', 'CSS1590448', '2016-03-29', 26, 'G-2-3', 'Beliawanis'),
(448, 'DIT160150', 'STUDENT', 'COLLEGE', 'STADD', 240, 'FIX', '2016-03-01', 'HOSTEL', 'PAID', 'CSS1590449', '2016-03-29', 26, 'G-2-3', 'Beliawanis'),
(449, 'DIT130138', 'STUDENT', 'COLLEGE', 'STADD', 240, 'FIX', '2016-03-01', 'HOSTEL', 'PAID', 'CSS1590450', '2016-03-29', 26, 'G-2-3', 'Beliawanis'),
(450, 'DIT140127', 'STUDENT', 'COLLEGE', 'STADD', 240, 'FIX', '2016-03-01', 'HOSTEL', 'PAID', 'CSS1590451', '2016-03-29', 26, 'G-2-2', 'Beliawanis'),
(451, 'DCS150210', 'STUDENT', 'COLLEGE', 'STADD', 240, 'FIX', '2016-03-01', 'HOSTEL', 'PAID', 'CSS1590452', '2016-03-29', 26, 'A-1-6', 'Beliawanis'),
(452, 'DIT130138', 'STUDENT', 'COLLEGE', 'STADD', 70, 'DAY', '2016-03-25', 'HOSTEL', 'PAID', 'CSS1590453', '2016-03-29', 26, 'E-2-5', 'Beliawanis'),
(453, 'DBA160129', 'STUDENT', 'COLLEGE', 'STADD', 260, 'FIX', '2016-04-01', 'HOSTEL', 'PAID', 'CSS1590454', '2016-04-29', 27, 'G-1-9', 'Beliawanis'),
(454, 'DIT160157', 'STUDENT', 'COLLEGE', 'STADD', 200, 'DAY', '2016-04-01', 'HOSTEL', 'PAID', 'CSS1590455', '2016-04-20', 27, 'G-1-11', 'Beliawanis'),
(455, 'DBA150126', 'STUDENT', 'COLLEGE', 'STADD', 260, 'FIX', '2016-04-01', 'HOSTEL', 'PAID', 'CSS1590456', '2016-04-25', 27, 'G-2-2', 'Beliawanis'),
(456, 'DIC150269', 'STUDENT', 'COLLEGE', 'STADD', 260, 'FIX', '2016-04-01', 'HOSTEL', 'PAID', 'CSS1590457', '2016-04-29', 27, 'A-1-4', 'Beliawanis'),
(457, 'DIT150169', 'STUDENT', 'COLLEGE', 'STADD', 260, 'FIX', '2016-04-01', 'HOSTEL', 'PAID', 'CSS1590458', '2016-04-29', 27, 'A-1-4', 'Beliawanis'),
(458, 'DBA150112', 'STUDENT', 'COLLEGE', 'STADD', 260, 'FIX', '2016-04-01', 'HOSTEL', 'PAID', 'CSS1590459', '2016-04-29', 27, 'A-1-4', 'Beliawanis'),
(459, 'DIT140252', 'STUDENT', 'COLLEGE', 'STADD', 260, 'FIX', '2016-04-01', 'HOSTEL', 'PAID', 'CSS1590460', '2016-04-29', 27, 'A-1-5', 'Beliawanis'),
(460, 'DIC160203', 'STUDENT', 'COLLEGE', 'STADD', 260, 'FIX', '2016-04-01', 'HOSTEL', 'PAID', 'CSS1590461', '2016-04-29', 27, 'A-1-5', 'Beliawanis'),
(461, 'DIT150193', 'STUDENT', 'COLLEGE', 'STADD', 260, 'FIX', '2016-04-01', 'HOSTEL', 'PAID', 'CSS1590462', '2016-04-23', 27, 'A-1-5', 'Beliawanis'),
(462, 'DCS150210', 'STUDENT', 'COLLEGE', 'STADD', 260, 'FIX', '2016-04-01', 'HOSTEL', 'PAID', 'CSS1590463', '2016-04-29', 27, 'A-1-6', 'Beliawanis'),
(463, 'DBA150109', 'STUDENT', 'COLLEGE', 'STADD', 260, 'FIX', '2016-04-01', 'HOSTEL', 'INVOICED', '', '', 27, 'A-1-6', 'Beliawanis'),
(464, 'DIC140285', 'STUDENT', 'COLLEGE', 'STADD', 260, 'FIX', '2016-04-01', 'HOSTEL', 'PAID', 'CSS1590465', '2016-04-25', 27, 'A-1-6', 'Beliawanis'),
(465, 'DIC130186', 'STUDENT', 'COLLEGE', 'STADD', 260, 'FIX', '2016-04-01', 'HOSTEL', 'PAID', 'CSS1590466', '2016-04-29', 27, 'A-1-7', 'Beliawanis'),
(466, 'DBA160117', 'STUDENT', 'COLLEGE', 'STADD', 260, 'FIX', '2016-04-01', 'HOSTEL', 'INVOICED', '', '', 27, 'A-1-7', 'Beliawanis'),
(467, 'DBA160120', 'STUDENT', 'COLLEGE', 'STADD', 260, 'FIX', '2016-04-01', 'HOSTEL', 'PAID', 'CSS1590467', '2016-04-21', 27, 'A-1-7', 'Beliawanis'),
(468, 'DCS160197', 'STUDENT', 'COLLEGE', 'STADD', 260, 'FIX', '2016-04-01', 'HOSTEL', 'INVOICED', '', '', 27, 'A-1-8', 'Beliawanis'),
(469, 'DCS150209', 'STUDENT', 'COLLEGE', 'STADD', 260, 'FIX', '2016-04-01', 'HOSTEL', 'PAID', 'CSS15903469', '2016-04-29', 27, 'A-1-8', 'Beliawanis'),
(470, 'DIT140257', 'STUDENT', 'COLLEGE', 'STADD', 260, 'FIX', '2016-04-01', 'HOSTEL', 'INVOICED', '', '', 27, 'A-1-8', 'Beliawanis'),
(471, 'DIT160158', 'STUDENT', 'COLLEGE', 'STADD', 260, 'FIX', '2016-04-01', 'HOSTEL', 'PAID', 'CSS1590469', '2016-04-29', 27, 'A-3-7', 'Beliawanis'),
(472, 'DCS150220', 'STUDENT', 'COLLEGE', 'STADD', 260, 'FIX', '2016-04-01', 'HOSTEL', 'PAID', 'CSS1590470', '2016-04-23', 27, 'A-3-7', 'Beliawanis'),
(473, 'DBA150122', 'STUDENT', 'COLLEGE', 'STADD', 260, 'FIX', '2016-04-01', 'HOSTEL', 'PAID', 'CSS1590471', '2016-04-23', 27, 'A-3-7', 'Beliawanis'),
(474, 'DBA150123', 'STUDENT', 'COLLEGE', 'STADD', 240, 'FIX', '2016-04-01', 'HOSTEL', 'INVOICED', '', '', 27, 'E-2-2', 'Beliawanis'),
(475, 'DIT150166', 'STUDENT', 'COLLEGE', 'STADD', 260, 'FIX', '2016-04-01', 'HOSTEL', 'PAID', 'CSS1590473', '2016-04-23', 27, 'E-2-2', 'Beliawanis'),
(476, 'DBA150105', 'STUDENT', 'COLLEGE', 'STADD', 260, 'FIX', '2016-04-01', 'HOSTEL', 'PAID', 'CSS1590474', '2016-04-23', 27, 'E-2-2', 'Beliawanis'),
(477, 'DIC160212', 'STUDENT', 'COLLEGE', 'STADD', 260, 'FIX', '2016-04-01', 'HOSTEL', 'PAID', 'CSS1590475', '2016-04-29', 27, 'E-2-3', 'Beliawanis'),
(478, 'DIT150160', 'STUDENT', 'COLLEGE', 'STADD', 260, 'FIX', '2016-04-01', 'HOSTEL', 'PAID', 'CSS1590476', '2016-04-29', 27, 'E-2-3', 'Beliawanis'),
(479, 'DIC150253', 'STUDENT', 'COLLEGE', 'STADD', 260, 'FIX', '2016-04-01', 'HOSTEL', 'PAID', 'CSS1590477', '2016-04-24', 27, 'E-2-3', 'Beliawanis'),
(480, 'DCS150205', 'STUDENT', 'COLLEGE', 'STADD', 260, 'FIX', '2016-04-01', 'HOSTEL', 'PAID', 'CSS1590478', '2016-04-24', 27, 'E-2-4', 'Beliawanis'),
(481, 'DCS150201', 'STUDENT', 'COLLEGE', 'STADD', 260, 'FIX', '2016-04-01', 'HOSTEL', 'PAID', 'CSS1590479', '2016-04-29', 27, 'E-2-4', 'Beliawanis'),
(482, 'DIC150256', 'STUDENT', 'COLLEGE', 'STADD', 260, 'FIX', '2016-04-01', 'HOSTEL', 'PAID', 'CSS1590480', '2016-04-24', 27, 'E-2-4', 'Beliawanis'),
(483, 'DCS150218', 'STUDENT', 'COLLEGE', 'STADD', 240, 'FIX', '2016-03-01', 'HOSTEL', 'PAID', 'CSS1590445', '2016-03-29', 26, 'E-2-5', 'Beliawanis'),
(484, 'DCS150218', 'STUDENT', 'COLLEGE', 'STADD', 260, 'FIX', '2016-04-01', 'HOSTEL', 'PAID', 'CSS1590482', '2016-04-29', 27, 'E-2-5', 'Beliawanis'),
(485, 'DIC160216', 'STUDENT', 'COLLEGE', 'STADD', 260, 'FIX', '2016-04-01', 'HOSTEL', 'PAID', 'CSS1590485', '2016-04-24', 27, 'E-2-5', 'Beliawanis'),
(486, 'DCS160189', 'STUDENT', 'COLLEGE', 'STADD', 260, 'FIX', '2016-04-01', 'HOSTEL', 'PAID', 'CSS1590486', '2016-04-24', 27, 'E-2-5', 'Beliawanis'),
(487, 'DIT160155', 'STUDENT', 'COLLEGE', 'STADD', 260, 'FIX', '2016-04-01', 'HOSTEL', 'PAID', 'CSS1590487', '2016-04-29', 27, 'E-3-6', 'Beliawanis'),
(488, 'DCS130172', 'STUDENT', 'COLLEGE', 'STADD', 260, 'FIX', '2016-04-01', 'HOSTEL', 'PAID', 'CSS1590488', '2016-04-24', 27, 'E-3-6', 'Beliawanis'),
(489, 'DIT140130', 'STUDENT', 'COLLEGE', 'STADD', 260, 'FIX', '2016-04-01', 'HOSTEL', 'PAID', 'CSS1590489', '2016-04-24', 27, 'E-3-6', 'Beliawanis'),
(490, 'DIT160149', 'STUDENT', 'COLLEGE', 'STADD', 260, 'FIX', '2016-04-01', 'HOSTEL', 'PAID', 'CSS1590491', '2016-04-25', 27, 'F-4-2', 'Beliawanis'),
(491, 'DBA160125', 'STUDENT', 'COLLEGE', 'STADD', 260, 'FIX', '2016-04-01', 'HOSTEL', 'INVOICED', '', '', 27, 'F-4-2', 'Beliawanis'),
(492, 'DCS160202', 'STUDENT', 'COLLEGE', 'STADD', 260, 'FIX', '2016-04-01', 'HOSTEL', 'PAID', 'CSS1590492', '2016-04-25', 27, 'F-4-2', 'Beliawanis'),
(493, 'DCE140296', 'STUDENT', 'COLLEGE', 'STADD', 260, 'FIX', '2016-04-01', 'HOSTEL', 'INVOICED', '', '', 27, 'F-4-3', 'Beliawanis'),
(494, 'DBA130103', 'STUDENT', 'COLLEGE', 'STADD', 260, 'FIX', '2016-04-01', 'HOSTEL', 'PAID', 'CSS1590494', '2016-04-23', 27, 'F-4-3', 'Beliawanis'),
(495, 'DCS130166', 'STUDENT', 'COLLEGE', 'STADD', 260, 'FIX', '2016-04-01', 'HOSTEL', 'INVOICED', '', '', 27, 'F-4-3', 'Beliawanis'),
(496, 'DIT150165', 'STUDENT', 'COLLEGE', 'STADD', 260, 'FIX', '2016-04-01', 'HOSTEL', 'PAID', 'CSS1590495', '2016-04-29', 27, 'F-4-4', 'Beliawanis'),
(497, 'DBA130105', 'STUDENT', 'COLLEGE', 'STADD', 260, 'FIX', '2016-04-01', 'HOSTEL', 'PAID', 'CSS1590496', '2016-04-25', 27, 'F-4-4', 'Beliawanis'),
(498, 'DBA140103', 'STUDENT', 'COLLEGE', 'STADD', 260, 'FIX', '2016-04-01', 'HOSTEL', 'PAID', 'CSS1590497', '2016-04-25', 27, 'F-4-4', 'Beliawanis'),
(499, 'DBA130104', 'STUDENT', 'COLLEGE', 'STADD', 260, 'FIX', '2016-04-01', 'HOSTEL', 'PAID', 'CSS1590498', '2016-04-25', 27, 'F-4-5', 'Beliawanis'),
(500, 'DCE140216', 'STUDENT', 'COLLEGE', 'STADD', 260, 'FIX', '2016-04-01', 'HOSTEL', 'PAID', 'CSS1590499', '2016-04-25', 27, 'F-4-5', 'Beliawanis'),
(501, 'DIT130141', 'STUDENT', 'COLLEGE', 'STADD', 260, 'FIX', '2016-04-01', 'HOSTEL', 'PAID', 'CSS1590500', '2016-04-03', 27, 'F-4-5', 'Beliawanis'),
(502, 'DCE140222', 'STUDENT', 'COLLEGE', 'STADD', 260, 'FIX', '2016-04-01', 'HOSTEL', 'PAID', 'CSS1590501', '2016-04-25', 27, 'G-1-7', 'Beliawanis'),
(503, 'DIC150252', 'STUDENT', 'COLLEGE', 'STADD', 260, 'FIX', '2016-04-01', 'HOSTEL', 'PAID', 'CSS1590502', '2016-04-29', 27, 'G-1-7', 'Beliawanis'),
(504, 'DBA130113', 'STUDENT', 'COLLEGE', 'STADD', 260, 'FIX', '2016-04-01', 'HOSTEL', 'PAID', 'CSS1590503', '2016-04-25', 27, 'G-1-7', 'Beliawanis'),
(505, 'DBA150108', 'STUDENT', 'COLLEGE', 'STADD', 260, 'FIX', '2016-04-01', 'HOSTEL', 'PAID', 'CSS1590504', '2016-04-25', 27, 'G-1-8', 'Beliawanis'),
(506, 'DIC150265', 'STUDENT', 'COLLEGE', 'STADD', 260, 'FIX', '2016-04-01', 'HOSTEL', 'PAID', 'CSS1590446', '2016-04-25', 27, 'G-1-8', 'Beliawanis'),
(507, 'DCE160240', 'STUDENT', 'COLLEGE', 'STADD', 260, 'FIX', '2016-04-01', 'HOSTEL', 'PAID', 'CSS1590505', '2016-04-25', 27, 'G-1-8', 'Beliawanis'),
(508, 'DCS140267', 'STUDENT', 'COLLEGE', 'STADD', 260, 'FIX', '2016-04-01', 'HOSTEL', 'PAID', 'CSS1590506', '2016-04-24', 27, 'G-1-9', 'Beliawanis'),
(509, 'DBA150113', 'STUDENT', 'COLLEGE', 'STADD', 260, 'FIX', '2016-04-01', 'HOSTEL', 'PAID', 'CSS1590507', '2016-04-23', 27, 'G-1-9', 'Beliawanis'),
(510, 'DIT140253', 'STUDENT', 'COLLEGE', 'STADD', 260, 'FIX', '2016-04-01', 'HOSTEL', 'PAID', 'CSS1590508', '2016-04-29', 27, 'G-1-10', 'Beliawanis'),
(511, 'DIT140255', 'STUDENT', 'COLLEGE', 'STADD', 260, 'FIX', '2016-04-01', 'HOSTEL', 'PAID', 'CSS1590509', '2016-04-29', 27, 'G-1-10', 'Beliawanis'),
(512, 'DBA140234', 'STUDENT', 'COLLEGE', 'STADD', 260, 'FIX', '2016-04-01', 'HOSTEL', 'PAID', 'CSS1590510', '2016-04-29', 27, 'G-1-10', 'Beliawanis'),
(513, 'DIT150155', 'STUDENT', 'COLLEGE', 'STADD', 260, 'FIX', '2016-04-01', 'HOSTEL', 'PAID', 'CSS1590511', '2016-04-29', 27, 'G-1-11', 'Beliawanis'),
(514, 'DIT150159', 'STUDENT', 'COLLEGE', 'STADD', 260, 'FIX', '2016-04-01', 'HOSTEL', 'PAID', 'CSS1590512', '2016-04-29', 27, 'G-1-11', 'Beliawanis'),
(515, 'DBA140237', 'STUDENT', 'COLLEGE', 'STADD', 260, 'FIX', '2016-04-01', 'HOSTEL', 'PAID', 'CSS1590513', '2016-04-29', 27, 'G-2-2', 'Beliawanis'),
(516, 'DIT140127', 'STUDENT', 'COLLEGE', 'STADD', 260, 'FIX', '2016-04-01', 'HOSTEL', 'PAID', 'CSS1590514', '2016-04-29', 27, 'G-2-2', 'Beliawanis'),
(517, 'DIT130138', 'STUDENT', 'COLLEGE', 'STADD', 260, 'FIX', '2016-04-01', 'HOSTEL', 'PAID', 'CSS1590515', '2016-04-29', 27, 'E-2-5', 'Beliawanis'),
(518, 'DIT160150', 'STUDENT', 'COLLEGE', 'STADD', 260, 'FIX', '2016-04-01', 'HOSTEL', 'PAID', 'CSS1590516', '2016-04-29', 27, 'G-2-3', 'Beliawanis'),
(519, 'DCS150203', 'STUDENT', 'COLLEGE', 'STADD', 260, 'FIX', '2016-04-01', 'HOSTEL', 'PAID', 'CSS1590517', '2016-04-29', 27, 'G-2-3', 'Beliawanis'),
(520, 'DIT160141', 'STUDENT', 'COLLEGE', 'STADD', 220, 'FIX', '2015-09-01', 'HOSTEL', 'PAID', 'CSS1590518', '2015-09-27', 28, '3-0-10', 'Kompleks Belia DBKL'),
(521, 'DIT150183', 'STUDENT', 'COLLEGE', 'STADD', 220, 'FIX', '2015-09-07', 'HOSTEL', 'PAID', 'CSS1590519', '2015-09-25', 28, '3-0-10', 'Kompleks Belia DBKL'),
(522, 'DIT140136', 'STUDENT', 'COLLEGE', 'STADD', 220, 'FIX', '2015-09-07', 'HOSTEL', 'PAID', 'CSS1590520', '2015-09-30', 28, '3-0-10', 'Kompleks Belia DBKL'),
(523, 'DIC160229', 'STUDENT', 'COLLEGE', 'STADD', 220, 'FIX', '2015-09-01', 'HOSTEL', 'PAID', 'CSS1590521', '2015-09-23', 28, '3-0-10', 'Kompleks Belia DBKL'),
(524, 'DIC150288', 'STUDENT', 'COLLEGE', 'STADD', 220, 'FIX', '2015-09-07', 'HOSTEL', 'PAID', 'CSS1590522', '2015-09-23', 28, '3-4-8', 'Kompleks Belia DBKL'),
(525, 'DIC140187', 'STUDENT', 'COLLEGE', 'STADD', 220, 'FIX', '2015-09-07', 'HOSTEL', 'PAID', 'CSS1590523', '2015-09-30', 28, '3-4-8', 'Kompleks Belia DBKL'),
(526, 'DCS160178', 'STUDENT', 'COLLEGE', 'STADD', 220, 'FIX', '2015-09-01', 'HOSTEL', 'PAID', 'CSS1590524', '2015-09-25', 28, '3-4-8', 'Kompleks Belia DBKL'),
(527, 'DCS150237', 'STUDENT', 'COLLEGE', 'STADD', 220, 'FIX', '2015-09-07', 'HOSTEL', 'PAID', 'CSS1590525', '2015-09-27', 28, '3-4-8', 'Kompleks Belia DBKL'),
(528, 'DCS140176', 'STUDENT', 'COLLEGE', 'STADD', 220, 'FIX', '2015-09-07', 'HOSTEL', 'PAID', 'CSS1590526', '2015-09-27', 28, 'G0-90', 'Kompleks Belia DBKL'),
(529, 'DCE160267', 'STUDENT', 'COLLEGE', 'STADD', 220, 'FIX', '2015-09-01', 'HOSTEL', 'PAID', 'CSS1590527', '2015-09-25', 28, 'G0-90', 'Kompleks Belia DBKL'),
(530, 'DCE160241', 'STUDENT', 'COLLEGE', 'STADD', 220, 'FIX', '2015-09-01', 'HOSTEL', 'PAID', 'CSS1590528', '2015-09-30', 28, 'G0-90', 'Kompleks Belia DBKL'),
(531, 'DCE150315', 'STUDENT', 'COLLEGE', 'STADD', 220, 'FIX', '2015-09-07', 'HOSTEL', 'PAID', 'CSS1590529', '2015-09-23', 28, 'G0-90', 'Kompleks Belia DBKL'),
(532, 'DCE140209', 'STUDENT', 'COLLEGE', 'STADD', 220, 'FIX', '2015-09-07', 'HOSTEL', 'PAID', 'CSS1590530', '2015-09-23', 28, 'G0-91', 'Kompleks Belia DBKL'),
(533, 'DBA150150', 'STUDENT', 'COLLEGE', 'STADD', 220, 'FIX', '2015-09-01', 'HOSTEL', 'PAID', 'CSS1590531', '2015-09-30', 28, 'G0-91', 'Kompleks Belia DBKL'),
(534, 'DBA140231', 'STUDENT', 'COLLEGE', 'STADD', 220, 'FIX', '2015-09-07', 'HOSTEL', 'PAID', 'CSS1590532', '2015-09-25', 28, 'G0-91', 'Kompleks Belia DBKL'),
(535, 'DBA130126', 'STUDENT', 'COLLEGE', 'STADD', 220, 'FIX', '2015-09-07', 'HOSTEL', 'PAID', 'CSS1590533', '2015-09-27', 28, 'G0-91', 'Kompleks Belia DBKL'),
(536, 'DIT160146', 'STUDENT', 'COLLEGE', 'STADD', 220, 'FIX', '2015-09-01', 'HOSTEL', 'PAID', 'CSS1590534', '2015-09-27', 28, 'G0-92', 'Kompleks Belia DBKL'),
(537, 'DIT150188', 'STUDENT', 'COLLEGE', 'STADD', 220, 'FIX', '2015-09-07', 'HOSTEL', 'PAID', 'CSS1590535', '2015-09-25', 28, 'G0-92', 'Kompleks Belia DBKL'),
(538, 'DIT140141', 'STUDENT', 'COLLEGE', 'STADD', 220, 'FIX', '2015-09-07', 'HOSTEL', 'PAID', 'CSS1590536', '2015-09-30', 28, 'G0-92', 'Kompleks Belia DBKL'),
(539, 'DIC160234', 'STUDENT', 'COLLEGE', 'STADD', 220, 'FIX', '2015-09-01', 'HOSTEL', 'PAID', 'CSS1590537', '2015-09-23', 28, 'G0-92', 'Kompleks Belia DBKL'),
(540, 'DIC150293', 'STUDENT', 'COLLEGE', 'STADD', 220, 'FIX', '2015-09-07', 'HOSTEL', 'PAID', 'CSS1590539', '2015-09-23', 28, 'G0-93', 'Kompleks Belia DBKL'),
(541, 'DIC140192', 'STUDENT', 'COLLEGE', 'STADD', 220, 'FIX', '2015-09-07', 'HOSTEL', 'PAID', 'CSS1590540', '2015-09-30', 28, 'G0-93', 'Kompleks Belia DBKL'),
(542, 'DCS160195', 'STUDENT', 'COLLEGE', 'STADD', 220, 'FIX', '2015-09-07', 'HOSTEL', 'PAID', 'CSS1590541', '2015-09-25', 28, 'G0-92', 'Kompleks Belia DBKL'),
(543, 'DCS150242', 'STUDENT', 'COLLEGE', 'STADD', 220, 'FIX', '2015-09-07', 'HOSTEL', 'PAID', 'CSS1590542', '2015-09-27', 28, 'G0-93', 'Kompleks Belia DBKL'),
(544, 'DCE160241', 'STUDENT', 'COLLEGE', 'STADD', 220, 'FIX', '2015-10-01', 'HOSTEL', 'PAID', 'CSS1590544', '2015-10-30', 29, 'G0-90', 'Kompleks Belia DBKL'),
(545, 'DCE160267', 'STUDENT', 'COLLEGE', 'STADD', 220, 'FIX', '2015-10-01', 'HOSTEL', 'PAID', 'CSS1590545', '2015-10-25', 29, 'G0-90', 'Kompleks Belia DBKL'),
(546, 'DCS140176', 'STUDENT', 'COLLEGE', 'STADD', 220, 'FIX', '2015-10-01', 'HOSTEL', 'PAID', 'CSS1590546', '2015-10-27', 29, 'G0-90', 'Kompleks Belia DBKL'),
(547, 'DCS150237', 'STUDENT', 'COLLEGE', 'STADD', 220, 'FIX', '2015-10-01', 'HOSTEL', 'PAID', 'CSS1590547', '2015-10-27', 29, '3-4-8', 'Kompleks Belia DBKL'),
(548, 'DCS160178', 'STUDENT', 'COLLEGE', 'STADD', 220, 'FIX', '2015-10-01', 'HOSTEL', 'PAID', 'CSS1590548', '2015-10-25', 29, '3-4-8', 'Kompleks Belia DBKL'),
(549, 'DIC140187', 'STUDENT', 'COLLEGE', 'STADD', 220, 'FIX', '2015-10-01', 'HOSTEL', 'PAID', 'CSS1590549', '2015-10-30', 29, '3-4-8', 'Kompleks Belia DBKL'),
(550, 'DIC150288', 'STUDENT', 'COLLEGE', 'STADD', 220, 'FIX', '2015-10-01', 'HOSTEL', 'PAID', 'CSS1590550', '2015-10-23', 29, '3-4-8', 'Kompleks Belia DBKL'),
(551, 'DIC160229', 'STUDENT', 'COLLEGE', 'STADD', 220, 'FIX', '2015-10-01', 'HOSTEL', 'PAID', 'CSS1590551', '2015-10-23', 29, '3-0-10', 'Kompleks Belia DBKL'),
(552, 'DIT140136', 'STUDENT', 'COLLEGE', 'STADD', 220, 'FIX', '2015-10-01', 'HOSTEL', 'PAID', 'CSS1590552', '2015-10-30', 29, '3-0-10', 'Kompleks Belia DBKL'),
(553, 'DIT150183', 'STUDENT', 'COLLEGE', 'STADD', 220, 'FIX', '2015-10-01', 'HOSTEL', 'PAID', 'CSS1590553', '2015-10-25', 29, '3-0-10', 'Kompleks Belia DBKL'),
(554, 'DIT160141', 'STUDENT', 'COLLEGE', 'STADD', 220, 'FIX', '2015-10-01', 'HOSTEL', 'PAID', 'CSS1590554', '2015-10-27', 29, '3-0-10', 'Kompleks Belia DBKL'),
(555, 'DCS150242', 'STUDENT', 'COLLEGE', 'STADD', 220, 'FIX', '2015-10-01', 'HOSTEL', 'PAID', 'CSS1590555', '2015-10-27', 29, 'G0-93', 'Kompleks Belia DBKL'),
(556, 'DCS160195', 'STUDENT', 'COLLEGE', 'STADD', 220, 'FIX', '2015-10-01', 'HOSTEL', 'PAID', 'CSS1590556', '2015-10-25', 29, 'G0-92', 'Kompleks Belia DBKL'),
(557, 'DIC140192', 'STUDENT', 'COLLEGE', 'STADD', 220, 'FIX', '2015-10-01', 'HOSTEL', 'PAID', 'CSS1590557', '2015-10-30', 29, 'G0-93', 'Kompleks Belia DBKL'),
(558, 'DIC150293', 'STUDENT', 'COLLEGE', 'STADD', 220, 'FIX', '2015-10-01', 'HOSTEL', 'PAID', 'CSS1590558', '2015-10-23', 29, 'G0-93', 'Kompleks Belia DBKL'),
(559, 'DIC160234', 'STUDENT', 'COLLEGE', 'STADD', 220, 'FIX', '2015-10-01', 'HOSTEL', 'PAID', 'CSS1590559', '2015-10-23', 29, 'G0-92', 'Kompleks Belia DBKL'),
(560, 'DIT140141', 'STUDENT', 'COLLEGE', 'STADD', 220, 'FIX', '2015-10-01', 'HOSTEL', 'PAID', 'CSS1590560', '2015-10-30', 29, 'G0-92', 'Kompleks Belia DBKL'),
(561, 'DIT150188', 'STUDENT', 'COLLEGE', 'STADD', 220, 'FIX', '2015-10-01', 'HOSTEL', 'PAID', 'CSS1590561', '2015-10-25', 29, 'G0-92', 'Kompleks Belia DBKL'),
(562, 'DIT160146', 'STUDENT', 'COLLEGE', 'STADD', 220, 'FIX', '2015-10-01', 'HOSTEL', 'PAID', 'CSS1590562', '2015-10-27', 29, 'G0-92', 'Kompleks Belia DBKL'),
(563, 'DBA130126', 'STUDENT', 'COLLEGE', 'STADD', 220, 'FIX', '2015-10-01', 'HOSTEL', 'PAID', 'CSS1590563', '2015-10-27', 29, 'G0-91', 'Kompleks Belia DBKL'),
(564, 'DBA140231', 'STUDENT', 'COLLEGE', 'STADD', 220, 'FIX', '2015-10-01', 'HOSTEL', 'PAID', 'CSS1590564', '2015-10-25', 29, 'G0-91', 'Kompleks Belia DBKL'),
(565, 'DBA150150', 'STUDENT', 'COLLEGE', 'STADD', 220, 'FIX', '2015-10-01', 'HOSTEL', 'PAID', 'CSS1590565', '2015-10-30', 29, 'G0-91', 'Kompleks Belia DBKL'),
(566, 'DCE140209', 'STUDENT', 'COLLEGE', 'STADD', 220, 'FIX', '2015-10-01', 'HOSTEL', 'PAID', 'CSS1590566', '2015-10-23', 29, 'G0-91', 'Kompleks Belia DBKL'),
(567, 'DCE150315', 'STUDENT', 'COLLEGE', 'STADD', 220, 'FIX', '2015-10-01', 'HOSTEL', 'PAID', 'CSS1590567', '2015-10-23', 29, 'G0-90', 'Kompleks Belia DBKL'),
(568, 'DCS150242', 'STUDENT', 'COLLEGE', 'STADD', 220, 'FIX', '2015-11-01', 'HOSTEL', 'PAID', 'CSS1590568', '2015-11-27', 30, 'G0-93', 'Kompleks Belia DBKL'),
(569, 'DIT160141', 'STUDENT', 'COLLEGE', 'STADD', 220, 'FIX', '2015-11-01', 'HOSTEL', 'PAID', 'CSS1590569', '2015-11-27', 30, '3-0-10', 'Kompleks Belia DBKL'),
(570, 'DIT150183', 'STUDENT', 'COLLEGE', 'STADD', 220, 'FIX', '2015-11-01', 'HOSTEL', 'PAID', 'CSS1590570', '2015-11-25', 30, '3-0-10', 'Kompleks Belia DBKL'),
(571, 'DIT140136', 'STUDENT', 'COLLEGE', 'STADD', 220, 'FIX', '2015-11-01', 'HOSTEL', 'PAID', 'CSS1590571', '2015-11-30', 30, '3-0-10', 'Kompleks Belia DBKL'),
(572, 'DIC160229', 'STUDENT', 'COLLEGE', 'STADD', 220, 'FIX', '2015-11-01', 'HOSTEL', 'PAID', 'CSS1590572', '2015-11-23', 30, '3-0-10', 'Kompleks Belia DBKL'),
(573, 'DIC150288', 'STUDENT', 'COLLEGE', 'STADD', 220, 'FIX', '2015-11-01', 'HOSTEL', 'PAID', 'CSS1590573', '2015-11-23', 30, '3-4-8', 'Kompleks Belia DBKL'),
(574, 'DIC140187', 'STUDENT', 'COLLEGE', 'STADD', 220, 'FIX', '2015-11-01', 'HOSTEL', 'PAID', 'CSS1590574', '2015-11-30', 30, '3-4-8', 'Kompleks Belia DBKL'),
(575, 'DCS160178', 'STUDENT', 'COLLEGE', 'STADD', 220, 'FIX', '2015-11-01', 'HOSTEL', 'PAID', 'CSS1590575', '2015-11-25', 30, '3-4-8', 'Kompleks Belia DBKL'),
(576, 'DCS150237', 'STUDENT', 'COLLEGE', 'STADD', 220, 'FIX', '2015-11-01', 'HOSTEL', 'PAID', 'CSS1590576', '2015-11-27', 30, '3-4-8', 'Kompleks Belia DBKL'),
(577, 'DCS140176', 'STUDENT', 'COLLEGE', 'STADD', 220, 'FIX', '2015-11-01', 'HOSTEL', 'PAID', 'CSS1590577', '2015-11-27', 30, 'G0-90', 'Kompleks Belia DBKL'),
(578, 'DCE160267', 'STUDENT', 'COLLEGE', 'STADD', 220, 'FIX', '2015-11-01', 'HOSTEL', 'PAID', 'CSS1590578', '2015-11-25', 30, 'G0-90', 'Kompleks Belia DBKL'),
(579, 'DCE160241', 'STUDENT', 'COLLEGE', 'STADD', 220, 'FIX', '2015-11-01', 'HOSTEL', 'PAID', 'CSS1590579', '2015-11-30', 30, 'G0-90', 'Kompleks Belia DBKL'),
(580, 'DCE150315', 'STUDENT', 'COLLEGE', 'STADD', 220, 'FIX', '2015-11-01', 'HOSTEL', 'PAID', 'CSS1590580', '2015-11-23', 30, 'G0-90', 'Kompleks Belia DBKL'),
(581, 'DCE140209', 'STUDENT', 'COLLEGE', 'STADD', 220, 'FIX', '2015-11-01', 'HOSTEL', 'PAID', 'CSS1590581', '2015-11-23', 30, 'G0-91', 'Kompleks Belia DBKL'),
(582, 'DBA150150', 'STUDENT', 'COLLEGE', 'STADD', 220, 'FIX', '2015-11-01', 'HOSTEL', 'PAID', 'CSS1590582', '2015-11-30', 30, 'G0-91', 'Kompleks Belia DBKL'),
(583, 'DBA140231', 'STUDENT', 'COLLEGE', 'STADD', 220, 'FIX', '2015-11-01', 'HOSTEL', 'PAID', 'CSS1590583', '2015-11-25', 30, 'G0-91', 'Kompleks Belia DBKL'),
(584, 'DBA130126', 'STUDENT', 'COLLEGE', 'STADD', 220, 'FIX', '2015-11-01', 'HOSTEL', 'PAID', 'CSS1590584', '2015-11-27', 30, 'G0-91', 'Kompleks Belia DBKL'),
(585, 'DIT160146', 'STUDENT', 'COLLEGE', 'STADD', 220, 'FIX', '2015-11-01', 'HOSTEL', 'PAID', 'CSS1590585', '2015-11-27', 30, 'G0-92', 'Kompleks Belia DBKL'),
(586, 'DIT150188', 'STUDENT', 'COLLEGE', 'STADD', 220, 'FIX', '2015-11-01', 'HOSTEL', 'PAID', 'CSS1590586', '2015-11-25', 30, 'G0-92', 'Kompleks Belia DBKL'),
(587, 'DIT140141', 'STUDENT', 'COLLEGE', 'STADD', 220, 'FIX', '2015-11-01', 'HOSTEL', 'PAID', 'CSS1590587', '2015-11-30', 30, 'G0-92', 'Kompleks Belia DBKL'),
(588, 'DIC160234', 'STUDENT', 'COLLEGE', 'STADD', 220, 'FIX', '2015-11-01', 'HOSTEL', 'PAID', 'CSS1590588', '2015-11-23', 30, 'G0-92', 'Kompleks Belia DBKL'),
(589, 'DIC150293', 'STUDENT', 'COLLEGE', 'STADD', 220, 'FIX', '2015-11-01', 'HOSTEL', 'PAID', 'CSS1590589', '2015-11-23', 30, 'G0-93', 'Kompleks Belia DBKL'),
(590, 'DIC140192', 'STUDENT', 'COLLEGE', 'STADD', 220, 'FIX', '2015-11-01', 'HOSTEL', 'PAID', 'CSS1590590', '2015-11-30', 30, 'G0-93', 'Kompleks Belia DBKL'),
(591, 'DCS160195', 'STUDENT', 'COLLEGE', 'STADD', 220, 'FIX', '2015-11-01', 'HOSTEL', 'PAID', 'CSS1590591', '2015-11-25', 30, 'G0-92', 'Kompleks Belia DBKL'),
(592, 'DCE150315', 'STUDENT', 'COLLEGE', 'STADD', 220, 'FIX', '2015-12-01', 'HOSTEL', 'PAID', 'CSS1590592', '2015-12-23', 31, 'G0-90', 'Kompleks Belia DBKL'),
(593, 'DCE160241', 'STUDENT', 'COLLEGE', 'STADD', 220, 'FIX', '2015-12-01', 'HOSTEL', 'PAID', 'CSS1590592', '2015-12-30', 31, 'G0-90', 'Kompleks Belia DBKL'),
(594, 'DCE160267', 'STUDENT', 'COLLEGE', 'STADD', 220, 'FIX', '2015-12-01', 'HOSTEL', 'PAID', 'CSS1590593', '2015-12-25', 31, 'G0-90', 'Kompleks Belia DBKL'),
(595, 'DCS140176', 'STUDENT', 'COLLEGE', 'STADD', 220, 'FIX', '2015-12-01', 'HOSTEL', 'PAID', 'CSS1590594', '2015-12-27', 31, 'G0-90', 'Kompleks Belia DBKL'),
(596, 'DCS150237', 'STUDENT', 'COLLEGE', 'STADD', 220, 'FIX', '2015-12-01', 'HOSTEL', 'PAID', 'CSS1590595', '2015-12-27', 31, '3-4-8', 'Kompleks Belia DBKL'),
(597, 'DCS160178', 'STUDENT', 'COLLEGE', 'STADD', 220, 'FIX', '2015-12-01', 'HOSTEL', 'PAID', 'CSS1590596', '2015-12-25', 31, '3-4-8', 'Kompleks Belia DBKL'),
(598, 'DIC140187', 'STUDENT', 'COLLEGE', 'STADD', 220, 'FIX', '2015-12-01', 'HOSTEL', 'PAID', 'CSS1590597', '2015-12-30', 31, '3-4-8', 'Kompleks Belia DBKL'),
(599, 'DIC150288', 'STUDENT', 'COLLEGE', 'STADD', 220, 'FIX', '2015-12-01', 'HOSTEL', 'PAID', 'CSS1590598', '2015-12-23', 31, '3-4-8', 'Kompleks Belia DBKL'),
(600, 'DIC160229', 'STUDENT', 'COLLEGE', 'STADD', 220, 'FIX', '2015-12-01', 'HOSTEL', 'PAID', 'CSS1590599', '2015-12-23', 31, '3-0-10', 'Kompleks Belia DBKL'),
(601, 'DIT140136', 'STUDENT', 'COLLEGE', 'STADD', 220, 'FIX', '2015-12-01', 'HOSTEL', 'PAID', 'CSS1590600', '2015-12-30', 31, '3-0-10', 'Kompleks Belia DBKL'),
(602, 'DIT150183', 'STUDENT', 'COLLEGE', 'STADD', 220, 'FIX', '2015-12-01', 'HOSTEL', 'PAID', 'CSS1590601', '2015-12-25', 31, '3-0-10', 'Kompleks Belia DBKL'),
(603, 'DIT160141', 'STUDENT', 'COLLEGE', 'STADD', 220, 'FIX', '2015-12-01', 'HOSTEL', 'PAID', 'CSS1590602', '2015-12-27', 31, '3-0-10', 'Kompleks Belia DBKL'),
(604, 'DCS150242', 'STUDENT', 'COLLEGE', 'STADD', 220, 'FIX', '2015-12-01', 'HOSTEL', 'PAID', 'CSS1590603', '2015-12-27', 31, 'G0-93', 'Kompleks Belia DBKL'),
(605, 'DCS160195', 'STUDENT', 'COLLEGE', 'STADD', 220, 'FIX', '2015-12-01', 'HOSTEL', 'PAID', 'CSS1590604', '2015-12-25', 31, 'G0-92', 'Kompleks Belia DBKL'),
(606, 'DIC140192', 'STUDENT', 'COLLEGE', 'STADD', 220, 'FIX', '2015-12-01', 'HOSTEL', 'PAID', 'CSS1590605', '2015-12-30', 31, 'G0-93', 'Kompleks Belia DBKL'),
(607, 'DIC150293', 'STUDENT', 'COLLEGE', 'STADD', 220, 'FIX', '2015-12-01', 'HOSTEL', 'PAID', 'CSS1590606', '2015-12-23', 31, 'G0-93', 'Kompleks Belia DBKL'),
(608, 'DIC160234', 'STUDENT', 'COLLEGE', 'STADD', 220, 'FIX', '2015-12-01', 'HOSTEL', 'PAID', 'CSS1590607', '2015-12-23', 31, 'G0-92', 'Kompleks Belia DBKL'),
(609, 'DIT140141', 'STUDENT', 'COLLEGE', 'STADD', 220, 'FIX', '2015-12-01', 'HOSTEL', 'PAID', 'CSS1590608', '2015-12-30', 31, 'G0-92', 'Kompleks Belia DBKL'),
(610, 'DIT150188', 'STUDENT', 'COLLEGE', 'STADD', 220, 'FIX', '2015-12-01', 'HOSTEL', 'PAID', 'CSS1590609', '2015-12-25', 31, 'G0-92', 'Kompleks Belia DBKL'),
(611, 'DIT160146', 'STUDENT', 'COLLEGE', 'STADD', 220, 'FIX', '2015-12-01', 'HOSTEL', 'PAID', 'CSS1590610', '2015-12-27', 31, 'G0-92', 'Kompleks Belia DBKL'),
(612, 'DBA130126', 'STUDENT', 'COLLEGE', 'STADD', 220, 'FIX', '2015-12-01', 'HOSTEL', 'PAID', 'CSS1590611', '2015-12-27', 31, 'G0-91', 'Kompleks Belia DBKL'),
(613, 'DBA140231', 'STUDENT', 'COLLEGE', 'STADD', 220, 'FIX', '2015-12-01', 'HOSTEL', 'PAID', 'CSS1590613', '2015-12-25', 31, 'G0-91', 'Kompleks Belia DBKL'),
(614, 'DBA150150', 'STUDENT', 'COLLEGE', 'STADD', 220, 'FIX', '2015-12-01', 'HOSTEL', 'PAID', 'CSS1590614', '2015-12-30', 31, 'G0-91', 'Kompleks Belia DBKL'),
(615, 'DCE140209', 'STUDENT', 'COLLEGE', 'STADD', 220, 'FIX', '2015-12-01', 'HOSTEL', 'PAID', 'CSS1590615', '2015-12-23', 31, 'G0-91', 'Kompleks Belia DBKL'),
(616, 'DIT140136', 'STUDENT', 'COLLEGE', 'STADD', 80, 'DAY', '2016-01-01', 'HOSTEL', 'PAID', 'CSS1590616', '2016-01-08', 32, '3-0-10', 'Kompleks Belia DBKL'),
(617, 'DIC140187', 'STUDENT', 'COLLEGE', 'STADD', 150, 'DAY', '2016-01-01', 'HOSTEL', 'PAID', 'CSS1590617', '2016-01-01', 32, '3-4-8', 'Kompleks Belia DBKL'),
(618, 'DCS160178', 'STUDENT', 'COLLEGE', 'STADD', 220, 'FIX', '2016-01-01', 'HOSTEL', 'PAID', 'CSS1590618', '2016-01-30', 32, '3-4-8', 'Kompleks Belia DBKL'),
(619, 'DCS140176', 'STUDENT', 'COLLEGE', 'STADD', 220, 'FIX', '2016-01-01', 'HOSTEL', 'PAID', 'CSS1590619', '2016-01-30', 32, 'G0-90', 'Kompleks Belia DBKL'),
(620, 'DCE150315', 'STUDENT', 'COLLEGE', 'STADD', 220, 'FIX', '2016-01-01', 'HOSTEL', 'PAID', 'CSS1590620', '2016-01-30', 32, 'G0-90', 'Kompleks Belia DBKL'),
(621, 'DCE140209', 'STUDENT', 'COLLEGE', 'STADD', 70, 'DAY', '2016-01-01', 'HOSTEL', 'PAID', 'CSS1590621', '2016-01-07', 32, 'G0-91', 'Kompleks Belia DBKL'),
(622, 'DBA130126', 'STUDENT', 'COLLEGE', 'STADD', 80, 'DAY', '2016-01-01', 'HOSTEL', 'PAID', 'CSS1590622', '2016-01-08', 32, 'G0-91', 'Kompleks Belia DBKL'),
(623, 'DIT140141', 'STUDENT', 'COLLEGE', 'STADD', 220, 'FIX', '2016-01-01', 'HOSTEL', 'PAID', 'CSS1590623', '2016-01-30', 32, 'G0-92', 'Kompleks Belia DBKL'),
(624, 'DIC140192', 'STUDENT', 'COLLEGE', 'STADD', 220, 'FIX', '2016-01-01', 'HOSTEL', 'PAID', 'CSS1590625', '2016-01-30', 32, 'G0-93', 'Kompleks Belia DBKL'),
(625, 'DIT160141', 'STUDENT', 'COLLEGE', 'STADD', 220, 'FIX', '2016-01-01', 'HOSTEL', 'PAID', 'CSS1590628', '2016-01-27', 32, '3-0-10', 'Kompleks Belia DBKL'),
(626, 'DIT150183', 'STUDENT', 'COLLEGE', 'STADD', 220, 'FIX', '2016-01-01', 'HOSTEL', 'PAID', 'CSS1590629', '2016-01-25', 32, '3-0-10', 'Kompleks Belia DBKL'),
(627, 'DIC160229', 'STUDENT', 'COLLEGE', 'STADD', 220, 'FIX', '2016-01-01', 'HOSTEL', 'PAID', 'CSS1590630', '2016-01-23', 32, '3-0-10', 'Kompleks Belia DBKL'),
(628, 'DIC150288', 'STUDENT', 'COLLEGE', 'STADD', 220, 'FIX', '2016-01-01', 'HOSTEL', 'PAID', 'CSS1590631', '2016-01-23', 32, '3-4-8', 'Kompleks Belia DBKL'),
(629, 'DCS150237', 'STUDENT', 'COLLEGE', 'STADD', 220, 'FIX', '2016-01-01', 'HOSTEL', 'PAID', 'CSS1590632', '2016-01-27', 32, '3-4-8', 'Kompleks Belia DBKL'),
(630, 'DCE160267', 'STUDENT', 'COLLEGE', 'STADD', 220, 'FIX', '2016-01-01', 'HOSTEL', 'PAID', 'CSS1590633', '2016-01-25', 32, 'G0-90', 'Kompleks Belia DBKL'),
(631, 'DCE160241', 'STUDENT', 'COLLEGE', 'STADD', 220, 'FIX', '2016-01-01', 'HOSTEL', 'PAID', 'CSS1590634', '2016-01-30', 32, 'G0-90', 'Kompleks Belia DBKL'),
(632, 'DBA150150', 'STUDENT', 'COLLEGE', 'STADD', 220, 'FIX', '2016-01-01', 'HOSTEL', 'PAID', 'CSS1590635', '2016-01-30', 32, 'G0-91', 'Kompleks Belia DBKL'),
(633, 'DBA140231', 'STUDENT', 'COLLEGE', 'STADD', 220, 'FIX', '2016-01-01', 'HOSTEL', 'PAID', 'CSS1590636', '2016-01-25', 32, 'G0-91', 'Kompleks Belia DBKL'),
(634, 'DIT160146', 'STUDENT', 'COLLEGE', 'STADD', 220, 'FIX', '2016-01-01', 'HOSTEL', 'PAID', 'CSS1590637', '2016-01-27', 32, 'G0-92', 'Kompleks Belia DBKL'),
(635, 'DIT150188', 'STUDENT', 'COLLEGE', 'STADD', 220, 'FIX', '2016-01-01', 'HOSTEL', 'PAID', 'CSS1590638', '2016-01-25', 32, 'G0-92', 'Kompleks Belia DBKL'),
(636, 'DIC160234', 'STUDENT', 'COLLEGE', 'STADD', 220, 'FIX', '2016-01-01', 'HOSTEL', 'PAID', 'CSS1590639', '2016-01-23', 32, 'G0-92', 'Kompleks Belia DBKL'),
(637, 'DIC150293', 'STUDENT', 'COLLEGE', 'STADD', 220, 'FIX', '2016-01-01', 'HOSTEL', 'PAID', 'CSS15906640', '2016-01-23', 32, 'G0-93', 'Kompleks Belia DBKL'),
(638, 'DCS160195', 'STUDENT', 'COLLEGE', 'STADD', 220, 'FIX', '2016-01-01', 'HOSTEL', 'PAID', 'CSS1590641', '2016-01-25', 32, 'G0-93', 'Kompleks Belia DBKL'),
(639, 'DCS150242', 'STUDENT', 'COLLEGE', 'STADD', 220, 'FIX', '2016-01-01', 'HOSTEL', 'PAID', 'CSS1590642', '2016-01-27', 32, 'G0-93', 'Kompleks Belia DBKL'),
(640, 'DCS150242', 'STUDENT', 'COLLEGE', 'STADD', 220, 'FIX', '2016-02-01', 'HOSTEL', 'PAID', 'CSS1590643', '2016-02-27', 33, 'G0-93', 'Kompleks Belia DBKL'),
(641, 'DCS160195', 'STUDENT', 'COLLEGE', 'STADD', 220, 'FIX', '2016-02-01', 'HOSTEL', 'PAID', 'CSS1590644', '2016-02-25', 33, 'G0-93', 'Kompleks Belia DBKL'),
(642, 'DIC150293', 'STUDENT', 'COLLEGE', 'STADD', 220, 'FIX', '2016-02-01', 'HOSTEL', 'PAID', 'CSS1590645', '2016-02-23', 33, 'G0-93', 'Kompleks Belia DBKL'),
(643, 'DIC160234', 'STUDENT', 'COLLEGE', 'STADD', 220, 'FIX', '2016-02-01', 'HOSTEL', 'PAID', 'CSS1590646', '2016-02-23', 33, 'G0-92', 'Kompleks Belia DBKL'),
(644, 'DIT150188', 'STUDENT', 'COLLEGE', 'STADD', 220, 'FIX', '2016-02-01', 'HOSTEL', 'PAID', 'CSS1590647', '2016-02-25', 33, 'G0-92', 'Kompleks Belia DBKL'),
(645, 'DIT160146', 'STUDENT', 'COLLEGE', 'STADD', 220, 'FIX', '2016-02-01', 'HOSTEL', 'PAID', 'CSS1590648', '2016-02-27', 33, 'G0-92', 'Kompleks Belia DBKL'),
(646, 'DBA140231', 'STUDENT', 'COLLEGE', 'STADD', 220, 'FIX', '2016-02-01', 'HOSTEL', 'PAID', 'CSS1590649', '2016-02-25', 33, 'G0-91', 'Kompleks Belia DBKL'),
(647, 'DBA150150', 'STUDENT', 'COLLEGE', 'STADD', 220, 'FIX', '2016-02-01', 'HOSTEL', 'PAID', 'CSS1590650', '2016-02-20', 33, 'G0-91', 'Kompleks Belia DBKL'),
(648, 'DCE160241', 'STUDENT', 'COLLEGE', 'STADD', 220, 'FIX', '2016-02-01', 'HOSTEL', 'PAID', 'CSS1590651', '2016-02-10', 33, 'G0-90', 'Kompleks Belia DBKL'),
(649, 'DCE160267', 'STUDENT', 'COLLEGE', 'STADD', 220, 'FIX', '2016-02-01', 'HOSTEL', 'PAID', 'CSS1590652', '2016-02-25', 33, 'G0-90', 'Kompleks Belia DBKL'),
(650, 'DCS150237', 'STUDENT', 'COLLEGE', 'STADD', 220, 'FIX', '2016-02-01', 'HOSTEL', 'PAID', 'CSS1590653', '2016-02-27', 33, '3-4-8', 'Kompleks Belia DBKL'),
(651, 'DIC150288', 'STUDENT', 'COLLEGE', 'STADD', 220, 'FIX', '2016-02-01', 'HOSTEL', 'PAID', 'CSS1590654', '2016-02-23', 33, '3-4-8', 'Kompleks Belia DBKL'),
(652, 'DIC160229', 'STUDENT', 'COLLEGE', 'STADD', 220, 'FIX', '2016-02-01', 'HOSTEL', 'PAID', 'CSS1590655', '2016-02-23', 33, '3-0-10', 'Kompleks Belia DBKL'),
(653, 'DIT150183', 'STUDENT', 'COLLEGE', 'STADD', 220, 'FIX', '2016-02-01', 'HOSTEL', 'PAID', 'CSS1590656', '2016-02-25', 33, '3-0-10', 'Kompleks Belia DBKL'),
(654, 'DIT160141', 'STUDENT', 'COLLEGE', 'STADD', 220, 'FIX', '2016-02-01', 'HOSTEL', 'PAID', 'CSS1590657', '2016-02-27', 33, '3-0-10', 'Kompleks Belia DBKL'),
(655, 'DIT140136', 'STUDENT', 'COLLEGE', 'STADD', 220, 'FIX', '2016-02-01', 'HOSTEL', 'PAID', 'CSS1590658', '2016-02-27', 33, '3-0-10', 'Kompleks Belia DBKL'),
(656, 'DIC140187', 'STUDENT', 'COLLEGE', 'STADD', 220, 'FIX', '2016-02-01', 'HOSTEL', 'PAID', 'CSS1590659', '2016-02-25', 33, '3-4-8', 'Kompleks Belia DBKL'),
(657, 'DCS160178', 'STUDENT', 'COLLEGE', 'STADD', 220, 'FIX', '2016-02-01', 'HOSTEL', 'PAID', 'CSS1590660', '2016-02-23', 33, '3-4-8', 'Kompleks Belia DBKL'),
(658, 'DCS140176', 'STUDENT', 'COLLEGE', 'STADD', 220, 'FIX', '2016-02-01', 'HOSTEL', 'PAID', 'CSS1590661', '2016-02-23', 33, 'G0-90', 'Kompleks Belia DBKL'),
(659, 'DCE150315', 'STUDENT', 'COLLEGE', 'STADD', 220, 'FIX', '2016-02-01', 'HOSTEL', 'PAID', 'CSS1590662', '2016-02-27', 33, 'G0-90', 'Kompleks Belia DBKL'),
(660, 'DCE140209', 'STUDENT', 'COLLEGE', 'STADD', 220, 'FIX', '2016-02-01', 'HOSTEL', 'PAID', 'CSS1590663', '2016-02-25', 33, 'G0-91', 'Kompleks Belia DBKL'),
(661, 'DBA130126', 'STUDENT', 'COLLEGE', 'STADD', 220, 'FIX', '2016-02-01', 'HOSTEL', 'PAID', 'CSS1590664', '2016-02-10', 33, 'G0-91', 'Kompleks Belia DBKL'),
(662, 'DIT140141', 'STUDENT', 'COLLEGE', 'STADD', 220, 'FIX', '2016-02-01', 'HOSTEL', 'PAID', 'CSS1590665', '2016-02-20', 33, 'G0-92', 'Kompleks Belia DBKL'),
(663, 'DIC140192', 'STUDENT', 'COLLEGE', 'STADD', 220, 'FIX', '2016-02-01', 'HOSTEL', 'PAID', 'CSS1590666', '2016-02-25', 33, 'G0-93', 'Kompleks Belia DBKL'),
(664, 'DBA150150', 'STUDENT', 'COLLEGE', 'STADD', 220, 'FIX', '2016-03-01', 'HOSTEL', 'PAID', 'CSS1590664', '2016-03-28', 34, 'G0-91', 'Kompleks Belia DBKL'),
(665, 'DIC150288', 'STUDENT', 'COLLEGE', 'STADD', 220, 'FIX', '2016-03-01', 'HOSTEL', 'PAID', 'CSS1590665', '2016-03-23', 34, '3-4-8', 'Kompleks Belia DBKL'),
(666, 'DCS150237', 'STUDENT', 'COLLEGE', 'STADD', 220, 'FIX', '2016-03-01', 'HOSTEL', 'PAID', 'CSS1590666', '2016-03-27', 34, '3-4-8', 'Kompleks Belia DBKL'),
(667, 'DCE160267', 'STUDENT', 'COLLEGE', 'STADD', 220, 'FIX', '2016-03-01', 'HOSTEL', 'PAID', 'CSS1590667', '2016-03-25', 34, 'G0-90', 'Kompleks Belia DBKL'),
(668, 'DCE160241', 'STUDENT', 'COLLEGE', 'STADD', 220, 'FIX', '2016-03-01', 'HOSTEL', 'PAID', 'CSS1590668', '2016-03-10', 34, 'G0-90', 'Kompleks Belia DBKL'),
(669, 'DBA140231', 'STUDENT', 'COLLEGE', 'STADD', 220, 'FIX', '2016-03-01', 'HOSTEL', 'PAID', 'CSS1590669', '2016-03-25', 34, 'G0-91', 'Kompleks Belia DBKL'),
(670, 'DIT160146', 'STUDENT', 'COLLEGE', 'STADD', 220, 'FIX', '2016-03-01', 'HOSTEL', 'PAID', 'CSS1590670', '2016-03-27', 34, 'G0-92', 'Kompleks Belia DBKL');
INSERT INTO `pay_details` (`pay_rec_id`, `payer_id`, `payer_type`, `payee_type`, `payee_name`, `amount`, `fee_type`, `date_issued`, `pay_type`, `status`, `pay_voucher`, `date_of_payment`, `fees_id`, `unit_no`, `hos_name`) VALUES
(671, 'DIT150188', 'STUDENT', 'COLLEGE', 'STADD', 220, 'FIX', '2016-03-01', 'HOSTEL', 'PAID', 'CSS1590671', '2016-03-25', 34, 'G0-92', 'Kompleks Belia DBKL'),
(672, 'DIC160234', 'STUDENT', 'COLLEGE', 'STADD', 220, 'FIX', '2016-03-01', 'HOSTEL', 'PAID', 'CSS1590672', '2016-03-23', 34, 'G0-92', 'Kompleks Belia DBKL'),
(673, 'DIC150293', 'STUDENT', 'COLLEGE', 'STADD', 220, 'FIX', '2016-03-01', 'HOSTEL', 'PAID', 'CSS1590673', '2016-03-23', 34, 'G0-93', 'Kompleks Belia DBKL'),
(674, 'DCS160195', 'STUDENT', 'COLLEGE', 'STADD', 220, 'FIX', '2016-03-01', 'HOSTEL', 'PAID', 'CSS1590674', '2016-03-25', 34, 'G0-93', 'Kompleks Belia DBKL'),
(675, 'DCS150242', 'STUDENT', 'COLLEGE', 'STADD', 220, 'FIX', '2016-03-01', 'HOSTEL', 'PAID', 'CSS1590675', '2016-03-27', 34, 'G0-93', 'Kompleks Belia DBKL'),
(676, 'DIC140192', 'STUDENT', 'COLLEGE', 'STADD', 220, 'FIX', '2016-03-01', 'HOSTEL', 'PAID', 'CSS1590676', '2016-03-25', 34, 'G0-93', 'Kompleks Belia DBKL'),
(677, 'DIT140141', 'STUDENT', 'COLLEGE', 'STADD', 220, 'FIX', '2016-03-01', 'HOSTEL', 'PAID', 'CSS1590677', '2016-03-20', 34, 'G0-92', 'Kompleks Belia DBKL'),
(678, 'DBA130126', 'STUDENT', 'COLLEGE', 'STADD', 220, 'FIX', '2016-03-01', 'HOSTEL', 'PAID', 'CSS1590678', '2016-03-10', 34, 'G0-91', 'Kompleks Belia DBKL'),
(679, 'DCE140209', 'STUDENT', 'COLLEGE', 'STADD', 220, 'FIX', '2016-03-01', 'HOSTEL', 'PAID', 'CSS1590679', '2016-03-25', 34, 'G0-91', 'Kompleks Belia DBKL'),
(680, 'DCE150315', 'STUDENT', 'COLLEGE', 'STADD', 220, 'FIX', '2016-03-01', 'HOSTEL', 'PAID', 'CSS1590680', '2016-03-27', 34, 'G0-90', 'Kompleks Belia DBKL'),
(681, 'DCS140176', 'STUDENT', 'COLLEGE', 'STADD', 220, 'FIX', '2016-03-01', 'HOSTEL', 'PAID', 'CSS1590681', '2016-03-23', 34, 'G0-90', 'Kompleks Belia DBKL'),
(682, 'DCS160178', 'STUDENT', 'COLLEGE', 'STADD', 220, 'FIX', '2016-03-01', 'HOSTEL', 'PAID', 'CSS1590682', '2016-03-23', 34, '3-4-8', 'Kompleks Belia DBKL'),
(683, 'DIC140187', 'STUDENT', 'COLLEGE', 'STADD', 220, 'FIX', '2016-03-01', 'HOSTEL', 'PAID', 'CSS1590683', '2016-03-25', 34, '3-4-8', 'Kompleks Belia DBKL'),
(684, 'DIT140136', 'STUDENT', 'COLLEGE', 'STADD', 220, 'FIX', '2016-03-01', 'HOSTEL', 'PAID', 'CSS1590684', '2016-03-27', 34, '3-0-10', 'Kompleks Belia DBKL'),
(685, 'DIT160141', 'STUDENT', 'COLLEGE', 'STADD', 220, 'FIX', '2016-03-01', 'HOSTEL', 'PAID', 'CSS1590685', '2016-03-27', 34, '3-0-10', 'Kompleks Belia DBKL'),
(686, 'DIT150183', 'STUDENT', 'COLLEGE', 'STADD', 220, 'FIX', '2016-03-01', 'HOSTEL', 'PAID', 'CSS1590686', '2016-03-25', 34, '3-0-10', 'Kompleks Belia DBKL'),
(687, 'DIC160229', 'STUDENT', 'COLLEGE', 'STADD', 220, 'FIX', '2016-03-01', 'HOSTEL', 'PAID', 'CSS1590687', '2016-03-23', 34, '3-0-10', 'Kompleks Belia DBKL'),
(689, 'DCS150242', 'STUDENT', 'COLLEGE', 'STADD', 240, 'FIX', '2016-04-01', 'HOSTEL', 'PAID', 'CSS1590688', '2016-04-27', 35, 'G0-93', 'Kompleks Belia DBKL'),
(690, 'DCS160195', 'STUDENT', 'COLLEGE', 'STADD', 240, 'FIX', '2016-04-01', 'HOSTEL', 'PAID', 'CSS1590689', '2016-04-25', 35, 'G0-93', 'Kompleks Belia DBKL'),
(691, 'DIC150293', 'STUDENT', 'COLLEGE', 'STADD', 240, 'FIX', '2016-04-01', 'HOSTEL', 'PAID', 'CSS1590690', '2016-04-23', 35, 'G0-93', 'Kompleks Belia DBKL'),
(692, 'DIC160234', 'STUDENT', 'COLLEGE', 'STADD', 240, 'FIX', '2016-04-01', 'HOSTEL', 'PAID', 'CSS1590691', '2016-04-23', 35, 'G0-92', 'Kompleks Belia DBKL'),
(693, 'DIT150188', 'STUDENT', 'COLLEGE', 'STADD', 240, 'FIX', '2016-04-01', 'HOSTEL', 'PAID', 'CSS1590692', '2016-04-25', 35, 'G0-92', 'Kompleks Belia DBKL'),
(694, 'DIT160146', 'STUDENT', 'COLLEGE', 'STADD', 240, 'FIX', '2016-04-01', 'HOSTEL', 'PAID', 'CSS1590693', '2016-04-27', 35, 'G0-92', 'Kompleks Belia DBKL'),
(695, 'DBA140231', 'STUDENT', 'COLLEGE', 'STADD', 240, 'FIX', '2016-04-01', 'HOSTEL', 'PAID', 'CSS1590694', '2016-04-25', 35, 'G0-91', 'Kompleks Belia DBKL'),
(696, 'DCE160241', 'STUDENT', 'COLLEGE', 'STADD', 240, 'FIX', '2016-04-01', 'HOSTEL', 'PAID', 'CSS1590695', '2016-04-10', 35, 'G0-90', 'Kompleks Belia DBKL'),
(697, 'DCE160267', 'STUDENT', 'COLLEGE', 'STADD', 240, 'FIX', '2016-04-01', 'HOSTEL', 'PAID', 'CSS1590696', '2016-04-25', 35, 'G0-90', 'Kompleks Belia DBKL'),
(698, 'DCS150237', 'STUDENT', 'COLLEGE', 'STADD', 240, 'FIX', '2016-04-01', 'HOSTEL', 'PAID', 'CSS1590697', '2016-04-27', 35, '3-4-8', 'Kompleks Belia DBKL'),
(699, 'DIC150288', 'STUDENT', 'COLLEGE', 'STADD', 240, 'FIX', '2016-04-01', 'HOSTEL', 'PAID', 'CSS1590698', '2016-04-23', 35, '3-4-8', 'Kompleks Belia DBKL'),
(701, 'DIC160229', 'STUDENT', 'COLLEGE', 'STADD', 240, 'FIX', '2016-04-01', 'HOSTEL', 'PAID', 'CSS1590700', '2016-04-23', 35, '3-0-10', 'Kompleks Belia DBKL'),
(702, 'DIT150183', 'STUDENT', 'COLLEGE', 'STADD', 240, 'FIX', '2016-04-01', 'HOSTEL', 'PAID', 'CSS1590701', '2016-04-25', 35, '3-0-10', 'Kompleks Belia DBKL'),
(703, 'DIT160141', 'STUDENT', 'COLLEGE', 'STADD', 240, 'FIX', '2016-04-01', 'HOSTEL', 'PAID', 'CSS1590702', '2016-04-27', 35, '3-0-10', 'Kompleks Belia DBKL'),
(704, 'DIT140136', 'STUDENT', 'COLLEGE', 'STADD', 240, 'FIX', '2016-04-01', 'HOSTEL', 'PAID', 'CSS1590703', '2016-04-27', 35, '3-0-10', 'Kompleks Belia DBKL'),
(705, 'DIC140187', 'STUDENT', 'COLLEGE', 'STADD', 240, 'FIX', '2016-04-01', 'HOSTEL', 'PAID', 'CSS1590704', '2016-04-25', 35, '3-4-8', 'Kompleks Belia DBKL'),
(706, 'DCS160178', 'STUDENT', 'COLLEGE', 'STADD', 240, 'FIX', '2016-04-01', 'HOSTEL', 'PAID', 'CSS1590705', '2016-04-23', 35, '3-4-8', 'Kompleks Belia DBKL'),
(707, 'DCS140176', 'STUDENT', 'COLLEGE', 'STADD', 240, 'FIX', '2016-04-01', 'HOSTEL', 'PAID', 'CSS1590706', '2016-04-23', 35, 'G0-90', 'Kompleks Belia DBKL'),
(708, 'DCE150315', 'STUDENT', 'COLLEGE', 'STADD', 240, 'FIX', '2016-04-01', 'HOSTEL', 'PAID', 'CSS1590707', '2016-04-27', 35, 'G0-90', 'Kompleks Belia DBKL'),
(709, 'DCE140209', 'STUDENT', 'COLLEGE', 'STADD', 240, 'FIX', '2016-04-01', 'HOSTEL', 'PAID', 'CSS1590708', '2016-04-25', 35, 'G0-91', 'Kompleks Belia DBKL'),
(710, 'DBA130126', 'STUDENT', 'COLLEGE', 'STADD', 240, 'FIX', '2016-04-01', 'HOSTEL', 'PAID', 'CSS1590709', '2016-04-10', 35, 'G0-91', 'Kompleks Belia DBKL'),
(711, 'DIT140141', 'STUDENT', 'COLLEGE', 'STADD', 240, 'FIX', '2016-04-01', 'HOSTEL', 'PAID', 'CSS1590710', '2016-04-20', 35, 'G0-92', 'Kompleks Belia DBKL'),
(712, 'DIC140192', 'STUDENT', 'COLLEGE', 'STADD', 240, 'FIX', '2016-04-01', 'HOSTEL', 'PAID', 'CSS1590711', '2016-04-25', 35, 'G0-93', 'Kompleks Belia DBKL'),
(713, 'DCS150242', 'STUDENT', 'COLLEGE', 'STADD', 240, 'FIX', '2016-04-01', 'HOSTEL', 'PAID', 'CSS1590712', '2016-04-27', 35, 'G0-93', 'Kompleks Belia DBKL'),
(714, 'DIC150255', 'STUDENT', 'COLLEGE', 'STADD', 220, 'FIX', '2015-09-07', 'HOSTEL', 'PAID', 'CSS1590713', '2015-09-27', 36, 'G-3-2', 'Sri Kuching'),
(715, 'DIC160213', 'STUDENT', 'COLLEGE', 'STADD', 220, 'FIX', '2015-09-01', 'HOSTEL', 'PAID', 'CSS1590714', '2015-09-25', 36, 'G-3-2', 'Sri Kuching'),
(716, 'DCE160237', 'STUDENT', 'COLLEGE', 'STADD', 220, 'FIX', '2015-09-01', 'HOSTEL', 'PAID', 'CSS1590715', '2015-09-20', 36, 'G-3-2', 'Sri Kuching'),
(717, 'DIC140287', 'STUDENT', 'COLLEGE', 'STADD', 220, 'FIX', '2015-09-07', 'HOSTEL', 'PAID', 'CSS1590716', '2015-09-10', 36, 'G-3-2', 'Sri Kuching'),
(718, 'DCS140266', 'STUDENT', 'COLLEGE', 'STADD', 220, 'FIX', '2015-09-07', 'HOSTEL', 'PAID', 'CSS1590717', '2015-09-25', 36, 'G-3-2', 'Sri Kuching'),
(719, 'DCE130206', 'STUDENT', 'COLLEGE', 'STADD', 220, 'FIX', '2015-09-07', 'HOSTEL', 'PAID', 'CSS1590718', '2015-09-27', 36, 'G-3-2', 'Sri Kuching'),
(720, 'DBA130109', 'STUDENT', 'COLLEGE', 'STADD', 220, 'FIX', '2015-09-07', 'HOSTEL', 'PAID', 'CSS1590719', '2015-09-23', 36, 'G-3-2', 'Sri Kuching'),
(721, 'DIT150174', 'STUDENT', 'COLLEGE', 'STADD', 220, 'FIX', '2015-09-01', 'HOSTEL', 'PAID', 'CSS1590720', '2015-09-23', 36, 'G-3-2', 'Sri Kuching'),
(722, 'DBA140107', 'STUDENT', 'COLLEGE', 'STADD', 220, 'FIX', '2015-09-07', 'HOSTEL', 'PAID', 'CSS1590721', '2015-09-25', 36, 'G-3-2', 'Sri Kuching'),
(723, 'DIT140258', 'STUDENT', 'COLLEGE', 'STADD', 220, 'FIX', '2015-09-07', 'HOSTEL', 'PAID', 'CSS1590722', '2015-09-27', 36, 'G-3-2', 'Sri Kuching'),
(724, 'DIT140258', 'STUDENT', 'COLLEGE', 'STADD', 220, 'FIX', '2015-10-01', 'HOSTEL', 'PAID', 'CSS1590723', '2015-10-27', 37, 'G-3-2', 'Sri Kuching'),
(725, 'DBA140107', 'STUDENT', 'COLLEGE', 'STADD', 220, 'FIX', '2015-10-01', 'HOSTEL', 'PAID', 'CSS1590724', '2015-10-25', 37, 'G-3-2', 'Sri Kuching'),
(726, 'DIT150174', 'STUDENT', 'COLLEGE', 'STADD', 220, 'FIX', '2015-10-01', 'HOSTEL', 'PAID', 'CSS1590725', '2015-10-23', 37, 'G-3-2', 'Sri Kuching'),
(727, 'DBA130109', 'STUDENT', 'COLLEGE', 'STADD', 220, 'FIX', '2015-10-01', 'HOSTEL', 'PAID', 'CSS1590726', '2015-10-23', 37, 'G-3-2', 'Sri Kuching'),
(728, 'DCE130206', 'STUDENT', 'COLLEGE', 'STADD', 220, 'FIX', '2015-10-01', 'HOSTEL', 'PAID', 'CSS1590727', '2015-10-27', 37, 'G-3-2', 'Sri Kuching'),
(729, 'DCS140266', 'STUDENT', 'COLLEGE', 'STADD', 220, 'FIX', '2015-10-01', 'HOSTEL', 'PAID', 'CSS1590728', '2015-10-25', 37, 'G-3-2', 'Sri Kuching'),
(730, 'DIC140287', 'STUDENT', 'COLLEGE', 'STADD', 220, 'FIX', '2015-10-01', 'HOSTEL', 'PAID', 'CSS1590729', '2015-10-10', 37, 'G-3-2', 'Sri Kuching'),
(731, 'DCE160237', 'STUDENT', 'COLLEGE', 'STADD', 220, 'FIX', '2015-10-01', 'HOSTEL', 'PAID', 'CSS1590730', '2015-10-20', 37, 'G-3-2', 'Sri Kuching'),
(732, 'DIC160213', 'STUDENT', 'COLLEGE', 'STADD', 220, 'FIX', '2015-10-01', 'HOSTEL', 'PAID', 'CSS1590731', '2015-10-25', 37, 'G-3-2', 'Sri Kuching'),
(733, 'DIC150255', 'STUDENT', 'COLLEGE', 'STADD', 220, 'FIX', '2015-10-01', 'HOSTEL', 'PAID', 'CSS1590732', '2015-10-27', 37, 'G-3-2', 'Sri Kuching'),
(734, 'DIC150255', 'STUDENT', 'COLLEGE', 'STADD', 220, 'FIX', '2015-11-01', 'HOSTEL', 'PAID', 'CSS1590733', '2015-11-27', 38, 'G-3-2', 'Sri Kuching'),
(735, 'DIC160213', 'STUDENT', 'COLLEGE', 'STADD', 220, 'FIX', '2015-11-01', 'HOSTEL', 'PAID', 'CSS1590734', '2015-11-25', 38, 'G-3-2', 'Sri Kuching'),
(736, 'DCE160237', 'STUDENT', 'COLLEGE', 'STADD', 220, 'FIX', '2015-11-01', 'HOSTEL', 'PAID', 'CSS1590735', '2015-11-20', 38, 'G-3-2', 'Sri Kuching'),
(737, 'DIC140287', 'STUDENT', 'COLLEGE', 'STADD', 220, 'FIX', '2015-11-01', 'HOSTEL', 'PAID', 'CSS1590736', '2015-11-10', 38, 'G-3-2', 'Sri Kuching'),
(738, 'DCS140266', 'STUDENT', 'COLLEGE', 'STADD', 220, 'FIX', '2015-11-01', 'HOSTEL', 'PAID', 'CSS1590737', '2015-11-25', 38, 'G-3-2', 'Sri Kuching'),
(739, 'DCE130206', 'STUDENT', 'COLLEGE', 'STADD', 220, 'FIX', '2015-11-01', 'HOSTEL', 'PAID', 'CSS1590738', '2015-11-27', 38, 'G-3-2', 'Sri Kuching'),
(740, 'DBA130109', 'STUDENT', 'COLLEGE', 'STADD', 220, 'FIX', '2015-11-01', 'HOSTEL', 'PAID', 'CSS1590739', '2015-11-23', 38, 'G-3-2', 'Sri Kuching'),
(741, 'DIT150174', 'STUDENT', 'COLLEGE', 'STADD', 220, 'FIX', '2015-11-01', 'HOSTEL', 'PAID', 'CSS1590740', '2015-11-23', 38, 'G-3-2', 'Sri Kuching'),
(742, 'DBA140107', 'STUDENT', 'COLLEGE', 'STADD', 220, 'FIX', '2015-11-01', 'HOSTEL', 'PAID', 'CSS1590741', '2015-11-25', 38, 'G-3-2', 'Sri Kuching'),
(743, 'DIT140258', 'STUDENT', 'COLLEGE', 'STADD', 220, 'FIX', '2015-11-01', 'HOSTEL', 'PAID', 'CSS1590742', '2015-11-27', 38, 'G-3-2', 'Sri Kuching'),
(744, 'DIT140258', 'STUDENT', 'COLLEGE', 'STADD', 220, 'FIX', '2015-12-01', 'HOSTEL', 'PAID', 'CSS1590743', '2015-12-27', 39, 'G-3-2', 'Sri Kuching'),
(745, 'DBA140107', 'STUDENT', 'COLLEGE', 'STADD', 220, 'FIX', '2015-12-01', 'HOSTEL', 'PAID', 'CSS1590744', '2015-12-25', 39, 'G-3-2', 'Sri Kuching'),
(746, 'DIT150174', 'STUDENT', 'COLLEGE', 'STADD', 220, 'FIX', '2015-12-01', 'HOSTEL', 'PAID', 'CSS1590745', '2015-12-23', 39, 'G-3-2', 'Sri Kuching'),
(747, 'DBA130109', 'STUDENT', 'COLLEGE', 'STADD', 220, 'FIX', '2015-12-01', 'HOSTEL', 'PAID', 'CSS1590746', '2015-12-23', 39, 'G-3-2', 'Sri Kuching'),
(748, 'DCE130206', 'STUDENT', 'COLLEGE', 'STADD', 220, 'FIX', '2015-12-01', 'HOSTEL', 'PAID', 'CSS1590747', '2015-12-27', 39, 'G-3-2', 'Sri Kuching'),
(749, 'DCS140266', 'STUDENT', 'COLLEGE', 'STADD', 220, 'FIX', '2015-12-01', 'HOSTEL', 'PAID', 'CSS1590748', '2015-12-25', 39, 'G-3-2', 'Sri Kuching'),
(750, 'DIC140287', 'STUDENT', 'COLLEGE', 'STADD', 220, 'FIX', '2015-12-01', 'HOSTEL', 'PAID', 'CSS1590749', '2015-12-10', 39, 'G-3-2', 'Sri Kuching'),
(751, 'DCE160237', 'STUDENT', 'COLLEGE', 'STADD', 220, 'FIX', '2015-12-01', 'HOSTEL', 'PAID', 'CSS1590750', '2015-12-20', 39, 'G-3-2', 'Sri Kuching'),
(752, 'DIC160213', 'STUDENT', 'COLLEGE', 'STADD', 220, 'FIX', '2015-12-01', 'HOSTEL', 'PAID', 'CSS1590751', '2015-12-25', 39, 'G-3-2', 'Sri Kuching'),
(753, 'DIC150255', 'STUDENT', 'COLLEGE', 'STADD', 220, 'FIX', '2015-12-01', 'HOSTEL', 'PAID', 'CSS1590752', '2015-12-27', 39, 'G-3-2', 'Sri Kuching'),
(754, 'DCE130206', 'STUDENT', 'COLLEGE', 'STADD', 220, 'FIX', '2016-01-01', 'HOSTEL', 'PAID', 'CSS1590753', '2016-01-30', 40, 'G-3-2', 'Sri Kuching'),
(755, 'DBA130109', 'STUDENT', 'COLLEGE', 'STADD', 220, 'FIX', '2016-01-01', 'HOSTEL', 'PAID', 'CSS1590754', '2016-01-30', 40, 'G-3-2', 'Sri Kuching'),
(756, 'DBA140107', 'STUDENT', 'COLLEGE', 'STADD', 220, 'FIX', '2016-01-01', 'HOSTEL', 'PAID', 'CSS1590755', '2016-01-30', 40, 'G-3-2', 'Sri Kuching'),
(757, 'DIC150255', 'STUDENT', 'COLLEGE', 'STADD', 220, 'FIX', '2016-01-01', 'HOSTEL', 'PAID', 'CSS1590763', '2016-01-27', 40, 'G-3-2', 'Sri Kuching'),
(758, 'DIC160213', 'STUDENT', 'COLLEGE', 'STADD', 220, 'FIX', '2016-01-01', 'HOSTEL', 'PAID', 'CSS1590762', '2016-01-25', 40, 'G-3-2', 'Sri Kuching'),
(759, 'DCE160237', 'STUDENT', 'COLLEGE', 'STADD', 220, 'FIX', '2016-01-01', 'HOSTEL', 'PAID', 'CSS1590761', '2016-01-20', 40, 'G-3-2', 'Sri Kuching'),
(760, 'DIC140287', 'STUDENT', 'COLLEGE', 'STADD', 220, 'FIX', '2016-01-01', 'HOSTEL', 'PAID', 'CSS1590760', '2016-01-10', 40, 'G-3-2', 'Sri Kuching'),
(761, 'DCS140266', 'STUDENT', 'COLLEGE', 'STADD', 220, 'FIX', '2016-01-01', 'HOSTEL', 'PAID', 'CSS1590759', '2016-01-25', 40, 'G-3-2', 'Sri Kuching'),
(762, 'DIT150174', 'STUDENT', 'COLLEGE', 'STADD', 220, 'FIX', '2016-01-01', 'HOSTEL', 'PAID', 'CSS1590758', '2016-01-23', 40, 'G-3-2', 'Sri Kuching'),
(763, 'DIT140258', 'STUDENT', 'COLLEGE', 'STADD', 220, 'FIX', '2016-01-01', 'HOSTEL', 'PAID', 'CSS1590757', '2016-01-27', 40, 'G-3-2', 'Sri Kuching'),
(764, 'DIT140258', 'STUDENT', 'COLLEGE', 'STADD', 220, 'FIX', '2016-02-01', 'HOSTEL', 'PAID', 'CSS1590764', '2016-02-27', 41, 'G-3-2', 'Sri Kuching'),
(765, 'DIT150174', 'STUDENT', 'COLLEGE', 'STADD', 220, 'FIX', '2016-02-01', 'HOSTEL', 'PAID', 'CSS1590765', '2016-02-23', 41, 'G-3-2', 'Sri Kuching'),
(766, 'DCS140266', 'STUDENT', 'COLLEGE', 'STADD', 220, 'FIX', '2016-02-01', 'HOSTEL', 'PAID', 'CSS1590766', '2016-02-25', 41, 'G-3-2', 'Sri Kuching'),
(767, 'DIC140287', 'STUDENT', 'COLLEGE', 'STADD', 220, 'FIX', '2016-02-01', 'HOSTEL', 'PAID', 'CSS1590767', '2016-02-10', 41, 'G-3-2', 'Sri Kuching'),
(768, 'DCE160237', 'STUDENT', 'COLLEGE', 'STADD', 220, 'FIX', '2016-02-01', 'HOSTEL', 'PAID', 'CSS1590768', '2016-02-20', 41, 'G-3-2', 'Sri Kuching'),
(769, 'DIC160213', 'STUDENT', 'COLLEGE', 'STADD', 220, 'FIX', '2016-02-01', 'HOSTEL', 'PAID', 'CSS1590769', '2016-02-25', 41, 'G-3-2', 'Sri Kuching'),
(770, 'DIC150255', 'STUDENT', 'COLLEGE', 'STADD', 220, 'FIX', '2016-02-01', 'HOSTEL', 'PAID', 'CSS1590770', '2016-02-27', 41, 'G-3-2', 'Sri Kuching'),
(771, 'DBA130108', 'STUDENT', 'COLLEGE', 'STADD', 220, 'FIX', '2016-02-01', 'HOSTEL', 'PAID', 'CSS1590771', '2016-02-27', 41, 'G-3-2', 'Sri Kuching'),
(772, 'DBA160124', 'STUDENT', 'COLLEGE', 'STADD', 220, 'FIX', '2016-02-01', 'HOSTEL', 'PAID', 'CSS1590772', '2016-02-25', 41, 'G-3-2', 'Sri Kuching'),
(773, 'DBA140104', 'STUDENT', 'COLLEGE', 'STADD', 220, 'FIX', '2016-02-01', 'HOSTEL', 'PAID', 'CSS1590773', '2016-02-20', 41, 'G-3-2', 'Sri Kuching'),
(774, 'DBA140104', 'STUDENT', 'COLLEGE', 'STADD', 220, 'FIX', '2016-03-01', 'HOSTEL', 'PAID', 'CSS1590774', '2016-03-20', 42, 'G-3-2', 'Sri Kuching'),
(775, 'DBA160124', 'STUDENT', 'COLLEGE', 'STADD', 220, 'FIX', '2016-03-01', 'HOSTEL', 'PAID', 'CSS1590775', '2016-03-25', 42, 'G-3-2', 'Sri Kuching'),
(776, 'DBA130108', 'STUDENT', 'COLLEGE', 'STADD', 220, 'FIX', '2016-03-01', 'HOSTEL', 'PAID', 'CSS1590776', '2016-03-27', 42, 'G-3-2', 'Sri Kuching'),
(777, 'DIC150255', 'STUDENT', 'COLLEGE', 'STADD', 220, 'FIX', '2016-03-01', 'HOSTEL', 'PAID', 'CSS1590777', '2016-03-27', 42, 'G-3-2', 'Sri Kuching'),
(778, 'DIC160213', 'STUDENT', 'COLLEGE', 'STADD', 220, 'FIX', '2016-03-01', 'HOSTEL', 'PAID', 'CSS1590778', '2016-03-25', 42, 'G-3-2', 'Sri Kuching'),
(779, 'DCE160237', 'STUDENT', 'COLLEGE', 'STADD', 220, 'FIX', '2016-03-01', 'HOSTEL', 'PAID', 'CSS1590779', '2016-03-20', 42, 'G-3-2', 'Sri Kuching'),
(780, 'DIC140287', 'STUDENT', 'COLLEGE', 'STADD', 220, 'FIX', '2016-03-01', 'HOSTEL', 'PAID', 'CSS1590780', '2016-03-10', 42, 'G-3-2', 'Sri Kuching'),
(781, 'DCS140266', 'STUDENT', 'COLLEGE', 'STADD', 220, 'FIX', '2016-03-01', 'HOSTEL', 'PAID', 'CSS1590781', '2016-03-25', 42, 'G-3-2', 'Sri Kuching'),
(782, 'DIT150174', 'STUDENT', 'COLLEGE', 'STADD', 220, 'FIX', '2016-03-01', 'HOSTEL', 'PAID', 'CSS1590782', '2016-03-23', 42, 'G-3-2', 'Sri Kuching'),
(783, 'DIT140258', 'STUDENT', 'COLLEGE', 'STADD', 220, 'FIX', '2016-03-01', 'HOSTEL', 'PAID', 'CSS1590783', '2016-03-27', 42, 'G-3-2', 'Sri Kuching'),
(784, 'DIT140258', 'STUDENT', 'COLLEGE', 'STADD', 240, 'FIX', '2016-04-01', 'HOSTEL', 'INVOICED', '', '', 43, 'G-3-2', 'Sri Kuching'),
(785, 'DIT150174', 'STUDENT', 'COLLEGE', 'STADD', 240, 'FIX', '2016-04-01', 'HOSTEL', 'PAID', 'CSS1590784', '2016-04-23', 43, 'G-3-2', 'Sri Kuching'),
(786, 'DCS140266', 'STUDENT', 'COLLEGE', 'STADD', 240, 'FIX', '2016-04-01', 'HOSTEL', 'PAID', 'CSS1590785', '2016-04-25', 43, 'G-3-2', 'Sri Kuching'),
(787, 'DIC140287', 'STUDENT', 'COLLEGE', 'STADD', 240, 'FIX', '2016-04-01', 'HOSTEL', 'PAID', 'CSS1590786', '2016-04-10', 43, 'G-3-2', 'Sri Kuching'),
(788, 'DCE160237', 'STUDENT', 'COLLEGE', 'STADD', 240, 'FIX', '2016-04-01', 'HOSTEL', 'INVOICED', '', '', 43, 'G-3-2', 'Sri Kuching'),
(789, 'DIC160213', 'STUDENT', 'COLLEGE', 'STADD', 240, 'FIX', '2016-04-01', 'HOSTEL', 'PAID', 'CSS1590787', '2016-04-25', 43, 'G-3-2', 'Sri Kuching'),
(790, 'DIC150255', 'STUDENT', 'COLLEGE', 'STADD', 240, 'FIX', '2016-04-01', 'HOSTEL', 'PAID', 'CSS1590788', '2016-04-27', 43, 'G-3-2', 'Sri Kuching'),
(791, 'DBA130108', 'STUDENT', 'COLLEGE', 'STADD', 240, 'FIX', '2016-04-01', 'HOSTEL', 'INVOICED', '', '', 43, 'G-3-2', 'Sri Kuching'),
(792, 'DBA160124', 'STUDENT', 'COLLEGE', 'STADD', 240, 'FIX', '2016-04-01', 'HOSTEL', 'INVOICED', '', '', 43, 'G-3-2', 'Sri Kuching'),
(793, 'DBA140104', 'STUDENT', 'COLLEGE', 'STADD', 240, 'FIX', '2016-04-01', 'HOSTEL', 'INVOICED', '', '', 43, 'G-3-2', 'Sri Kuching'),
(794, 'DCS140274', 'STUDENT', 'COLLEGE', 'STADD', 220, 'FIX', '2015-09-01', 'HOSTEL', 'PAID', 'CSS1590716', '2015-09-10', 36, 'G-4-2', 'Sri Kuching'),
(795, 'DCS130179', 'STUDENT', 'COLLEGE', 'STADD', 220, 'FIX', '2015-09-01', 'HOSTEL', 'PAID', 'CSS1590715', '2015-09-20', 36, 'G-4-2', 'Sri Kuching'),
(796, 'DCE160246', 'STUDENT', 'COLLEGE', 'STADD', 220, 'FIX', '2015-09-01', 'HOSTEL', 'PAID', 'CSS1590720', '2015-09-23', 36, 'G-4-2', 'Sri Kuching'),
(797, 'DCE150320', 'STUDENT', 'COLLEGE', 'STADD', 220, 'FIX', '2015-09-01', 'HOSTEL', 'PAID', 'CSS1590719', '2015-09-23', 36, 'G-4-2', 'Sri Kuching'),
(798, 'DCE140214', 'STUDENT', 'COLLEGE', 'STADD', 220, 'FIX', '2015-09-01', 'HOSTEL', 'PAID', 'CSS1590721', '2015-09-25', 36, 'G-4-2', 'Sri Kuching'),
(799, 'DBA160105', 'STUDENT', 'COLLEGE', 'STADD', 220, 'FIX', '2015-09-01', 'HOSTEL', 'PAID', 'CSS1590717', '2015-09-25', 36, 'G-4-2', 'Sri Kuching'),
(800, 'DBA150128', 'STUDENT', 'COLLEGE', 'STADD', 220, 'FIX', '2015-09-01', 'HOSTEL', 'PAID', 'CSS1590714', '2015-09-25', 36, 'G-4-2', 'Sri Kuching'),
(801, 'DBA130131', 'STUDENT', 'COLLEGE', 'STADD', 220, 'FIX', '2015-09-01', 'HOSTEL', 'PAID', 'CSS1590713', '2015-09-27', 36, 'G-4-2', 'Sri Kuching'),
(802, 'DIT160144', 'STUDENT', 'COLLEGE', 'STADD', 220, 'FIX', '2015-09-01', 'HOSTEL', 'PAID', 'CSS1590718', '2015-09-27', 36, 'G-4-2', 'Sri Kuching'),
(803, 'DIT150186', 'STUDENT', 'COLLEGE', 'STADD', 220, 'FIX', '2015-09-01', 'HOSTEL', 'PAID', 'CSS1590722', '2015-09-27', 36, 'G-4-2', 'Sri Kuching'),
(804, 'DIT150186', 'STUDENT', 'COLLEGE', 'STADD', 220, 'FIX', '2015-10-01', 'HOSTEL', 'PAID', 'CSS1590722', '2015-10-27', 37, 'G-4-2', 'Sri Kuching'),
(805, 'DIT160144', 'STUDENT', 'COLLEGE', 'STADD', 220, 'FIX', '2015-10-01', 'HOSTEL', 'PAID', 'CSS1590718', '2015-10-27', 37, 'G-4-2', 'Sri Kuching'),
(806, 'DBA130131', 'STUDENT', 'COLLEGE', 'STADD', 220, 'FIX', '2015-10-01', 'HOSTEL', 'PAID', 'CSS1590713', '2015-10-27', 37, 'G-4-2', 'Sri Kuching'),
(807, 'DBA150128', 'STUDENT', 'COLLEGE', 'STADD', 220, 'FIX', '2015-10-01', 'HOSTEL', 'PAID', 'CSS1590714', '2015-10-25', 37, 'G-4-2', 'Sri Kuching'),
(808, 'DBA160105', 'STUDENT', 'COLLEGE', 'STADD', 220, 'FIX', '2015-10-01', 'HOSTEL', 'PAID', 'CSS1590717', '2015-10-25', 37, 'G-4-2', 'Sri Kuching'),
(809, 'DCE140214', 'STUDENT', 'COLLEGE', 'STADD', 220, 'FIX', '2015-10-01', 'HOSTEL', 'PAID', 'CSS1590721', '2015-10-25', 37, 'G-4-2', 'Sri Kuching'),
(810, 'DCE150320', 'STUDENT', 'COLLEGE', 'STADD', 220, 'FIX', '2015-10-01', 'HOSTEL', 'PAID', 'CSS1590719', '2015-10-23', 37, 'G-4-2', 'Sri Kuching'),
(811, 'DCE160246', 'STUDENT', 'COLLEGE', 'STADD', 220, 'FIX', '2015-10-01', 'HOSTEL', 'PAID', 'CSS1590720', '2015-10-23', 37, 'G-4-2', 'Sri Kuching'),
(812, 'DCS130179', 'STUDENT', 'COLLEGE', 'STADD', 220, 'FIX', '2015-10-01', 'HOSTEL', 'PAID', 'CSS1590715', '2015-10-20', 37, 'G-4-2', 'Sri Kuching'),
(813, 'DCS140274', 'STUDENT', 'COLLEGE', 'STADD', 220, 'FIX', '2015-10-01', 'HOSTEL', 'PAID', 'CSS1590716', '2015-10-10', 37, 'G-4-2', 'Sri Kuching'),
(814, 'DCS140274', 'STUDENT', 'COLLEGE', 'STADD', 220, 'FIX', '2015-11-01', 'HOSTEL', 'PAID', 'CSS1590716', '2015-11-10', 38, 'G-4-2', 'Sri Kuching'),
(815, 'DCS130179', 'STUDENT', 'COLLEGE', 'STADD', 220, 'FIX', '2015-11-01', 'HOSTEL', 'PAID', 'CSS1590715', '2015-11-20', 38, 'G-4-2', 'Sri Kuching'),
(816, 'DCE160246', 'STUDENT', 'COLLEGE', 'STADD', 220, 'FIX', '2015-11-01', 'HOSTEL', 'PAID', 'CSS1590720', '2015-11-23', 38, 'G-4-2', 'Sri Kuching'),
(817, 'DCE150320', 'STUDENT', 'COLLEGE', 'STADD', 220, 'FIX', '2015-11-01', 'HOSTEL', 'PAID', 'CSS1590719', '2015-11-23', 38, 'G-4-2', 'Sri Kuching'),
(818, 'DCE140214', 'STUDENT', 'COLLEGE', 'STADD', 220, 'FIX', '2015-11-01', 'HOSTEL', 'PAID', 'CSS1590721', '2015-11-25', 38, 'G-4-2', 'Sri Kuching'),
(819, 'DBA160105', 'STUDENT', 'COLLEGE', 'STADD', 220, 'FIX', '2015-11-01', 'HOSTEL', 'PAID', 'CSS1590717', '2015-11-25', 38, 'G-4-2', 'Sri Kuching'),
(820, 'DBA150128', 'STUDENT', 'COLLEGE', 'STADD', 220, 'FIX', '2015-11-01', 'HOSTEL', 'PAID', 'CSS1590714', '2015-11-25', 38, 'G-4-2', 'Sri Kuching'),
(821, 'DBA130131', 'STUDENT', 'COLLEGE', 'STADD', 220, 'FIX', '2015-11-01', 'HOSTEL', 'PAID', 'CSS1590713', '2015-11-27', 38, 'G-4-2', 'Sri Kuching'),
(822, 'DIT160144', 'STUDENT', 'COLLEGE', 'STADD', 220, 'FIX', '2015-11-01', 'HOSTEL', 'PAID', 'CSS1590718', '2015-11-27', 38, 'G-4-2', 'Sri Kuching'),
(823, 'DIT150186', 'STUDENT', 'COLLEGE', 'STADD', 220, 'FIX', '2015-11-01', 'HOSTEL', 'PAID', 'CSS1590722', '2015-11-27', 38, 'G-4-2', 'Sri Kuching'),
(824, 'DIT150186', 'STUDENT', 'COLLEGE', 'STADD', 220, 'FIX', '2015-12-01', 'HOSTEL', 'PAID', 'CSS1590722', '2015-12-27', 39, 'G-4-2', 'Sri Kuching'),
(825, 'DIT160144', 'STUDENT', 'COLLEGE', 'STADD', 220, 'FIX', '2015-12-01', 'HOSTEL', 'PAID', 'CSS1590718', '2015-12-27', 39, 'G-4-2', 'Sri Kuching'),
(826, 'DBA130131', 'STUDENT', 'COLLEGE', 'STADD', 220, 'FIX', '2015-12-01', 'HOSTEL', 'PAID', 'CSS1590713', '2015-12-27', 39, 'G-4-2', 'Sri Kuching'),
(827, 'DBA150128', 'STUDENT', 'COLLEGE', 'STADD', 220, 'FIX', '2015-12-01', 'HOSTEL', 'PAID', 'CSS1590714', '2015-12-25', 39, 'G-4-2', 'Sri Kuching'),
(828, 'DBA160105', 'STUDENT', 'COLLEGE', 'STADD', 220, 'FIX', '2015-12-01', 'HOSTEL', 'PAID', 'CSS1590717', '2015-12-25', 39, 'G-4-2', 'Sri Kuching'),
(829, 'DCE140214', 'STUDENT', 'COLLEGE', 'STADD', 220, 'FIX', '2015-12-01', 'HOSTEL', 'PAID', 'CSS1590721', '2015-12-25', 39, 'G-4-2', 'Sri Kuching'),
(830, 'DCE150320', 'STUDENT', 'COLLEGE', 'STADD', 220, 'FIX', '2015-12-01', 'HOSTEL', 'PAID', 'CSS1590719', '2015-12-23', 39, 'G-4-2', 'Sri Kuching'),
(831, 'DCE160246', 'STUDENT', 'COLLEGE', 'STADD', 220, 'FIX', '2015-12-01', 'HOSTEL', 'PAID', 'CSS1590720', '2015-12-23', 39, 'G-4-2', 'Sri Kuching'),
(832, 'DCS130179', 'STUDENT', 'COLLEGE', 'STADD', 220, 'FIX', '2015-12-01', 'HOSTEL', 'PAID', 'CSS1590715', '2015-12-20', 39, 'G-4-2', 'Sri Kuching'),
(833, 'DCS140274', 'STUDENT', 'COLLEGE', 'STADD', 220, 'FIX', '2015-12-01', 'HOSTEL', 'PAID', 'CSS1590716', '2015-12-10', 39, 'G-4-2', 'Sri Kuching'),
(834, 'DCS140274', 'STUDENT', 'COLLEGE', 'STADD', 220, 'FIX', '2016-01-01', 'HOSTEL', 'PAID', 'CSS1590716', '2016-01-10', 40, 'G-4-2', 'Sri Kuching'),
(835, 'DCS130179', 'STUDENT', 'COLLEGE', 'STADD', 220, 'FIX', '2016-01-01', 'HOSTEL', 'PAID', 'CSS1590715', '2016-01-20', 40, 'G-4-2', 'Sri Kuching'),
(836, 'DCE160246', 'STUDENT', 'COLLEGE', 'STADD', 220, 'FIX', '2016-01-01', 'HOSTEL', 'PAID', 'CSS1590720', '2016-01-23', 40, 'G-4-2', 'Sri Kuching'),
(837, 'DCE150320', 'STUDENT', 'COLLEGE', 'STADD', 220, 'FIX', '2016-01-01', 'HOSTEL', 'PAID', 'CSS1590719', '2016-01-23', 40, 'G-4-2', 'Sri Kuching'),
(838, 'DCE140214', 'STUDENT', 'COLLEGE', 'STADD', 220, 'FIX', '2016-01-01', 'HOSTEL', 'PAID', 'CSS1590721', '2016-01-25', 40, 'G-4-2', 'Sri Kuching'),
(839, 'DBA160105', 'STUDENT', 'COLLEGE', 'STADD', 220, 'FIX', '2016-01-01', 'HOSTEL', 'PAID', 'CSS1590717', '2016-01-25', 40, 'G-4-2', 'Sri Kuching'),
(840, 'DBA150128', 'STUDENT', 'COLLEGE', 'STADD', 220, 'FIX', '2016-01-01', 'HOSTEL', 'PAID', 'CSS1590714', '2016-01-25', 40, 'G-4-2', 'Sri Kuching'),
(841, 'DBA130131', 'STUDENT', 'COLLEGE', 'STADD', 220, 'FIX', '2016-01-01', 'HOSTEL', 'PAID', 'CSS1590713', '2016-01-27', 40, 'G-4-2', 'Sri Kuching'),
(842, 'DIT160144', 'STUDENT', 'COLLEGE', 'STADD', 220, 'FIX', '2016-01-01', 'HOSTEL', 'PAID', 'CSS1590718', '2016-01-27', 40, 'G-4-2', 'Sri Kuching'),
(843, 'DIT150186', 'STUDENT', 'COLLEGE', 'STADD', 220, 'FIX', '2016-01-01', 'HOSTEL', 'PAID', 'CSS1590722', '2016-01-27', 40, 'G-4-2', 'Sri Kuching'),
(844, 'DIT150186', 'STUDENT', 'COLLEGE', 'STADD', 220, 'FIX', '2016-02-01', 'HOSTEL', 'PAID', 'CSS1590722', '2016-02-27', 41, 'G-4-2', 'Sri Kuching'),
(845, 'DIT160144', 'STUDENT', 'COLLEGE', 'STADD', 220, 'FIX', '2016-02-01', 'HOSTEL', 'PAID', 'CSS1590718', '2016-02-27', 41, 'G-4-2', 'Sri Kuching'),
(846, 'DBA130131', 'STUDENT', 'COLLEGE', 'STADD', 220, 'FIX', '2016-02-01', 'HOSTEL', 'PAID', 'CSS1590713', '2016-02-27', 41, 'G-4-2', 'Sri Kuching'),
(847, 'DBA150128', 'STUDENT', 'COLLEGE', 'STADD', 220, 'FIX', '2016-02-01', 'HOSTEL', 'PAID', 'CSS1590714', '2016-02-25', 41, 'G-4-2', 'Sri Kuching'),
(848, 'DBA160105', 'STUDENT', 'COLLEGE', 'STADD', 220, 'FIX', '2016-02-01', 'HOSTEL', 'PAID', 'CSS1590717', '2016-02-25', 41, 'G-4-2', 'Sri Kuching'),
(849, 'DCE140214', 'STUDENT', 'COLLEGE', 'STADD', 220, 'FIX', '2016-02-01', 'HOSTEL', 'PAID', 'CSS1590721', '2016-02-25', 41, 'G-4-2', 'Sri Kuching'),
(850, 'DCE150320', 'STUDENT', 'COLLEGE', 'STADD', 220, 'FIX', '2016-02-01', 'HOSTEL', 'PAID', 'CSS1590719', '2016-02-23', 41, 'G-4-2', 'Sri Kuching'),
(851, 'DCE160246', 'STUDENT', 'COLLEGE', 'STADD', 220, 'FIX', '2016-02-01', 'HOSTEL', 'PAID', 'CSS1590720', '2016-02-23', 41, 'G-4-2', 'Sri Kuching'),
(852, 'DCS130179', 'STUDENT', 'COLLEGE', 'STADD', 220, 'FIX', '2016-02-01', 'HOSTEL', 'PAID', 'CSS1590715', '2016-02-20', 41, 'G-4-2', 'Sri Kuching'),
(853, 'DCS140274', 'STUDENT', 'COLLEGE', 'STADD', 220, 'FIX', '2016-02-01', 'HOSTEL', 'PAID', 'CSS1590716', '2016-02-10', 41, 'G-4-2', 'Sri Kuching'),
(854, 'DCS140274', 'STUDENT', 'COLLEGE', 'STADD', 220, 'FIX', '2016-03-01', 'HOSTEL', 'PAID', 'CSS1590716', '2016-03-10', 42, 'G-4-2', 'Sri Kuching'),
(855, 'DCS130179', 'STUDENT', 'COLLEGE', 'STADD', 220, 'FIX', '2016-03-01', 'HOSTEL', 'PAID', 'CSS1590715', '2016-03-20', 42, 'G-4-2', 'Sri Kuching'),
(856, 'DCE160246', 'STUDENT', 'COLLEGE', 'STADD', 220, 'FIX', '2016-03-01', 'HOSTEL', 'PAID', 'CSS1590720', '2016-03-23', 42, 'G-4-2', 'Sri Kuching'),
(857, 'DCE150320', 'STUDENT', 'COLLEGE', 'STADD', 220, 'FIX', '2016-03-01', 'HOSTEL', 'PAID', 'CSS1590719', '2016-03-23', 42, 'G-4-2', 'Sri Kuching'),
(858, 'DCE140214', 'STUDENT', 'COLLEGE', 'STADD', 220, 'FIX', '2016-03-01', 'HOSTEL', 'PAID', 'CSS1590721', '2016-03-25', 42, 'G-4-2', 'Sri Kuching'),
(859, 'DBA160105', 'STUDENT', 'COLLEGE', 'STADD', 220, 'FIX', '2016-03-01', 'HOSTEL', 'PAID', 'CSS1590717', '2016-03-25', 42, 'G-4-2', 'Sri Kuching'),
(860, 'DBA150128', 'STUDENT', 'COLLEGE', 'STADD', 220, 'FIX', '2016-03-01', 'HOSTEL', 'PAID', 'CSS1590714', '2016-03-25', 42, 'G-4-2', 'Sri Kuching'),
(861, 'DBA130131', 'STUDENT', 'COLLEGE', 'STADD', 220, 'FIX', '2016-03-01', 'HOSTEL', 'PAID', 'CSS1590713', '2016-03-27', 42, 'G-4-2', 'Sri Kuching'),
(862, 'DIT160144', 'STUDENT', 'COLLEGE', 'STADD', 220, 'FIX', '2016-03-01', 'HOSTEL', 'PAID', 'CSS1590718', '2016-03-27', 42, 'G-4-2', 'Sri Kuching'),
(863, 'DIT150186', 'STUDENT', 'COLLEGE', 'STADD', 220, 'FIX', '2016-03-01', 'HOSTEL', 'PAID', 'CSS1590722', '2016-03-27', 42, 'G-4-2', 'Sri Kuching'),
(864, 'DIT150186', 'STUDENT', 'COLLEGE', 'STADD', 240, 'FIX', '2016-04-01', 'HOSTEL', 'PAID', 'CSS1590722', '2016-04-27', 43, 'G-4-2', 'Sri Kuching'),
(865, 'DIT160144', 'STUDENT', 'COLLEGE', 'STADD', 240, 'FIX', '2016-04-01', 'HOSTEL', 'PAID', 'CSS1590718', '2016-04-27', 43, 'G-4-2', 'Sri Kuching'),
(866, 'DBA130131', 'STUDENT', 'COLLEGE', 'STADD', 240, 'FIX', '2016-04-01', 'HOSTEL', 'PAID', 'CSS1590713', '2016-04-27', 43, 'G-4-2', 'Sri Kuching'),
(867, 'DBA150128', 'STUDENT', 'COLLEGE', 'STADD', 240, 'FIX', '2016-04-01', 'HOSTEL', 'PAID', 'CSS1590714', '2016-04-25', 43, 'G-4-2', 'Sri Kuching'),
(868, 'DBA160105', 'STUDENT', 'COLLEGE', 'STADD', 240, 'FIX', '2016-04-01', 'HOSTEL', 'PAID', 'CSS1590717', '2016-04-25', 43, 'G-4-2', 'Sri Kuching'),
(869, 'DCE140214', 'STUDENT', 'COLLEGE', 'STADD', 240, 'FIX', '2016-04-01', 'HOSTEL', 'PAID', 'CSS1590721', '2016-04-25', 43, 'G-4-2', 'Sri Kuching'),
(870, 'DCE150320', 'STUDENT', 'COLLEGE', 'STADD', 240, 'FIX', '2016-04-01', 'HOSTEL', 'PAID', 'CSS1590719', '2016-04-23', 43, 'G-4-2', 'Sri Kuching'),
(871, 'DCE160246', 'STUDENT', 'COLLEGE', 'STADD', 240, 'FIX', '2016-04-01', 'HOSTEL', 'PAID', 'CSS1590720', '2016-04-23', 43, 'G-4-2', 'Sri Kuching'),
(872, 'DCS130179', 'STUDENT', 'COLLEGE', 'STADD', 240, 'FIX', '2016-04-01', 'HOSTEL', 'PAID', 'CSS1590715', '2016-04-20', 43, 'G-4-2', 'Sri Kuching'),
(873, 'DCS140274', 'STUDENT', 'COLLEGE', 'STADD', 240, 'FIX', '2016-04-01', 'HOSTEL', 'PAID', 'CSS1590716', '2016-04-10', 43, 'G-4-2', 'Sri Kuching'),
(874, 'DCE150318', 'STUDENT', 'COLLEGE', 'STADD', 220, 'FIX', '2015-09-01', 'HOSTEL', 'PAID', 'CSS1590717', '2015-09-25', 36, 'H-1-4', 'Sri Kuching'),
(875, 'DCE160244', 'STUDENT', 'COLLEGE', 'STADD', 220, 'FIX', '2015-09-01', 'HOSTEL', 'PAID', 'CSS1590713', '2015-09-27', 36, 'H-1-4', 'Sri Kuching'),
(876, 'DCS130177', 'STUDENT', 'COLLEGE', 'STADD', 220, 'FIX', '2015-09-01', 'HOSTEL', 'PAID', 'CSS1590718', '2015-09-27', 36, 'H-1-4', 'Sri Kuching'),
(877, 'DCS140272', 'STUDENT', 'COLLEGE', 'STADD', 220, 'FIX', '2015-09-01', 'HOSTEL', 'PAID', 'CSS1590722', '2015-09-27', 36, 'H-1-4', 'Sri Kuching'),
(878, 'DCS150240', 'STUDENT', 'COLLEGE', 'STADD', 220, 'FIX', '2015-09-01', 'HOSTEL', 'PAID', 'CSS1590716', '2015-09-10', 36, 'H-1-4', 'Sri Kuching'),
(879, 'DCS160181', 'STUDENT', 'COLLEGE', 'STADD', 220, 'FIX', '2015-09-01', 'HOSTEL', 'PAID', 'CSS1590720', '2015-09-23', 36, 'H-1-4', 'Sri Kuching'),
(880, 'DIC140190', 'STUDENT', 'COLLEGE', 'STADD', 220, 'FIX', '2015-09-01', 'HOSTEL', 'PAID', 'CSS1590715', '2015-09-20', 36, 'H-1-4', 'Sri Kuching'),
(881, 'DIC150291', 'STUDENT', 'COLLEGE', 'STADD', 220, 'FIX', '2015-09-01', 'HOSTEL', 'PAID', 'CSS1590720', '2015-09-23', 36, 'H-1-4', 'Sri Kuching'),
(882, 'DIC160232', 'STUDENT', 'COLLEGE', 'STADD', 220, 'FIX', '2015-09-01', 'HOSTEL', 'PAID', 'CSS1590719', '2015-09-23', 36, 'H-1-4', 'Sri Kuching'),
(883, 'DIT140139', 'STUDENT', 'COLLEGE', 'STADD', 220, 'FIX', '2015-09-01', 'HOSTEL', 'PAID', 'CSS1590721', '2015-09-25', 36, 'H-1-4', 'Sri Kuching'),
(884, 'DIT140139', 'STUDENT', 'COLLEGE', 'STADD', 220, 'FIX', '2015-10-01', 'HOSTEL', 'PAID', 'CSS1590716', '2015-10-10', 37, 'H-1-4', 'Sri Kuching'),
(885, 'DIC160232', 'STUDENT', 'COLLEGE', 'STADD', 220, 'FIX', '2015-10-01', 'HOSTEL', 'PAID', 'CSS1590715', '2015-10-20', 37, 'H-1-4', 'Sri Kuching'),
(886, 'DIC150291', 'STUDENT', 'COLLEGE', 'STADD', 220, 'FIX', '2015-10-01', 'HOSTEL', 'PAID', 'CSS1590720', '2015-10-23', 37, 'H-1-4', 'Sri Kuching'),
(887, 'DIC140190', 'STUDENT', 'COLLEGE', 'STADD', 220, 'FIX', '2015-10-01', 'HOSTEL', 'PAID', 'CSS1590719', '2015-10-23', 37, 'H-1-4', 'Sri Kuching'),
(888, 'DCS160181', 'STUDENT', 'COLLEGE', 'STADD', 220, 'FIX', '2015-10-01', 'HOSTEL', 'PAID', 'CSS1590721', '2015-10-25', 37, 'H-1-4', 'Sri Kuching'),
(889, 'DCS150240', 'STUDENT', 'COLLEGE', 'STADD', 220, 'FIX', '2015-10-01', 'HOSTEL', 'PAID', 'CSS1590717', 'DCS140272 ', 37, 'H-1-4', 'Sri Kuching'),
(890, 'DCS140272', 'STUDENT', 'COLLEGE', 'STADD', 220, 'FIX', '2015-10-01', 'HOSTEL', 'PAID', 'CSS1590714', '2015-10-25', 37, 'H-1-4', 'Sri Kuching'),
(891, 'DCS130177', 'STUDENT', 'COLLEGE', 'STADD', 220, 'FIX', '2015-10-01', 'HOSTEL', 'PAID', 'CSS1590713', '2015-10-27', 37, 'H-1-4', 'Sri Kuching'),
(892, 'DCE160244', 'STUDENT', 'COLLEGE', 'STADD', 220, 'FIX', '2015-10-01', 'HOSTEL', 'PAID', 'CSS1590718', '2015-10-27', 37, 'H-1-4', 'Sri Kuching'),
(893, 'DCE150318', 'STUDENT', 'COLLEGE', 'STADD', 220, 'FIX', '2015-10-01', 'HOSTEL', 'PAID', 'CSS1590722', '2015-10-27', 37, 'H-1-4', 'Sri Kuching'),
(894, 'DIT140139', 'STUDENT', 'COLLEGE', 'STADD', 220, 'FIX', '2015-11-01', 'HOSTEL', 'PAID', 'CSS1590722', '2015-11-27', 38, 'H-1-4', 'Sri Kuching'),
(895, 'DIC160232', 'STUDENT', 'COLLEGE', 'STADD', 220, 'FIX', '2015-11-01', 'HOSTEL', 'PAID', 'CSS1590718', '2015-11-27', 38, 'H-1-4', 'Sri Kuching'),
(896, 'DIC150291', 'STUDENT', 'COLLEGE', 'STADD', 220, 'FIX', '2015-11-01', 'HOSTEL', 'PAID', 'CSS1590713', '2015-11-27', 38, 'H-1-4', 'Sri Kuching'),
(897, 'DIC140190', 'STUDENT', 'COLLEGE', 'STADD', 220, 'FIX', '2015-11-01', 'HOSTEL', 'PAID', 'CSS1590714', '2015-11-25', 38, 'H-1-4', 'Sri Kuching'),
(898, 'DCS160181', 'STUDENT', 'COLLEGE', 'STADD', 220, 'FIX', '2015-11-01', 'HOSTEL', 'PAID', 'CSS1590717', '2015-11-25', 38, 'H-1-4', 'Sri Kuching'),
(899, 'DCS150240', 'STUDENT', 'COLLEGE', 'STADD', 220, 'FIX', '2015-11-01', 'HOSTEL', 'PAID', 'CSS1590721', '2015-11-25', 38, 'H-1-4', 'Sri Kuching'),
(900, 'DCS140272', 'STUDENT', 'COLLEGE', 'STADD', 220, 'FIX', '2015-11-01', 'HOSTEL', 'PAID', 'CSS1590719', '2015-11-23', 38, 'H-1-4', 'Sri Kuching'),
(901, 'DCS130177', 'STUDENT', 'COLLEGE', 'STADD', 220, 'FIX', '2015-11-01', 'HOSTEL', 'PAID', 'CSS1590720', '2015-11-23', 38, 'H-1-4', 'Sri Kuching'),
(902, 'DCE160244', 'STUDENT', 'COLLEGE', 'STADD', 220, 'FIX', '2015-11-01', 'HOSTEL', 'PAID', 'CSS1590715', '2015-11-20', 38, 'H-1-4', 'Sri Kuching'),
(903, 'DCE150318', 'STUDENT', 'COLLEGE', 'STADD', 220, 'FIX', '2015-11-01', 'HOSTEL', 'PAID', 'CSS1590716', '2015-11-10', 38, 'H-1-4', 'Sri Kuching'),
(904, 'DIT140139', 'STUDENT', 'COLLEGE', 'STADD', 220, 'FIX', '2015-12-01', 'HOSTEL', 'PAID', 'CSS1590716', '2015-12-10', 39, 'H-1-4', 'Sri Kuching'),
(905, 'DIC160232', 'STUDENT', 'COLLEGE', 'STADD', 220, 'FIX', '2015-12-01', 'HOSTEL', 'PAID', 'CSS1590715', '2015-12-20', 39, 'H-1-4', 'Sri Kuching'),
(906, 'DIC150291', 'STUDENT', 'COLLEGE', 'STADD', 220, 'FIX', '2015-12-01', 'HOSTEL', 'PAID', 'CSS1590720', '2015-12-23', 39, 'H-1-4', 'Sri Kuching'),
(907, 'DIC140190', 'STUDENT', 'COLLEGE', 'STADD', 220, 'FIX', '2015-12-01', 'HOSTEL', 'PAID', 'CSS1590719', '2015-12-23', 39, 'H-1-4', 'Sri Kuching'),
(908, 'DCS160181', 'STUDENT', 'COLLEGE', 'STADD', 220, 'FIX', '2015-12-01', 'HOSTEL', 'PAID', 'CSS1590721', '2015-12-25', 39, 'H-1-4', 'Sri Kuching'),
(909, 'DCS150240', 'STUDENT', 'COLLEGE', 'STADD', 220, 'FIX', '2015-12-01', 'HOSTEL', 'PAID', 'CSS1590717', '2015-12-25', 39, 'H-1-4', 'Sri Kuching'),
(910, 'DCS140272', 'STUDENT', 'COLLEGE', 'STADD', 220, 'FIX', '2015-12-01', 'HOSTEL', 'PAID', 'CSS1590714', '2015-12-25', 39, 'H-1-4', 'Sri Kuching'),
(911, 'DCS130177', 'STUDENT', 'COLLEGE', 'STADD', 220, 'FIX', '2015-12-01', 'HOSTEL', 'PAID', 'CSS1590713', '2015-12-27', 39, 'H-1-4', 'Sri Kuching'),
(912, 'DCE160244', 'STUDENT', 'COLLEGE', 'STADD', 220, 'FIX', '2015-12-01', 'HOSTEL', 'PAID', 'CSS1590718', '2015-12-27', 39, 'H-1-4', 'Sri Kuching'),
(913, 'DCE150318', 'STUDENT', 'COLLEGE', 'STADD', 220, 'FIX', '2015-12-01', 'HOSTEL', 'PAID', 'CSS1590722', '2015-12-27', 39, 'H-1-4', 'Sri Kuching'),
(914, 'DIT140139', 'STUDENT', 'COLLEGE', 'STADD', 220, 'FIX', '2016-01-01', 'HOSTEL', 'PAID', 'CSS1590722', '2016-01-27', 40, 'H-1-4', 'Sri Kuching'),
(915, 'DIC160232', 'STUDENT', 'COLLEGE', 'STADD', 220, 'FIX', '2016-01-01', 'HOSTEL', 'PAID', 'CSS1590718', '2016-01-27', 40, 'H-1-4', 'Sri Kuching'),
(916, 'DIC150291', 'STUDENT', 'COLLEGE', 'STADD', 220, 'FIX', '2016-01-01', 'HOSTEL', 'PAID', 'CSS1590713', '2016-01-27', 40, 'H-1-4', 'Sri Kuching'),
(917, 'DIC140190', 'STUDENT', 'COLLEGE', 'STADD', 220, 'FIX', '2016-01-01', 'HOSTEL', 'PAID', 'CSS1590714', '2016-01-25', 40, 'H-1-4', 'Sri Kuching'),
(918, 'DCS160181', 'STUDENT', 'COLLEGE', 'STADD', 220, 'FIX', '2016-01-01', 'HOSTEL', 'PAID', 'CSS1590717', '2016-01-25', 40, 'H-1-4', 'Sri Kuching'),
(919, 'DCS150240', 'STUDENT', 'COLLEGE', 'STADD', 220, 'FIX', '2016-01-01', 'HOSTEL', 'PAID', 'CSS1590721', '2016-01-25', 40, 'H-1-4', 'Sri Kuching'),
(920, 'DCS140272', 'STUDENT', 'COLLEGE', 'STADD', 220, 'FIX', '2016-01-01', 'HOSTEL', 'PAID', 'CSS1590719', '2016-01-23', 40, 'H-1-4', 'Sri Kuching'),
(921, 'DCS130177', 'STUDENT', 'COLLEGE', 'STADD', 220, 'FIX', '2016-01-01', 'HOSTEL', 'PAID', 'CSS1590720', '2016-01-23', 40, 'H-1-4', 'Sri Kuching'),
(922, 'DCE160244', 'STUDENT', 'COLLEGE', 'STADD', 220, 'FIX', '2016-01-01', 'HOSTEL', 'PAID', 'CSS1590715', '2016-01-20', 40, 'H-1-4', 'Sri Kuching'),
(923, 'DCE150318', 'STUDENT', 'COLLEGE', 'STADD', 220, 'FIX', '2016-01-01', 'HOSTEL', 'PAID', 'CSS1590716', '2016-01-10', 40, 'H-1-4', 'Sri Kuching'),
(924, 'DIT140139', 'STUDENT', 'COLLEGE', 'STADD', 220, 'FIX', '2016-02-01', 'HOSTEL', 'PAID', 'CSS1590716', '2016-02-10', 41, 'H-1-4', 'Sri Kuching'),
(925, 'DIC160232', 'STUDENT', 'COLLEGE', 'STADD', 220, 'FIX', '2016-02-01', 'HOSTEL', 'PAID', 'CSS1590715', '2016-02-20', 41, 'H-1-4', 'Sri Kuching'),
(926, 'DIC150291', 'STUDENT', 'COLLEGE', 'STADD', 220, 'FIX', '2016-02-01', 'HOSTEL', 'PAID', 'CSS1590720', '2016-02-23', 41, 'H-1-4', 'Sri Kuching'),
(927, 'DIC140190', 'STUDENT', 'COLLEGE', 'STADD', 220, 'FIX', '2016-02-01', 'HOSTEL', 'PAID', 'CSS1590719', '2016-02-23', 41, 'H-1-4', 'Sri Kuching'),
(928, 'DCS160181', 'STUDENT', 'COLLEGE', 'STADD', 220, 'FIX', '2016-02-01', 'HOSTEL', 'PAID', 'CSS1590721', '2016-02-25', 41, 'H-1-4', 'Sri Kuching'),
(929, 'DCS150240', 'STUDENT', 'COLLEGE', 'STADD', 220, 'FIX', '2016-02-01', 'HOSTEL', 'PAID', 'CSS1590717', '2016-02-25', 41, 'H-1-4', 'Sri Kuching'),
(930, 'DCS140272', 'STUDENT', 'COLLEGE', 'STADD', 220, 'FIX', '2016-02-01', 'HOSTEL', 'PAID', 'CSS1590714', '2016-02-25', 41, 'H-1-4', 'Sri Kuching'),
(931, 'DCS130177', 'STUDENT', 'COLLEGE', 'STADD', 220, 'FIX', '2016-02-01', 'HOSTEL', 'PAID', 'CSS1590713', '2016-02-27', 41, 'H-1-4', 'Sri Kuching'),
(932, 'DCE160244', 'STUDENT', 'COLLEGE', 'STADD', 220, 'FIX', '2016-02-01', 'HOSTEL', 'PAID', 'CSS1590718', '2016-02-27', 41, 'H-1-4', 'Sri Kuching'),
(933, 'DCE150318', 'STUDENT', 'COLLEGE', 'STADD', 220, 'FIX', '2016-02-01', 'HOSTEL', 'PAID', 'CSS1590722', '2016-02-27', 41, 'H-1-4', 'Sri Kuching'),
(934, 'DIT140139', 'STUDENT', 'COLLEGE', 'STADD', 220, 'FIX', '2016-03-01', 'HOSTEL', 'PAID', 'CSS1590722', '2016-03-27', 42, 'H-1-4', 'Sri Kuching'),
(935, 'DIC160232', 'STUDENT', 'COLLEGE', 'STADD', 220, 'FIX', '2016-03-01', 'HOSTEL', 'PAID', 'CSS1590718', '2016-03-27', 42, 'H-1-4', 'Sri Kuching'),
(936, 'DIC150291', 'STUDENT', 'COLLEGE', 'STADD', 220, 'FIX', '2016-03-01', 'HOSTEL', 'PAID', 'CSS1590713', '2016-03-27', 42, 'H-1-4', 'Sri Kuching'),
(937, 'DIC140190', 'STUDENT', 'COLLEGE', 'STADD', 220, 'FIX', '2016-03-01', 'HOSTEL', 'PAID', 'CSS1590714', '2016-03-25', 42, 'H-1-4', 'Sri Kuching'),
(938, 'DCS160181', 'STUDENT', 'COLLEGE', 'STADD', 220, 'FIX', '2016-03-01', 'HOSTEL', 'PAID', 'CSS1590717', '2016-03-25', 42, 'H-1-4', 'Sri Kuching'),
(939, 'DCS150240', 'STUDENT', 'COLLEGE', 'STADD', 220, 'FIX', '2016-03-01', 'HOSTEL', 'PAID', 'CSS1590721', '2016-03-25', 42, 'H-1-4', 'Sri Kuching'),
(940, 'DCS140272', 'STUDENT', 'COLLEGE', 'STADD', 220, 'FIX', '2016-03-01', 'HOSTEL', 'PAID', 'CSS1590719', '2016-03-23', 42, 'H-1-4', 'Sri Kuching'),
(941, 'DCS130177', 'STUDENT', 'COLLEGE', 'STADD', 220, 'FIX', '2016-03-01', 'HOSTEL', 'PAID', 'CSS1590720', '2016-03-23', 42, 'H-1-4', 'Sri Kuching'),
(942, 'DCE160244', 'STUDENT', 'COLLEGE', 'STADD', 220, 'FIX', '2016-03-01', 'HOSTEL', 'PAID', 'CSS1590715', '2016-03-20', 42, 'H-1-4', 'Sri Kuching'),
(943, 'DCE150318', 'STUDENT', 'COLLEGE', 'STADD', 220, 'FIX', '2016-03-01', 'HOSTEL', 'PAID', 'CSS1590716', '2016-03-10', 42, 'H-1-4', 'Sri Kuching'),
(944, 'DIT140139', 'STUDENT', 'COLLEGE', 'STADD', 240, 'FIX', '2016-04-01', 'HOSTEL', 'PAID', 'CSS1590716', '2016-04-10', 43, 'H-1-4', 'Sri Kuching'),
(945, 'DIC160232', 'STUDENT', 'COLLEGE', 'STADD', 240, 'FIX', '2016-04-01', 'HOSTEL', 'PAID', 'CSS1590715', '2016-04-20', 43, 'H-1-4', 'Sri Kuching'),
(946, 'DIC150291', 'STUDENT', 'COLLEGE', 'STADD', 240, 'FIX', '2016-04-01', 'HOSTEL', 'PAID', 'CSS1590720', '2016-04-23', 43, 'H-1-4', 'Sri Kuching'),
(947, 'DIC140190', 'STUDENT', 'COLLEGE', 'STADD', 240, 'FIX', '2016-04-01', 'HOSTEL', 'PAID', 'CSS1590719', '2016-04-23', 43, 'H-1-4', 'Sri Kuching'),
(948, 'DCS160181', 'STUDENT', 'COLLEGE', 'STADD', 240, 'FIX', '2016-04-01', 'HOSTEL', 'PAID', 'CSS1590721', '2016-04-25', 43, 'H-1-4', 'Sri Kuching'),
(949, 'DCS150240', 'STUDENT', 'COLLEGE', 'STADD', 240, 'FIX', '2016-04-01', 'HOSTEL', 'PAID', 'CSS1590717', '2016-04-25', 43, 'H-1-4', 'Sri Kuching'),
(950, 'DCS140272', 'STUDENT', 'COLLEGE', 'STADD', 240, 'FIX', '2016-04-01', 'HOSTEL', 'PAID', 'CSS1590714', '2016-04-25', 43, 'H-1-4', 'Sri Kuching'),
(951, 'DCS130177', 'STUDENT', 'COLLEGE', 'STADD', 240, 'FIX', '2016-04-01', 'HOSTEL', 'PAID', 'CSS1590713', '2016-04-27', 43, 'H-1-4', 'Sri Kuching'),
(952, 'DCE160244', 'STUDENT', 'COLLEGE', 'STADD', 240, 'FIX', '2016-04-01', 'HOSTEL', 'INVOICED', '', '', 43, 'H-1-4', 'Sri Kuching'),
(953, 'DCE150318', 'STUDENT', 'COLLEGE', 'STADD', 240, 'FIX', '2016-04-01', 'HOSTEL', 'INVOICED', '', '', 43, 'H-1-4', 'Sri Kuching'),
(954, 'DBA130104', 'STUDENT', 'COLLEGE', 'STADD', 260, 'FIX', '2016-05-01', 'HOSTEL', 'PAID', 'CSS123455', '2016-05-04', 44, 'F-4-5', 'Beliawanis'),
(955, 'DBA130105', 'STUDENT', 'COLLEGE', 'STADD', 260, 'FIX', '2016-05-01', 'HOSTEL', 'INVOICED', '', '', 44, 'F-4-4', 'Beliawanis'),
(956, 'DBA130113', 'STUDENT', 'COLLEGE', 'STADD', 260, 'FIX', '2016-05-01', 'HOSTEL', 'INVOICED', '', '', 44, 'G-1-7', 'Beliawanis'),
(957, 'DBA140103', 'STUDENT', 'COLLEGE', 'STADD', 260, 'FIX', '2016-05-01', 'HOSTEL', 'INVOICED', '', '', 44, 'F-4-4', 'Beliawanis'),
(958, 'DBA140234', 'STUDENT', 'COLLEGE', 'STADD', 260, 'FIX', '2016-05-01', 'HOSTEL', 'INVOICED', '', '', 44, 'G-1-10', 'Beliawanis'),
(959, 'DBA140237', 'STUDENT', 'COLLEGE', 'STADD', 260, 'FIX', '2016-05-01', 'HOSTEL', 'INVOICED', '', '', 44, 'G-2-2', 'Beliawanis'),
(960, 'DBA150105', 'STUDENT', 'COLLEGE', 'STADD', 260, 'FIX', '2016-05-01', 'HOSTEL', 'INVOICED', '', '', 44, 'E-2-2', 'Beliawanis'),
(961, 'DBA150108', 'STUDENT', 'COLLEGE', 'STADD', 260, 'FIX', '2016-05-01', 'HOSTEL', 'INVOICED', '', '', 44, 'G-1-8', 'Beliawanis'),
(962, 'DBA150109', 'STUDENT', 'COLLEGE', 'STADD', 260, 'FIX', '2016-05-01', 'HOSTEL', 'INVOICED', '', '', 44, 'A-1-6', 'Beliawanis'),
(963, 'DBA150112', 'STUDENT', 'COLLEGE', 'STADD', 260, 'FIX', '2016-05-01', 'HOSTEL', 'INVOICED', '', '', 44, 'A-1-4', 'Beliawanis'),
(964, 'DBA150113', 'STUDENT', 'COLLEGE', 'STADD', 260, 'FIX', '2016-05-01', 'HOSTEL', 'INVOICED', '', '', 44, 'G-1-9', 'Beliawanis'),
(965, 'DBA150122', 'STUDENT', 'COLLEGE', 'STADD', 260, 'FIX', '2016-05-01', 'HOSTEL', 'INVOICED', '', '', 44, 'A-3-7', 'Beliawanis'),
(966, 'DBA150123', 'STUDENT', 'COLLEGE', 'STADD', 260, 'FIX', '2016-05-01', 'HOSTEL', 'INVOICED', '', '', 44, 'E-2-2', 'Beliawanis'),
(967, 'DBA150126', 'STUDENT', 'COLLEGE', 'STADD', 260, 'FIX', '2016-05-01', 'HOSTEL', 'INVOICED', '', '', 44, 'G-2-2', 'Beliawanis'),
(968, 'DBA160117', 'STUDENT', 'COLLEGE', 'STADD', 260, 'FIX', '2016-05-01', 'HOSTEL', 'INVOICED', '', '', 44, 'A-1-7', 'Beliawanis'),
(969, 'DBA160120', 'STUDENT', 'COLLEGE', 'STADD', 260, 'FIX', '2016-05-01', 'HOSTEL', 'INVOICED', '', '', 44, 'A-1-7', 'Beliawanis'),
(970, 'DBA160125', 'STUDENT', 'COLLEGE', 'STADD', 260, 'FIX', '2016-05-01', 'HOSTEL', 'INVOICED', '', '', 44, 'F-4-2', 'Beliawanis'),
(971, 'DCE140216', 'STUDENT', 'COLLEGE', 'STADD', 260, 'FIX', '2016-05-01', 'HOSTEL', 'INVOICED', '', '', 44, 'F-4-5', 'Beliawanis'),
(972, 'DCE140222', 'STUDENT', 'COLLEGE', 'STADD', 260, 'FIX', '2016-05-01', 'HOSTEL', 'INVOICED', '', '', 44, 'G-1-7', 'Beliawanis'),
(973, 'DCE140296', 'STUDENT', 'COLLEGE', 'STADD', 260, 'FIX', '2016-05-01', 'HOSTEL', 'INVOICED', '', '', 44, 'F-4-3', 'Beliawanis'),
(974, 'DCE160240', 'STUDENT', 'COLLEGE', 'STADD', 260, 'FIX', '2016-05-01', 'HOSTEL', 'INVOICED', '', '', 44, 'G-1-8', 'Beliawanis'),
(975, 'DCS130172', 'STUDENT', 'COLLEGE', 'STADD', 260, 'FIX', '2016-05-01', 'HOSTEL', 'INVOICED', '', '', 44, 'E-3-6', 'Beliawanis'),
(976, 'DCS140267', 'STUDENT', 'COLLEGE', 'STADD', 260, 'FIX', '2016-05-01', 'HOSTEL', 'INVOICED', '', '', 44, 'G-1-9', 'Beliawanis'),
(977, 'DCS150201', 'STUDENT', 'COLLEGE', 'STADD', 260, 'FIX', '2016-05-01', 'HOSTEL', 'INVOICED', '', '', 44, 'E-2-4', 'Beliawanis'),
(978, 'DCS150203', 'STUDENT', 'COLLEGE', 'STADD', 260, 'FIX', '2016-05-01', 'HOSTEL', 'INVOICED', '', '', 44, 'G-2-3', 'Beliawanis'),
(979, 'DCS150205', 'STUDENT', 'COLLEGE', 'STADD', 260, 'FIX', '2016-05-01', 'HOSTEL', 'INVOICED', '', '', 44, 'E-2-4', 'Beliawanis'),
(980, 'DCS150209', 'STUDENT', 'COLLEGE', 'STADD', 260, 'FIX', '2016-05-01', 'HOSTEL', 'INVOICED', '', '', 44, 'A-1-8', 'Beliawanis'),
(981, 'DCS150210', 'STUDENT', 'COLLEGE', 'STADD', 260, 'FIX', '2016-05-01', 'HOSTEL', 'INVOICED', '', '', 44, 'A-1-6', 'Beliawanis'),
(982, 'DCS150218', 'STUDENT', 'COLLEGE', 'STADD', 260, 'FIX', '2016-05-01', 'HOSTEL', 'INVOICED', '', '', 44, 'E-2-5', 'Beliawanis'),
(983, 'DCS150220', 'STUDENT', 'COLLEGE', 'STADD', 260, 'FIX', '2016-05-01', 'HOSTEL', 'INVOICED', '', '', 44, 'A-3-7', 'Beliawanis'),
(984, 'DCS160189', 'STUDENT', 'COLLEGE', 'STADD', 260, 'FIX', '2016-05-01', 'HOSTEL', 'INVOICED', '', '', 44, 'E-2-5', 'Beliawanis'),
(985, 'DCS160197', 'STUDENT', 'COLLEGE', 'STADD', 260, 'FIX', '2016-05-01', 'HOSTEL', 'INVOICED', '', '', 44, 'A-1-8', 'Beliawanis'),
(986, 'DCS160202', 'STUDENT', 'COLLEGE', 'STADD', 260, 'FIX', '2016-05-01', 'HOSTEL', 'INVOICED', '', '', 44, 'F-4-2', 'Beliawanis'),
(987, 'DIC130186', 'STUDENT', 'COLLEGE', 'STADD', 260, 'FIX', '2016-05-01', 'HOSTEL', 'INVOICED', '', '', 44, 'A-1-7', 'Beliawanis'),
(988, 'DIC140285', 'STUDENT', 'COLLEGE', 'STADD', 260, 'FIX', '2016-05-01', 'HOSTEL', 'INVOICED', '', '', 44, 'A-1-6', 'Beliawanis'),
(989, 'DIC150252', 'STUDENT', 'COLLEGE', 'STADD', 260, 'FIX', '2016-05-01', 'HOSTEL', 'INVOICED', '', '', 44, 'G-1-7', 'Beliawanis'),
(990, 'DIC150253', 'STUDENT', 'COLLEGE', 'STADD', 260, 'FIX', '2016-05-01', 'HOSTEL', 'INVOICED', '', '', 44, 'E-2-3', 'Beliawanis'),
(991, 'DIC150256', 'STUDENT', 'COLLEGE', 'STADD', 260, 'FIX', '2016-05-01', 'HOSTEL', 'INVOICED', '', '', 44, 'E-2-4', 'Beliawanis'),
(992, 'DIC150265', 'STUDENT', 'COLLEGE', 'STADD', 260, 'FIX', '2016-05-01', 'HOSTEL', 'INVOICED', '', '', 44, 'G-1-8', 'Beliawanis'),
(993, 'DIC150269', 'STUDENT', 'COLLEGE', 'STADD', 260, 'FIX', '2016-05-01', 'HOSTEL', 'INVOICED', '', '', 44, 'A-1-4', 'Beliawanis'),
(994, 'DIC160203', 'STUDENT', 'COLLEGE', 'STADD', 260, 'FIX', '2016-05-01', 'HOSTEL', 'INVOICED', '', '', 44, 'A-1-5', 'Beliawanis'),
(995, 'DIC160212', 'STUDENT', 'COLLEGE', 'STADD', 260, 'FIX', '2016-05-01', 'HOSTEL', 'INVOICED', '', '', 44, 'E-2-3', 'Beliawanis'),
(996, 'DIC160216', 'STUDENT', 'COLLEGE', 'STADD', 260, 'FIX', '2016-05-01', 'HOSTEL', 'INVOICED', '', '', 44, 'E-2-5', 'Beliawanis'),
(997, 'DIT130138', 'STUDENT', 'COLLEGE', 'STADD', 260, 'FIX', '2016-05-01', 'HOSTEL', 'INVOICED', '', '', 44, 'G-2-3', 'Beliawanis'),
(998, 'DIT130141', 'STUDENT', 'COLLEGE', 'STADD', 260, 'FIX', '2016-05-01', 'HOSTEL', 'INVOICED', '', '', 44, 'F-4-5', 'Beliawanis'),
(999, 'DIT140127', 'STUDENT', 'COLLEGE', 'STADD', 260, 'FIX', '2016-05-01', 'HOSTEL', 'INVOICED', '', '', 44, 'G-2-2', 'Beliawanis'),
(1000, 'DIT140130', 'STUDENT', 'COLLEGE', 'STADD', 260, 'FIX', '2016-05-01', 'HOSTEL', 'INVOICED', '', '', 44, 'E-3-6', 'Beliawanis'),
(1001, 'DIT140252', 'STUDENT', 'COLLEGE', 'STADD', 260, 'FIX', '2016-05-01', 'HOSTEL', 'INVOICED', '', '', 44, 'A-1-5', 'Beliawanis'),
(1002, 'DIT140253', 'STUDENT', 'COLLEGE', 'STADD', 260, 'FIX', '2016-05-01', 'HOSTEL', 'INVOICED', '', '', 44, 'G-1-10', 'Beliawanis'),
(1003, 'DIT140255', 'STUDENT', 'COLLEGE', 'STADD', 260, 'FIX', '2016-05-01', 'HOSTEL', 'INVOICED', '', '', 44, 'G-1-10', 'Beliawanis'),
(1004, 'DIT140257', 'STUDENT', 'COLLEGE', 'STADD', 260, 'FIX', '2016-05-01', 'HOSTEL', 'INVOICED', '', '', 44, 'A-1-8', 'Beliawanis'),
(1005, 'DIT150155', 'STUDENT', 'COLLEGE', 'STADD', 260, 'FIX', '2016-05-01', 'HOSTEL', 'INVOICED', '', '', 44, 'G-1-11', 'Beliawanis'),
(1006, 'DIT150159', 'STUDENT', 'COLLEGE', 'STADD', 260, 'FIX', '2016-05-01', 'HOSTEL', 'INVOICED', '', '', 44, 'G-1-11', 'Beliawanis'),
(1007, 'DIT150160', 'STUDENT', 'COLLEGE', 'STADD', 260, 'FIX', '2016-05-01', 'HOSTEL', 'INVOICED', '', '', 44, 'E-2-3', 'Beliawanis'),
(1008, 'DIT150165', 'STUDENT', 'COLLEGE', 'STADD', 260, 'FIX', '2016-05-01', 'HOSTEL', 'INVOICED', '', '', 44, 'F-4-4', 'Beliawanis'),
(1009, 'DIT150166', 'STUDENT', 'COLLEGE', 'STADD', 260, 'FIX', '2016-05-01', 'HOSTEL', 'INVOICED', '', '', 44, 'E-2-2', 'Beliawanis'),
(1010, 'DIT150169', 'STUDENT', 'COLLEGE', 'STADD', 260, 'FIX', '2016-05-01', 'HOSTEL', 'INVOICED', '', '', 44, 'A-1-4', 'Beliawanis');
INSERT INTO `pay_details` (`pay_rec_id`, `payer_id`, `payer_type`, `payee_type`, `payee_name`, `amount`, `fee_type`, `date_issued`, `pay_type`, `status`, `pay_voucher`, `date_of_payment`, `fees_id`, `unit_no`, `hos_name`) VALUES
(1011, 'DIT150193', 'STUDENT', 'COLLEGE', 'STADD', 260, 'FIX', '2016-05-01', 'HOSTEL', 'INVOICED', '', '', 44, 'A-1-5', 'Beliawanis'),
(1012, 'DIT160149', 'STUDENT', 'COLLEGE', 'STADD', 260, 'FIX', '2016-05-01', 'HOSTEL', 'INVOICED', '', '', 44, 'F-4-2', 'Beliawanis'),
(1013, 'DIT160150', 'STUDENT', 'COLLEGE', 'STADD', 260, 'FIX', '2016-05-01', 'HOSTEL', 'INVOICED', '', '', 44, 'G-2-3', 'Beliawanis'),
(1014, 'DIT160155', 'STUDENT', 'COLLEGE', 'STADD', 260, 'FIX', '2016-05-01', 'HOSTEL', 'INVOICED', '', '', 44, 'E-3-6', 'Beliawanis'),
(1015, 'DIT160157', 'STUDENT', 'COLLEGE', 'STADD', 260, 'FIX', '2016-05-01', 'HOSTEL', 'INVOICED', '', '', 44, 'G-1-11', 'Beliawanis'),
(1016, 'DIT160158', 'STUDENT', 'COLLEGE', 'STADD', 260, 'FIX', '2016-05-01', 'HOSTEL', 'INVOICED', '', '', 44, 'A-3-7', 'Beliawanis');

-- --------------------------------------------------------

--
-- Table structure for table `pay_details_college`
--

CREATE TABLE `pay_details_college` (
  `pay_rec_id` int(20) NOT NULL,
  `payer_id` varchar(10) NOT NULL,
  `payer_type` varchar(100) NOT NULL,
  `payee_type` varchar(10) NOT NULL,
  `payee_name` varchar(100) NOT NULL,
  `amount` int(25) NOT NULL,
  `date_issued` date NOT NULL,
  `pay_type` varchar(30) NOT NULL,
  `status` varchar(10) NOT NULL,
  `pay_voucher` varchar(40) NOT NULL,
  `date_of_payment` varchar(10) NOT NULL,
  `hos_name` varchar(100) NOT NULL
) ENGINE=InnoDB DEFAULT CHARSET=latin1;

--
-- Dumping data for table `pay_details_college`
--

INSERT INTO `pay_details_college` (`pay_rec_id`, `payer_id`, `payer_type`, `payee_type`, `payee_name`, `amount`, `date_issued`, `pay_type`, `status`, `pay_voucher`, `date_of_payment`, `hos_name`) VALUES
(1, 'IIC', 'COLLEGE', 'HOSTEL', 'HUSSIN RAHIMI AWANG HAMAD', 33000, '2016-03-03', 'BUS', 'PAID', 'CSS12345231', '2016-03-31', ''),
(3, 'IIC', 'COLLEGE', 'HOSTEL', 'HUSSIN RAHIMI AWANG HAMAD', 33020, '2016-02-03', 'BUS', 'INVOICED', '', '', ''),
(4, 'IIC', 'COLLEGE', 'HOSTEL', 'CARETAKER', 100, '2016-02-05', 'ELECTRICITY', 'PAID', 'BIMB 381172', '2016-02-29', 'Beliawanis'),
(5, 'IIC', 'COLLEGE', 'HOSTEL', 'YLC PROPERTIES', 43600, '2015-07-01', 'HOSTEL', 'PAID', 'BIMB 110022', '2015-07-31', 'Sri Kuching'),
(6, 'IIC', 'COLLEGE', 'HOSTEL', 'YLC PROPERTIES', 2090, '2016-02-01', 'ELECTRICITY', 'PAID', 'BIMB 381299', '2016-02-29', 'Sri Kuching'),
(7, 'IIC', 'COLLEGE', 'HOSTEL', 'CARETAKER', 560, '2016-03-01', 'ELECTRICITY', 'INVOICED', '', '', 'Beliawanis'),
(8, 'IIC', 'COLLEGE', 'HOSTEL', 'HUSSIN RAHIMI AWANG HAMAD', 20000, '2016-05-04', 'BUS', 'INVOICED', '', '', '');

-- --------------------------------------------------------

--
-- Table structure for table `sem_duration`
--

CREATE TABLE `sem_duration` (
  `dur_id` int(15) NOT NULL,
  `month` int(15) NOT NULL,
  `year` int(5) NOT NULL,
  `sem_id` int(15) NOT NULL
) ENGINE=InnoDB DEFAULT CHARSET=latin1;

--
-- Dumping data for table `sem_duration`
--

INSERT INTO `sem_duration` (`dur_id`, `month`, `year`, `sem_id`) VALUES
(1, 9, 2015, 1),
(2, 10, 2015, 1),
(3, 11, 2015, 1),
(4, 12, 2015, 1),
(5, 1, 2016, 1),
(6, 2, 2016, 2),
(7, 3, 2016, 2),
(8, 4, 2016, 2),
(9, 5, 2016, 2),
(10, 6, 2016, 2),
(11, 6, 2016, 3),
(12, 7, 2016, 3),
(13, 8, 2016, 3);

-- --------------------------------------------------------

--
-- Table structure for table `sem_list`
--

CREATE TABLE `sem_list` (
  `sem_id` int(20) NOT NULL,
  `semester` int(1) NOT NULL,
  `session` varchar(15) NOT NULL,
  `status` varchar(7) NOT NULL,
  `username` varchar(20) NOT NULL
) ENGINE=InnoDB DEFAULT CHARSET=latin1;

--
-- Dumping data for table `sem_list`
--

INSERT INTO `sem_list` (`sem_id`, `semester`, `session`, `status`, `username`) VALUES
(1, 1, '2015/2016', 'OFF', '1239076'),
(2, 2, '2015/2016', 'DEFAULT', '1239076'),
(3, 3, '2015/2016', 'OFF', '1239076');

-- --------------------------------------------------------

--
-- Table structure for table `staff_acc`
--

CREATE TABLE `staff_acc` (
  `id` varchar(10) NOT NULL,
  `name` varchar(40) NOT NULL,
  `position` varchar(30) NOT NULL
) ENGINE=InnoDB DEFAULT CHARSET=latin1;

--
-- Dumping data for table `staff_acc`
--

INSERT INTO `staff_acc` (`id`, `name`, `position`) VALUES
('1215288', 'Nur Fatihah Ahmad', 'Finance Manager'),
('1227777', 'Yazid Yahya', 'ITD Manager'),
('1229068', 'Sitti Munirah Abdul Razak', 'Hostel Manager');

-- --------------------------------------------------------

--
-- Table structure for table `stay_latest`
--

CREATE TABLE `stay_latest` (
  `matric` varchar(10) NOT NULL,
  `status` varchar(2) NOT NULL,
  `unit_no` varchar(20) NOT NULL,
  `hos_name` varchar(40) NOT NULL,
  `ci_id` int(10) NOT NULL,
  `co_id` int(10) NOT NULL
) ENGINE=InnoDB DEFAULT CHARSET=latin1;

--
-- Dumping data for table `stay_latest`
--

INSERT INTO `stay_latest` (`matric`, `status`, `unit_no`, `hos_name`, `ci_id`, `co_id`) VALUES
('DBA130103', 'CO', 'F-4-3', 'Beliawanis', 138, 12),
('DBA130104', 'CI', 'F-4-5', 'Beliawanis', 143, 0),
('DBA130105', 'CI', 'F-4-4', 'Beliawanis', 141, 0),
('DBA130108', 'CI', 'G-3-2', 'Sri Kuching', 223, 0),
('DBA130109', 'CO', 'G-3-2', 'Sri Kuching', 219, 31),
('DBA130113', 'CI', 'G-1-7', 'Beliawanis', 148, 0),
('DBA130126', 'CO', 'G0-91', 'Kompleks Belia DBKL', 195, 26),
('DBA130131', 'CI', 'G-4-2', 'Sri Kuching', 233, 0),
('DBA140101', 'CO', 'E-2-4', 'Beliawanis', 126, 4),
('DBA140103', 'CI', 'F-4-4', 'Beliawanis', 142, 0),
('DBA140104', 'CI', 'G-3-2', 'Sri Kuching', 225, 0),
('DBA140107', 'CO', 'G-3-2', 'Sri Kuching', 221, 32),
('DBA140231', 'CI', 'G0-91', 'Kompleks Belia DBKL', 194, 0),
('DBA140234', 'CI', 'G-1-10', 'Beliawanis', 157, 0),
('DBA140237', 'CI', 'G-2-2', 'Beliawanis', 161, 0),
('DBA150105', 'CI', 'E-2-2', 'Beliawanis', 121, 0),
('DBA150108', 'CI', 'G-1-8', 'Beliawanis', 149, 0),
('DBA150109', 'CI', 'A-1-6', 'Beliawanis', 108, 0),
('DBA150110', 'CO', 'E-2-5', 'Beliawanis', 128, 16),
('DBA150112', 'CI', 'A-1-4', 'Beliawanis', 103, 0),
('DBA150113', 'CI', 'G-1-9', 'Beliawanis', 154, 0),
('DBA150122', 'CI', 'A-3-7', 'Beliawanis', 118, 0),
('DBA150123', 'CI', 'E-2-2', 'Beliawanis', 119, 0),
('DBA150126', 'CI', 'G-2-2', 'Beliawanis', 162, 0),
('DBA150128', 'CI', 'G-4-2', 'Sri Kuching', 232, 0),
('DBA150150', 'CO', 'G0-91', 'Kompleks Belia DBKL', 193, 29),
('DBA160105', 'CI', 'G-4-2', 'Sri Kuching', 231, 0),
('DBA160117', 'CI', 'A-1-7', 'Beliawanis', 111, 0),
('DBA160120', 'CI', 'A-1-7', 'Beliawanis', 112, 0),
('DBA160124', 'CI', 'G-3-2', 'Sri Kuching', 224, 0),
('DBA160125', 'CI', 'F-4-2', 'Beliawanis', 172, 0),
('DBA160129', 'CO', 'G-1-9', 'Beliawanis', 153, 17),
('DCE130206', 'CO', 'G-3-2', 'Sri Kuching', 218, 30),
('DCE140209', 'CO', 'G0-91', 'Kompleks Belia DBKL', 192, 25),
('DCE140214', 'CI', 'G-4-2', 'Sri Kuching', 230, 0),
('DCE140215', 'CO', 'E-2-3', 'Beliawanis', 122, 8),
('DCE140216', 'CI', 'F-4-5', 'Beliawanis', 144, 0),
('DCE140218', 'Co', 'A-1-8', 'Beliawanis', 114, 6),
('DCE140220', 'CO', 'F-4-2', 'Beliawanis', 135, 10),
('DCE140222', 'CI', 'G-1-7', 'Beliawanis', 146, 0),
('DCE140296', 'CI', 'F-4-3', 'Beliawanis', 137, 0),
('DCE150315', 'CO', 'G0-90', 'Kompleks Belia DBKL', 191, 24),
('DCE150318', 'CI', 'H-1-4', 'Sri Kuching', 245, 0),
('DCE150320', 'CI', 'G-4-2', 'Sri Kuching', 229, 0),
('DCE160237', 'CI', 'G-3-2', 'Sri Kuching', 215, 0),
('DCE160240', 'CI', 'G-1-8', 'Beliawanis', 151, 0),
('DCE160241', 'CI', 'G0-90', 'Kompleks Belia DBKL', 190, 0),
('DCE160244', 'CI', 'H-1-4', 'Sri Kuching', 244, 0),
('DCE160246', 'CI', 'G-4-2', 'Sri Kuching', 228, 0),
('DCE160267', 'CI', 'G0-90', 'Kompleks Belia DBKL', 189, 0),
('DCS130166', 'CO', 'F-4-3', 'Beliawanis', 139, 13),
('DCS130172', 'CI', 'E-3-6', 'Beliawanis', 132, 0),
('DCS130173', 'CO', 'G-2-2', 'Beliawanis', 163, 11),
('DCS130177', 'CI', 'H-1-4', 'Sri Kuching', 243, 0),
('DCS130179', 'CI', 'G-4-2', 'Sri Kuching', 227, 0),
('DCS140145', 'CO', 'E-2-3', 'Beliawanis', 123, 9),
('DCS140149', 'CO', 'A-1-5', 'Beliawanis', 106, 1),
('DCS140165', 'CI', '3-4-8', 'Kompleks Belia DBKL', 206, 0),
('DCS140176', 'CO', 'G0-90', 'Kompleks Belia DBKL', 188, 23),
('DCS140266', 'CI', 'G-3-2', 'Sri Kuching', 217, 0),
('DCS140267', 'CI', 'G-1-9', 'Beliawanis', 152, 0),
('DCS140272', 'CI', 'H-1-4', 'Sri Kuching', 242, 0),
('DCS140274', 'CI', 'G-4-2', 'Sri Kuching', 226, 0),
('DCS150201', 'CI', 'E-2-4', 'Beliawanis', 166, 0),
('DCS150203', 'CI', 'G-2-3', 'Beliawanis', 177, 0),
('DCS150205', 'CI', 'E-2-4', 'Beliawanis', 125, 0),
('DCS150209', 'CI', 'A-1-8', 'Beliawanis', 168, 0),
('DCS150210', 'CI', 'A-1-6', 'Beliawanis', 178, 0),
('DCS150214', 'CO', 'G-1-7', 'Beliawanis', 147, 5),
('DCS150216', 'CO', 'A-1-6', 'Beliawanis', 107, 15),
('DCS150218', 'CI', 'E-2-5', 'Beliawanis', 179, 0),
('DCS150220', 'CI', 'A-3-7', 'Beliawanis', 117, 0),
('DCS150226', 'CI', '3-4-8', 'Kompleks Belia DBKL', 205, 0),
('DCS150237', 'CI', '3-4-8', 'Kompleks Belia DBKL', 187, 0),
('DCS150240', 'CI', 'H-1-4', 'Sri Kuching', 241, 0),
('DCS150242', 'CI', 'G0-93', 'Kompleks Belia DBKL', 203, 0),
('DCS160167', 'CI', 'G0-91', 'Kompleks Belia DBKL', 209, 0),
('DCS160178', 'CO', '3-4-8', 'Kompleks Belia DBKL', 186, 22),
('DCS160181', 'CI', 'H-1-4', 'Sri Kuching', 240, 0),
('DCS160189', 'CI', 'E-2-5', 'Beliawanis', 130, 0),
('DCS160195', 'CI', 'G0-93', 'Kompleks Belia DBKL', 202, 0),
('DCS160197', 'CI', 'A-1-8', 'Beliawanis', 113, 0),
('DCS160202', 'CI', 'F-4-2', 'Beliawanis', 136, 0),
('DIC130186', 'CI', 'A-1-7', 'Beliawanis', 164, 0),
('DIC130201', 'CI', 'G0-91', 'Kompleks Belia DBKL', 210, 0),
('DIC140187', 'CO', '3-4-8', 'Kompleks Belia DBKL', 185, 21),
('DIC140190', 'CI', 'H-1-4', 'Sri Kuching', 239, 0),
('DIC140192', 'CO', 'G0-93', 'Kompleks Belia DBKL', 201, 28),
('DIC140285', 'CI', 'A-1-6', 'Beliawanis', 109, 0),
('DIC140287', 'CI', 'G-3-2', 'Sri Kuching', 216, 0),
('DIC150252', 'CI', 'G-1-7', 'Beliawanis', 174, 0),
('DIC150253', 'CI', 'E-2-3', 'Beliawanis', 124, 0),
('DIC150255', 'CI', 'G-3-2', 'Sri Kuching', 213, 0),
('DIC150256', 'CI', 'E-2-4', 'Beliawanis', 127, 0),
('DIC150265', 'CI', 'G-1-8', 'Beliawanis', 150, 0),
('DIC150269', 'CI', 'A-1-4', 'Beliawanis', 101, 0),
('DIC150277', 'CI', 'G0-90', 'Kompleks Belia DBKL', 208, 0),
('DIC150288', 'CI', '3-4-8', 'Kompleks Belia DBKL', 184, 0),
('DIC150291', 'CI', 'H-1-4', 'Sri Kuching', 238, 0),
('DIC150293', 'CI', 'G0-93', 'Kompleks Belia DBKL', 200, 0),
('DIC150303', 'CI', 'G0-90', 'Kompleks Belia DBKL', 207, 0),
('DIC160203', 'CI', 'A-1-5', 'Beliawanis', 105, 0),
('DIC160212', 'CI', 'E-2-3', 'Beliawanis', 170, 0),
('DIC160213', 'CI', 'G-3-2', 'Sri Kuching', 214, 0),
('DIC160216', 'CI', 'E-2-5', 'Beliawanis', 129, 0),
('DIC160229', 'CI', '3-0-10', 'Kompleks Belia DBKL', 183, 0),
('DIC160232', 'CI', 'H-1-4', 'Sri Kuching', 237, 0),
('DIC160234', 'CI', 'G0-92', 'Kompleks Belia DBKL', 199, 0),
('DIT130138', 'CI', 'G-2-3', 'Beliawanis', 175, 0),
('DIT130141', 'CI', 'F-4-5', 'Beliawanis', 145, 0),
('DIT130146', 'CO', 'A-3-7', 'Beliawanis', 116, 7),
('DIT130159', 'CI', '3-0-10', 'Kompleks Belia DBKL', 204, 0),
('DIT140127', 'CI', 'G-2-2', 'Beliawanis', 173, 0),
('DIT140130', 'CI', 'E-3-6', 'Beliawanis', 133, 0),
('DIT140136', 'CO', '3-0-10', 'Kompleks Belia DBKL', 182, 20),
('DIT140139', 'CI', 'H-1-4', 'Sri Kuching', 236, 0),
('DIT140141', 'CO', 'G0-92', 'Kompleks Belia DBKL', 198, 27),
('DIT140249', 'CI', 'G0-92', 'Kompleks Belia DBKL', 211, 0),
('DIT140252', 'CI', 'A-1-5', 'Beliawanis', 104, 0),
('DIT140253', 'CI', 'G-1-10', 'Beliawanis', 155, 0),
('DIT140255', 'CI', 'G-1-10', 'Beliawanis', 156, 0),
('DIT140257', 'CI', 'A-1-8', 'Beliawanis', 115, 0),
('DIT140258', 'CI', 'G-3-2', 'Sri Kuching', 222, 0),
('DIT150155', 'CI', 'G-1-11', 'Beliawanis', 159, 0),
('DIT150159', 'CI', 'G-1-11', 'Beliawanis', 160, 0),
('DIT150160', 'CI', 'E-2-3', 'Beliawanis', 171, 0),
('DIT150164', 'CO', 'A-1-7', 'Beliawanis', 110, 2),
('DIT150165', 'CI', 'F-4-4', 'Beliawanis', 140, 0),
('DIT150166', 'CI', 'E-2-2', 'Beliawanis', 120, 0),
('DIT150169', 'CI', 'A-1-4', 'Beliawanis', 102, 0),
('DIT150174', 'CI', 'G-3-2', 'Sri Kuching', 220, 0),
('DIT150183', 'CI', '3-0-10', 'Kompleks Belia DBKL', 181, 0),
('DIT150186', 'CI', 'G-4-2', 'Sri Kuching', 235, 0),
('DIT150188', 'CI', 'G0-92', 'Kompleks Belia DBKL', 197, 0),
('DIT150193', 'CI', 'A-1-5', 'Beliawanis', 165, 0),
('DIT160130', 'CI', 'G0-93', 'Kompleks Belia DBKL', 212, 0),
('DIT160141', 'CI', '3-0-10', 'Kompleks Belia DBKL', 180, 0),
('DIT160144', 'CI', 'G-4-2', 'Sri Kuching', 234, 0),
('DIT160146', 'CI', 'G0-92', 'Kompleks Belia DBKL', 196, 0),
('DIT160149', 'CI', 'F-4-2', 'Beliawanis', 134, 0),
('DIT160150', 'CI', 'G-2-3', 'Beliawanis', 176, 0),
('DIT160155', 'CI', 'E-3-6', 'Beliawanis', 167, 0),
('DIT160157', 'CI', 'G-1-11', 'Beliawanis', 158, 0),
('DIT160158', 'CI', 'A-3-7', 'Beliawanis', 169, 0);

-- --------------------------------------------------------

--
-- Table structure for table `student_list`
--

CREATE TABLE `student_list` (
  `matric` varchar(10) NOT NULL,
  `first_name` varchar(40) NOT NULL,
  `last_name` varchar(40) NOT NULL,
  `year` int(1) NOT NULL,
  `program` varchar(10) NOT NULL,
  `status` varchar(10) NOT NULL,
  `gender` varchar(1) NOT NULL,
  `hp_no` varchar(20) NOT NULL,
  `email` varchar(50) NOT NULL
) ENGINE=InnoDB DEFAULT CHARSET=latin1;

--
-- Dumping data for table `student_list`
--

INSERT INTO `student_list` (`matric`, `first_name`, `last_name`, `year`, `program`, `status`, `gender`, `hp_no`, `email`) VALUES
('DBA130101', 'Ana Idayu  ', 'Zakaria', 3, 'DBA ', 'Active', 'F', '017-2342346 ', 'alinar.ayu@gmail.com '),
('DBA130102', 'Noor Hasyierah ', 'Mohd Salleh		', 3, 'DBA	', 'Active', 'F', '016-2308345	', 'noor.hasyie@gmail.com'),
('DBA130103', 'Saidatul Ardeenawatie ', 'Awang		', 3, 'DBA	', 'Active', 'F', '017-8748929	', 'saidatul.ardeen@gmail.com'),
('DBA130104', 'Fauziah 	', 'Zakaria', 3, 'DBA		', 'Active', 'F', '011-2183929	', 'fauziah.binti @gmail.com'),
('DBA130105', 'Aimi Salihah ', 'Abdul Nasir', 3, 'DBA', 'Active', 'F', '+60192843895', 'aimi.saliha@gmail.com'),
('DBA130106', 'Rafiza 	', 'Abd Razak	', 3, 'DBA	', 'Active', 'F', '019-2862482	', 'rafiza.binti @gmail.com'),
('DBA130107', 'Zarina 	', 'Yahya	', 3, 'DBA	', 'Active', 'F', '018-3784802	', 'zarina.binti @gmail.com'),
('DBA130108', 'Shuhaizar 	', 'Daud	', 3, 'DBA	', 'Active', 'M', '016-8482375	', 'shuhaizar.bin da@gmail.com'),
('DBA130109', 'Hasliza 		', 'A Rahim @ Samsuddin', 3, 'DBA	', 'Active', 'F', '013-2532742	', 'hasliza.binti @gmail.com'),
('DBA130110', 'Suzanna ', 'Harun Ronald	', 3, 'DBA		', 'Active', 'F', '012-2242858	', 'suzanna.binti @gmail.com'),
('DBA130111', 'Najihah 	', 'Abdul Rashid	', 3, 'DBA	', 'Active', 'F', '019-2432735	', 'najihah.binti @gmail.com'),
('DBA130112', 'Norhidayah ', 'Abd Aziz		', 3, 'DBA	', 'Active', 'F', '018-2423874	', 'norhidayah.binti @gmail.com'),
('DBA130113', 'Nur Hulwani', 'Ibrahim		', 3, 'DBA	', 'Active', 'F', '012-3424535	', 'nur.hulwan@gmail.com'),
('DBA130116', 'Sriyana ', 'Abdullah	', 3, 'DBA		', 'Active', 'F', '017-8748929	', 'sriyana.binti @gmail.com'),
('DBA130117', 'Aida Fatehah ', 'Mohd Shukur', 3, 'DBA', 'Active', 'F', '+60112183929', 'aida.fateha@gmail.com'),
('DBA130118', 'Md. Abdullah 		', 'Al Humayun', 3, 'DBA	', 'Active', 'M', '+60192432735	', 'mdabdul@gmail.com'),
('DBA130119', 'Mohammad Ezanni ', 'Mat Salleh		', 3, 'DBA	', 'Active', 'M', '018-2423874	', 'ezan.ni@gmail.com'),
('DBA130120', 'Muhammad Solihin ', 'Zulkefli	', 3, 'DBA	', 'Active', 'M', '012-3424535	', 'soli.hin@gmail.com'),
('DBA130121', 'Huzein Fahmi 		', 'Bin Hawari', 3, 'DBA	', 'Active', 'M', '+60172342346	', 'fahm. fahmi@gmail.com'),
('DBA130122', 'Norasmadi ', 'Abdul Rahim		', 3, 'DBA	', 'Active', 'M', '016-2308345	', 'bin .@gmail.com'),
('DBA130123', 'Md. Anamul ', 'Islam		', 3, 'DBA	', 'Active', 'M', '017-8748929	', 'mdabdul@gmail.com'),
('DBA130124', 'Md. Asraf', 'Ali	', 3, 'DBA		', 'Active', 'M', '011-2183929	', 'mdabdul@gmail.com'),
('DBA130125', 'Mohammd Khalid ', 'Salman Fadhil		', 3, 'DBA	', 'Active', 'M', '019-2843895	', 'khal.d@gmail.com'),
('DBA130126', 'Tariq Adnan ', 'Fadil		', 3, 'DBA	', 'Graduated', 'M', '019-2862482	', 'adna.ad@gmail.com'),
('DBA130127', 'Abdullah Omar ', 'Ali Al-Dhaibani		', 3, 'DBA	', 'Active', 'M', '018-3784802	', 'omar.@gmail.com'),
('DBA130128', 'Khairul Najmy 	', 'Abdul Rani	', 3, 'DBA	', 'Active', 'M', '016-8482375	', 'najm.@gmail.com'),
('DBA130129', 'Mohd Hafizuddin 	', 'Mat	', 3, 'DBA	', 'Active', 'M', '013-2532742	', 'hafi.in@gmail.com'),
('DBA130130', 'Rasyid Ali ', 'Fayyadh		', 3, 'DBA	', 'Active', 'M', '019-2432735	', 'ali .yy@gmail.com'),
('DBA130131', 'Abdul Latif ', 'Bin Abdul Rani		', 3, 'DBA	', 'Active', 'M', '018-2423874	', 'lati.in@gmail.com'),
('DBA130132', 'Mohd Azizi 	', 'Chik	', 3, 'DBA	', 'Active', 'M', '012-3424535	', 'aziz.hd azizi@gmail.com'),
('DBA130133', 'Mohd Farizal ', 'Faridus		', 3, 'DBA', 'Active', 'M', '017-2342346	', 'fari.rizal@gmail.com'),
('DBA130134', 'Azharudin 	', 'Mukhtaruddin	', 3, 'DBA	', 'Active', 'M', '016-2308345	', 'bin .@gmail.com'),
('DBA130135', 'Nor Shakirina ', 'Nadzri		', 3, 'DBA	', 'Active', 'F', '019-2843895', 'nor.shakir@gmail.com'),
('DBA140101', 'Nur Afifah 	', 'Ismail	', 3, 'DBA	', 'Active', 'F', '019-2862482	', 'nur.afifah@gmail.com'),
('DBA140102', 'Suriati 	', 'Suhaimi	', 3, 'DBA	', 'Active', 'F', '018-3784802	', 'suriati.binti @gmail.com'),
('DBA140103', 'Emi Zurima ', 'Ismail', 3, 'DBA', 'Active', 'F', '+60168482375', 'emi.zurima@gmail.com'),
('DBA140104', 'Wan Syahirah ', 'W.Samsudin	', 3, 'DBA		', 'Active', 'F', '013-2532742	', 'wan.syahir@gmail.com'),
('DBA140105', 'Anis Sofiah ', 'Mudzafar Kamil', 3, 'DBA', 'Active', 'F', '+60122242858', 'anis.sofiah@gmail.com'),
('DBA140106', 'Siti Mariam Atiqah 	', 'Abdul Aziz	', 3, 'DBA	', 'Active', 'F', '019-2432735	', 'siti.mariam@gmail.com'),
('DBA140107', 'Nor Fadzilah	', 'Toha	', 3, 'DBA	', 'Active', 'F', '018-2423874	', 'nor.fadzil@gmail.com'),
('DBA140108', 'Nur Liyana ', 'Mohd Rosli		', 3, 'DBA	', 'Active', 'F', '012-3424535	', 'nur.liyana@gmail.com'),
('DBA140110', 'Mohd Adzrie ', 'Radzali		', 3, 'DBA	', 'Active', 'M', '017-8748929	', 'adzr.dzrie@gmail.com'),
('DBA140111', 'Muhamad Kamil Syahid ', 'Talha		', 3, 'DBA	', 'Active', 'M', '011-2183929	', 'kami.@gmail.com'),
('DBA140112', 'Nazih Ahmed Khmis ', 'Abdun		', 3, 'DBA', 'Active', 'M', '019-2843895	', 'ahme.hm@gmail.com'),
('DBA140113', 'Ahmad Faizal ', 'Annuar		', 3, 'DBA	', 'Active', 'M', '019-2862482	', 'faiz.faizal@gmail.com'),
('DBA140114', 'Mohd Khairul Faizi ', 'Abd Rahman		', 3, 'DBA	', 'Active', 'M', '018-3784802	', 'khai.faizi@gmail.com'),
('DBA140115', 'Hazrin Jahidi', 'Jaafar	', 3, 'DBA		', 'Active', 'M', '016-8482375	', 'jahi.@gmail.com'),
('DBA140116', 'Mohd Amin Farhan ', 'Zaludin	', 3, 'DBA		', 'Active', 'M', '013-2532742	', 'amin.ha@gmail.com'),
('DBA140117', 'Mohd Hafiz 	', 'Zainol	', 3, 'DBA	', 'Active', 'M', '019-2432735	', 'hafi. hafiz@gmail.com'),
('DBA140118', 'Mohd Hanif ', 'Mohd Pisal		', 3, 'DBA	', 'Active', 'M', '018-2423874	', 'hani.n @gmail.com'),
('DBA140119', 'Muhamad Nadhli Amin 	', 'Lotfi	', 3, 'DBA	', 'Active', 'M', '012-3424535	', 'nadh.i@gmail.com'),
('DBA140224', 'Mohd Syedi Imran 	', 'Mohd Dawi	', 2, 'DBA	', 'Active', 'M', '017-2342346	', 'syed.ran@gmail.com'),
('DBA140225', 'Mohd Azudin ', 'Mohd Arif		', 2, 'DBA	', 'Active', 'M', '016-2308345	', 'azud.in@gmail.com'),
('DBA140226', 'Mohd Wafi 	', 'Nasrudin	', 2, 'DBA	', 'Active', 'M', '017-8748929	', 'wafi.wafi@gmail.com'),
('DBA140227', 'Ishak 		', 'Jainoo', 2, 'DBA	', 'Active', 'M', '+60112183929	', 'bin .no@gmail.com'),
('DBA140228', 'Abdullah Abdulelah 		', 'Ali Sallam', 2, 'DBA	', 'Active', 'M', '+60192843895	', 'abdu.lelah@gmail.com'),
('DBA140229', 'Hamza Ali 		', 'Mohammad Alshatnawi', 2, 'DBA	', 'Active', 'M', '+60192862482	', 'ali .am@gmail.com'),
('DBA140230', 'Muhamad Hafiz 	', 'Masran	', 2, 'DBA	', 'Active', 'M', '018-3784802	', 'hafi.@gmail.com'),
('DBA140231', 'Abdulrahman ', 'M.A. Albelaihi	', 2, 'DBA	', 'Active', 'M', '016-8482375	', 'm.a..@gmail.com'),
('DBA140232', 'Ahmed Khudhair ', 'Abbas		', 2, 'DBA	', 'Active', 'M', '013-2532742	', 'khud.r@gmail.com'),
('DBA140233', 'Aminudin', 'Anuar		', 2, 'DBA	', 'Active', 'M', '019-2432735	', 'bin .an@gmail.com'),
('DBA140234', 'Normaliza ', 'Omar		', 2, 'DBA', 'Active', 'F', '016-2308345	', 'normaliza.binti @gmail.com'),
('DBA140235', 'Fakhrul Fahim 	', 'Fakhrumarzuki	', 1, 'DIC	', 'Active', 'M', '016-2308345	', 'fakhrul.fahim@gmail.com'),
('DBA140236', 'Siti Noor Baya 	', 'Khalib	', 2, 'DBA	', 'Active', 'F', '011-2183929	', 'siti.noor b@gmail.com'),
('DBA140237', 'Wan Fadhilah ', 'Wan Mohd Khalik	', 2, 'DBA		', 'Active', 'F', '019-2843895	', 'wan.fadhil@gmail.com'),
('DBA140238', 'Rasyida 	', 'Md Saad	', 2, 'DBA	', 'Active', 'F', '019-2862482	', 'rasyida.binti @gmail.com'),
('DBA140239', 'Faten ', 'Mohammad Alqhtani	', 2, 'DBA	', 'Active', 'F', '+60183784802	', 'faten.mohamm@gmail.com'),
('DBA140240', 'Atifa Faaidha 	', 'Munauwer	', 2, 'DBA	', 'Active', 'F', '016-8482375	', 'atifa.faaidh@gmail.com'),
('DBA140241', 'Norfadilah ', 'Rosle	', 2, 'DBA	', 'Active', 'F', '013-2532742	', 'norfadilah.binti @gmail.com'),
('DBA150100', 'Najihah 		', 'Jamil	', 2, 'DBA	', 'Active', 'F', '012-2242858', 'najihah.binti @gmail.com'),
('DBA150101', 'Nazirah ', 'Ab Rashid	', 2, 'DBA		', 'Active', 'F', '+60192432735	', 'nazirah.binti @gmail.com'),
('DBA150102', 'Nor Syazwani ', 'Mohd Sidek		', 2, 'DBA	', 'Active', 'F', '018-2423874	', 'nor.syazwa@gmail.com'),
('DBA150103', 'Nur Liyana Izyan 	', 'Zailuddin	', 2, 'DBA	', 'Active', 'F', '012-3424535	', 'nur.liyana@gmail.com'),
('DBA150104', 'Rosaniza ', 'Md Isa		', 2, 'DBA	', 'Active', 'F', '017-2342346	', 'rosaniza.binti @gmail.com'),
('DBA150105', 'Asmarini 	', 'Mohamed	', 2, 'DBA	', 'Active', 'F', '016-2308345	', 'asmarini.binti @gmail.com'),
('DBA150106', 'Nor Hasyimah ', 'Abdul Razak	', 2, 'DBA	', 'Active', 'F', '017-8748929', 'nor.hasyim@gmail.com'),
('DBA150107', 'Nur Amirah ', 'Mohd Dahalan		', 2, 'DBA	', 'Active', 'F', '011-2183929	', 'nur.amirah@gmail.com'),
('DBA150108', 'Rashida 	', 'Abd Rashid	', 2, 'DBA	', 'Active', 'F', '019-2843895	', 'rashida.binti @gmail.com'),
('DBA150109', 'Rosniza ', 'Mohd Nor		', 2, 'DBA', 'Active', 'F', '019-2862482	', 'rosniza.binti @gmail.com'),
('DBA150110', 'Siti Fairuz ', 'A. Rahim	', 2, 'DBA		', 'Active', 'F', '018-3784802	', 'siti.fairuz@gmail.com'),
('DBA150111', 'Hairunnisa 	', 'Mat Said	', 2, 'DBA	', 'Active', 'F', '016-8482375	', 'hairunnisa.binti @gmail.com'),
('DBA150112', 'Hazirah Raihan 		', 'Saiful Bahari	', 2, 'DBA	', 'Active', 'F', '+60132532742', 'hazirah.raihan@gmail.com'),
('DBA150113', 'Intan Syafika ', 'Shata', 2, 'DBA', 'Active', 'F', '+60122242858	', 'intan.syafik@gmail.com'),
('DBA150114', 'Madihah 	', 'Abdullah	', 2, 'DBA	', 'Active', 'F', '019-2432735	', 'madihah.binti @gmail.com'),
('DBA150115', 'Norzulaikha ', 'Zakaria	', 2, 'DBA		', 'Active', 'F', '018-2423874	', 'norzulaikha.binti @gmail.com'),
('DBA150116', 'Nur Ainul Mardhiah 	', 'Md Zulkipli	', 2, 'DBA	', 'Active', 'F', '012-3424535	', 'nur.ainul @gmail.com'),
('DBA150117', 'Nur Amirah ', 'Osman		', 2, 'DBA	', 'Active', 'F', '017-2342346	', 'nur.amirah@gmail.com'),
('DBA150120', 'Siti Aminah 	', 'Suhaimi	', 2, 'DBA	', 'Active', 'F', '011-2183929	', 'siti.azzminah@gmail.com'),
('DBA150121', 'Siti Hajar 	', 'Rosni	', 2, 'DBA	', 'Active', 'F', '019-2843895	', 'siti.hajar @gmail.com'),
('DBA150122', 'Siti Kodarias ', 'Mamat		', 1, 'DBA	', 'Active', 'F', '019-2862482	', 'siti.kodari@gmail.com'),
('DBA150123', 'Siti Syazwani 	', 'Mohd Mahdzim	', 1, 'DBA	', 'Active', 'F', '018-3784802	', 'siti.syazwa@gmail.com'),
('DBA150124', 'Soffia ', 'Mat Yusoff		', 1, 'DBA	', 'Active', 'F', '016-8482375	', 'soffia.bt mat@gmail.com'),
('DBA150125', 'Abd Aziz ', 'Abd Rahman', 1, 'DBA', 'Active', 'M', '+60132532742', 'abd.aziz@gmail.com'),
('DBA150126', 'Aminah 		', 'Ideris', 1, 'DBA	', 'Active', 'F', '012-2242858	', 'aminah.binti @gmail.com'),
('DBA150127', 'Ayob Nazmy 	', 'Nanyan	', 2, 'DBA	', 'Active', 'M', '018-2423874	', 'nazm. nazmy@gmail.com'),
('DBA150128', 'Khairul Nizam 		', 'Sultan Ali', 2, 'DBA	', 'Active', 'M', '+60123424535	', 'niza.@gmail.com'),
('DBA150129', 'Mohd Nazimudin ', 'Ibrahim	', 2, 'DBA		', 'Active', 'M', '017-2342346	', 'nazi.n@gmail.com'),
('DBA150130', 'Syaiful Anas', 'Ibrahim		', 2, 'DBA	', 'Active', 'M', '016-2308345	', 'anas. anas@gmail.com'),
('DBA150131', 'Ahmad Hisham 	', 'Ahmad Shah	', 2, 'DBA	', 'Active', 'M', '017-8748929	', 'hish.bi@gmail.com'),
('DBA150132', 'Ibrahim 	', 'Sulong	', 2, 'DBA	', 'Active', 'M', '011-2183929	', 'bin .ul@gmail.com'),
('DBA150133', 'Abdul Aziz		', 'Yaacob', 2, 'DBA	', 'Active', 'M', '+0192843895	', 'aziz.l aziz@gmail.com'),
('DBA150134', 'Abdul Muiz 		', 'Ayob', 2, 'DBA	', 'Active', 'M', '+60192862482	', 'muiz.dul muiz@gmail.com'),
('DBA150135', 'Azim Azuan 		', 'Osman', 2, 'DBA', 'Active', 'M', '+60183784802	', 'azua.m azuan@gmail.com'),
('DBA150136', 'Mohd Irfan Muzammil ', 'Shuib		', 2, 'DBA	', 'Active', 'M', '016-8482375	', 'irfa.za@gmail.com'),
('DBA150137', 'Muhammad Khairudden 	', 'Sulaiman	', 2, 'DBA', 'Active', 'M', '013-2532742	', 'khai.rudden@gmail.com'),
('DBA150138', 'Muhammad ', 'Abdullah		', 2, 'DBA	', 'Active', 'M', '019-2432735	', 'bin .ab@gmail.com'),
('DBA150139', 'Ahmad Khairul Anuar 	', 'Ramli	', 2, 'DBA	', 'Active', 'M', '018-2423874	', 'khai.@gmail.com'),
('DBA150140', 'Meor Azeem 	', 'Meor Azli	', 2, 'DBA	', 'Active', 'M', '012-3424535	', 'azee.n @gmail.com'),
('DBA150141', 'Muhamad Fitri ', 'Mohd Ali Mustawi	', 2, 'DBA		', 'Active', 'M', '017-2342346	', 'fitr.@gmail.com'),
('DBA150142', 'Muhammad Abdul Fatah ', 'Abdullah	', 2, 'DBA		', 'Active', 'M', '016-2308345	', 'abdu.l@gmail.com'),
('DBA150143', 'Muhammad Arif ', 'Musa		', 2, 'DBA	', 'Active', 'M', '017-8748929	', 'arif.@gmail.com'),
('DBA150144', 'Muhammad Luqman 	', 'Md Razali	', 2, 'DBA	', 'Active', 'M', '011-2183929	', 'luqm.an@gmail.com'),
('DBA150145', 'Muhammad Suhail 	', 'Mohd Isa	', 2, 'DBA	', 'Active', 'M', '019-2843895	', 'suha.il@gmail.com'),
('DBA150146', 'Shaikh Mohd Aiman ', 'Seff Ahmad		', 2, 'DBA	', 'Active', 'M', '019-2862482	', 'mohd.iman@gmail.com'),
('DBA150147', 'Nazirah', 'Nosbi', 1, 'DBA', 'Active', 'F', '018-3784802', 'nazirah.binti @gmail.com'),
('DBA150148', 'Muhammad Farhan Asyraf ', 'Bushral Karim	', 1, 'DBA		', 'Active', 'M', '016-8482375	', 'farh.an@gmail.com'),
('DBA150149', 'Muhammad Farhan 	', 'Abd. Hadi	', 1, 'DBA	', 'Active', 'M', '013-2532742	', 'mdabdul@gmail.com'),
('DBA150150', 'Muhammad Nazrin Shah ', 'Mohamed Farook		', 1, 'DBA	', 'Active', 'M', '019-2432735	', 'nazr.in@gmail.com'),
('DBA150555', 'Alina Rahayu ', 'Mohamed', 1, 'DBA', 'Active', 'F', '+60172342346', 'alinar.ayu@gmail.com'),
('DBA150732', 'Noor Hasyierah', 'Mohd Salleh', 1, 'DBA', 'Active', 'F', '+60162308345', 'noor.hasyie@gmail.com'),
('DBA158836', 'Sakinah', 'Mohd Khalid', 1, 'DBA', 'Active', 'F', '+60178906754', 'sakinahmk@gmail.com'),
('DBA160101', 'Nik Mohd Rafiudin 	', 'Mat Zin	', 1, 'DBA', 'Active', 'M', '018-2423874	', 'mohd.udin@gmail.com'),
('DBA160102', 'Abdul Hakim 		', 'Khairol Afandi', 1, 'DBA	', 'Active', 'M', '+60123424535	', 'haki.in@gmail.com'),
('DBA160103', 'Ahmad Helmi 		', 'Mahamarowi', 1, 'DBA	', 'Active', 'M', '+60172342346	', 'helm.mi@gmail.com'),
('DBA160104', 'Ahmad Syahir 	', 'Ahmad Nadzri	', 1, 'DBA	', 'Active', 'M', '016-2308345	', 'syah.bi@gmail.com'),
('DBA160105', 'Aiman ', 'Che Mansor		', 1, 'DBA	', 'Active', 'M', '017-8748929	', 'bin .an bin@gmail.com'),
('DBA160106', 'Aiman Haziq 	', 'Azaddin	', 1, 'DBA	', 'Active', 'M', '011-2183929	', 'hazi.haziq@gmail.com'),
('DBA160107', 'Amal Ashraff 	', 'Mohd Arifin	', 1, 'DBA	', 'Active', 'M', '019-2843895	', 'ashr.bi@gmail.com'),
('DBA160108', 'Mohamad Haniff 	', 'Mohd Sowi	', 1, 'DBA	', 'Active', 'M', '019-2862482	', 'hani.f@gmail.com'),
('DBA160109', 'Mohammad Haziq 	', 'Mohd Fadhil	', 1, 'DBA	', 'Active', 'M', '018-3784802	', 'hazi.q@gmail.com'),
('DBA160110', 'Mohammad Hafezie 	', 'Zulkeflee	', 1, 'DBA	', 'Active', 'M', '016-8482375	', 'hafe.zie@gmail.com'),
('DBA160111', 'Muhamad Faeq ', 'Mohd Jidin		', 1, 'DBA	', 'Active', 'M', '013-2532742	', 'faeq.bi@gmail.com'),
('DBA160112', 'Muhammad Azlan 	', 'Zainol Asha''ari	', 1, 'DBA	', 'Active', 'M', '019-2432735	', 'azla.n@gmail.com'),
('DBA160113', 'Muhammad Faiz ', 'Mohd Noor	', 1, 'DBA		', 'Active', 'M', '018-2423874	', 'faiz.@gmail.com'),
('DBA160114', 'Muhammad Fathi', 'Md Taib	', 1, 'DBA	', 'Active', 'M', '012-3424535	', 'fath.i@gmail.com'),
('DBA160115', 'Muhammad Firdaus	', 'Sebeli	', 1, 'DBA	', 'Active', 'M', '017-2342346	', 'fird.aus@gmail.com'),
('DBA160116', 'Asmalaili 	', 'Salehudin	', 1, 'DBA	', 'Active', 'F', '019-2432735	', 'asmalaili.binti @gmail.com'),
('DBA160117', 'Azzahra ', 'Aripin	', 1, 'DBA	', 'Active', 'F', '+60182423874	', 'azzahra.binti @gmail.com'),
('DBA160118', 'Engku Mohd Zaim ', 'Engku Azman', 1, 'DBA', 'Active', 'M', '012-3424535', 'engku.mohd@gmail.com'),
('DBA160119', 'Faten Syamimi ', 'Kamyis		', 1, 'DBA	', 'Active', 'F', '017-2342346	', 'faten.syamim@gmail.com'),
('DBA160120', 'Fatin Izzati 			', 'Mohmed Azmi', 1, 'DBA', 'Active', 'F', '+60162308345', 'fatin.izzati@gmail.com'),
('DBA160121', 'Nor Amirra 	', 'Abu Nayan	', 1, 'DBA	', 'Active', 'F', '017-8748929	', 'nor.amirra@gmail.com'),
('DBA160122', 'Noor Safira Aina ', 'Arshad		', 1, 'DBA	', 'Active', 'F', '011-2183929	', 'noor.safira@gmail.com'),
('DBA160123', 'Noor Hayati ', 'Osman	', 1, 'DBA		', 'Active', 'F', '019-2843895	', 'noor.hayati@gmail.com'),
('DBA160124', 'Siti Nurul Nadzirah ', 'Adam	', 1, 'DBA		', 'Active', 'F', '019-2862482	', 'siti.nurul @gmail.com'),
('DBA160125', 'Wan Nurul Hidayah 	', 'Wan Othman	', 1, 'DBA	', 'Active', 'F', '018-3784802	', 'wan.nurulhidayah@gmail.com'),
('DBA160126', 'Anis Afina 		', 'Azman', 1, 'DBA	', 'Active', 'F', '016-8482375	', 'anis.afina @gmail.com'),
('DBA160127', 'Che Noriani ', 'Husain', 1, 'DBA', 'Active', 'F', '+60162532742', 'che.norian@gmail.com'),
('DBA160128', 'Fadhlina ', 'Mokhtar', 1, 'DBA', 'Active', 'F', '+60122242858', 'fadhlina.binti @gmail.com'),
('DBA160129', 'Farah Wahida 	', 'Shabri	', 1, 'DBA	', 'Active', 'F', '019-2432735	', 'farah.wahida@gmail.com'),
('DBA160909', 'Sitti Munirah', 'Abdul Razak', 1, 'DBA', 'Active', 'F', '+60189713042', 'sittimunirahar@gmail.com'),
('DBA167890', 'Sitti Aminah', 'Abdul Halim', 1, 'DBA', 'Active', 'F', '+60189713042', 'sittiaminah@gmail.com'),
('DCE130204', 'Sofia Aqila 	', 'Zulkifli	', 3, 'DCE	', 'Active', 'F', '017-2342346	', 'sofia.aqila @gmail.com'),
('DCE130205	', 'Syakila ', 'Mat Kamal	', 3, 'DCE		', 'Active', 'F', '016-2308345	', 'syakila.binti @gmail.com'),
('DCE130206', 'Abdirizak Abdullahi ', 'Hassan', 3, 'DCE', 'Active', 'M', '017-8748929', 'abdirizak.abdullahi@gmail.com'),
('DCE130207', 'Mohammad Izaz 	', 'Azman	', 3, 'DCE	', 'Active', 'M', '017-2342346	', 'izaz.azman@gmail.com'),
('DCE130208', 'Mohammad Syahir ', 'Othman		', 3, 'DCE	', 'Active', 'M', '016-2308345	', 'syahir.othman@gmail.com'),
('DCE130209', 'Mohd Amirul Hakim 	', 'Rohadi	', 3, 'DCE	', 'Active', 'M', '017-8748929	', 'amirul.rohadi@gmail.com'),
('DCE130210', 'Lili Suhaili', 'Abu Bakar', 1, 'DCE', 'Active', 'F', '+60189992222', 'lilisue@gmail.com'),
('DCE140202', 'Mohd Fadlillah ', 'Alias	', 3, 'DCE		', 'Active', 'M', '011-2183929	', 'fadlillah.alias@gmail.com'),
('DCE140203', 'Mohd Farid Hazman ', 'Che Umar	', 3, 'DCE		', 'Active', 'M', '019-2843895	', 'farid.umar@gmail.com'),
('DCE140204', 'Mohd Hafizudden', 'Ahmad		', 3, 'DCE	', 'Active', 'M', '019-2862482	', 'hafizudden.ahmad@gmail.com'),
('DCE140205', 'Mohd Hamiz ', 'Berhanuddin	', 3, 'DCE		', 'Active', 'F', '018-3784802	', 'hamiz.berhanuddin@gmail.com'),
('DCE140206', 'Mohd Nabil ', 'Mat Nawi		', 3, 'DCE	', 'Active', 'M', '016-8482375	', 'nabil.nawi@gmail.com'),
('DCE140207', 'Mohd Nurhanif	', 'Husain	', 3, 'DCE	', 'Active', 'M', '013-2532742	', 'nurhanif.husain@gmail.com'),
('DCE140208', 'Mohd Raees 	', 'Sayed Farook', 3, 'DCE	', 'Active', 'M', '012-2242858	', 'raees.farook@gmail.com'),
('DCE140209', 'Mohd Ridzwan ', 'Halim		', 3, 'DCE	', 'Graduated', 'M', '019-2432735	', 'ridzwan.halim@gmail.com'),
('DCE140210', 'Mohd Syafik 	', 'Ramli	', 3, 'DCE	', 'Active', 'M', '018-2423874	', 'syafik.ramli@gmail.com'),
('DCE140211', 'Muhamad Amin 	', 'Abdul Madi	', 3, 'DCE	', 'Active', 'M', '012-3424535	', 'amin.madi@gmail.com'),
('DCE140212', 'Muhamad Amirul Hayat 	', 'Ab Rahman	', 3, 'DCE	', 'Active', 'M', '017-2342346	', 'amirul.rahman@gmail.com'),
('DCE140213', 'Muhamad Faiz 	', 'Abdul Kadir	', 3, 'DCE	', 'Active', 'M', '016-2308345	', 'faiz.kadir@gmail.com'),
('DCE140214', 'Muhamad Izzat Hazmi ', 'Wan Chik	', 3, 'DCE		', 'Active', 'M', '017-8748929	', 'izzat.chik@gmail.com'),
('DCE140215', 'Fatin Farhana ', 'Mat Rozi		', 3, 'DCE	', 'Graduated', 'F', '011-2183929	', 'fatin.farhan@gmail.com'),
('DCE140216', 'Najihah 				', 'Sulaiman', 3, 'DCE', 'Active', 'F', '+60192843895', 'najihah.binti @gmail.com'),
('DCE140217', 'Nazatul Zunnurain 		', 'Zainal Abidin', 3, 'DCE	', 'Active', 'F', '019-2862482	', 'nazatul.zunnur@gmail.com'),
('DCE140218', 'Noorain 	', 'Mohamad Shauki	', 3, 'DCE	', 'Graduated', 'F', '018-3784802	', 'noorain.binti @gmail.com'),
('DCE140219', 'Nor Azilah 	', 'Mohd Fauzai	', 3, 'DCE	', 'Active', 'F', '016-8482375	', 'nor.azilah@gmail.com'),
('DCE140220', 'Nor Hidayah 	', 'Harun	', 3, 'DCE	', 'Graduated', 'F', '013-2532742	', 'nor.hidaya@gmail.com'),
('DCE140221', 'Noralia Nadira	', 'Mustafar	', 3, 'DCE	', 'Active', 'F', '012-2242858	', 'noralia.nadira@gmail.com'),
('DCE140222', 'Norazwin', 'Mohamad Jalani	', 3, 'DCE		', 'Active', 'F', '019-2432735	', 'norazwin.binti @gmail.com'),
('DCE140223', 'Nur Asmirah 	', 'Rosman	', 3, 'DCE	', 'Active', 'F', '018-2423874	', 'nur.asmira@gmail.com'),
('DCE140296', 'Nur Azreen 	', 'Mat Isa	', 2, 'DCE	', 'Active', 'F', '012-3424535	', 'nur.azreen@gmail.com'),
('DCE140299', 'Muhamed Nurfathin 	', 'Mokhtar	', 2, 'DCE	', 'Active', 'M', '011-2183929	', 'nurfathin.mokhtar@gmail.com'),
('DCE140300', 'Muhammad Abdul Aziz	', 'Mohd Zaiz	', 2, 'DCE', 'Active', 'M', '019-2843895	', 'abdul.zaiz@gmail.com'),
('DCE140301', 'Muhammad Adli ', 'Mat Aziz	', 2, 'DCE		', 'Active', 'M', '019-2862482	', 'adli.aziz@gmail.com'),
('DCE140302', 'Muhammad Amin	', 'Zulkifli Din	', 2, 'DCE	', 'Active', 'M', '018-3784802	', 'amin.din@gmail.com'),
('DCE140303', 'Muhammad Arif Ridhwan 	', 'Muda	', 2, 'DCE	', 'Active', 'M', '016-8482375	', 'arif.muda@gmail.com'),
('DCE140304', 'Muhammad Faeez 	', 'Ibrahim	', 2, 'DCE	', 'Active', 'M', '013-2532742	', 'faeez.ibrahim@gmail.com'),
('DCE140305', 'Muhammad Hafiz 	', 'Nor Ariffin	', 2, 'DCE', 'Active', 'M', '012-2242858	', 'hafiz.ariffin@gmail.com'),
('DCE140306', 'Muhammad Husni Hatim ', 'Hussin	', 2, 'DCE		', 'Active', 'M', '019-2432735	', 'husni.hussin@gmail.com'),
('DCE140307', 'Muhammad Ihsan', 'Abdullah	', 2, 'DCE		', 'Active', 'M', '018-2423874	', 'ihsan.abdullah@gmail.com'),
('DCE140308', 'Muhammad Khairul Azhan ', 'Khalid		', 2, 'DCE	', 'Active', 'M', '012-3424535	', 'khairul.khalid@gmail.com'),
('DCE140331', 'Shuhaizar ', 'Daud', 2, 'DCE', 'Active', 'F', '+60168482375', 'shuhaizar.bin da@gmail.com'),
('DCE140510', 'Shahida Amira', 'Ismail', 2, 'DCE', 'Active', 'F', '+60179123421', 'shidamira@gmail.com'),
('DCE150157', 'Aimi Salihah ', 'Abdul Nasir', 1, 'DCE', 'Active', 'F', '+60192843895', 'aimi.saliha@gmail.com'),
('DCE150304', 'Rina Eryani 	', 'Mahali	', 1, 'DCE	', 'Active', 'F', '013-2532742	', 'rina.eryani@gmail.com'),
('DCE150305', 'Muhammad Noor Arif ', 'Othman	', 2, 'DCE		', 'Active', 'M', '016-2308345	', 'noor.othman@gmail.com'),
('DCE150306', 'Muhammad Nor Hafiz ', 'Mat Isa	', 2, 'DCE		', 'Active', 'M', '017-8748929	', 'nor.isa@gmail.com'),
('DCE150307', 'Muhammad Zulfirman Azhar 	', 'Idris	', 2, 'DCE	', 'Active', 'M', '011-2183929	', 'zulfirman.idris@gmail.com'),
('DCE150308', 'Muhd Azlan Shah ', 'Shahrol Aman		', 2, 'DCE	', 'Active', 'M', '019-2843895	', 'azlan.aman@gmail.com'),
('DCE150309', 'Muhd Qhairul Amal ', 'Kasim	', 2, 'DCE		', 'Active', 'M', '019-2862482	', 'qhairul.kasim@gmail.com'),
('DCE150310', 'Nazirul Zahin 	', 'Rosazman	', 2, 'DCE	', 'Active', 'M', '018-3784802	', 'zahin.rosazman@gmail.com'),
('DCE150311', 'Nik Mohd Syahmi 	', 'Nik Zamani	', 2, 'DCE	', 'Active', 'M', '016-8482375	', 'mohd.zamani@gmail.com'),
('DCE150312', 'Nik Muhammad Irfan ', 'Nik Abdullah		', 2, 'DCE	', 'Active', 'M', '013-2532742	', 'muhammad.abdullah@gmail.com'),
('DCE150313', 'Saifullah ', 'Jalaludin		', 2, 'DCE	', 'Active', 'M', '012-2242858	', 'bin.jalaludin@gmail.com'),
('DCE150314', 'Syafiq ', 'Abdul Halim		', 2, 'DCE	', 'Active', 'M', '019-2432735	', 'bin.halim@gmail.com'),
('DCE150315', 'Syafiq Farhan ', 'Samshuri	', 2, 'DCE	', 'Active', 'M', '018-2423874	', 'farhan.samshuri@gmail.com'),
('DCE150316', 'Tuan Mohd Hafizuddin 	', 'Tuan Zainol	', 2, 'DCE	', 'Active', 'M', '012-3424535	', 'mohd.zainol@gmail.com'),
('DCE150317', 'Wan Mohammad ', 'Sahibullah		', 2, 'DCE	', 'Active', 'M', '017-2342346	', 'mohammad.sahibullah@gmail.com'),
('DCE150318', 'Zaid ', 'Ishak		', 2, 'DCE	', 'Active', 'M', '016-2308345	', 'bin.ishak@gmail.com'),
('DCE150319', 'Zulkarnain ', 'Ibrahim		', 2, 'DCE	', 'Active', 'M', '017-8748929	', 'bin.ibrahim@gmail.com'),
('DCE150320', 'Kamarul Azwan ', 'Abdul Rahman		', 2, 'DCE', 'Active', 'M', '011-2183929	', 'azwan.rahman@gmail.com'),
('DCE150321', 'Khairul Akmal 		', 'Hassan', 2, 'DCE	', 'Active', 'M', '+60192843895	', 'akmal.hassan@gmail.com'),
('DCE150322', 'Khairul Azhar 		', 'Muhamad', 2, 'DCE', 'Active ', 'M', '+60192862482	', 'azhar.muhamad@gmail.com'),
('DCE150323', 'Khairul Mustaqim 	', 'Ridwan Wong', 2, 'DCE	', 'Active', 'M', '018-3784802	', 'mustaqim.wong@gmail.com'),
('DCE150324', 'Mohamad Aliff 	', 'Abd Rahim	', 2, 'DCE	', 'Active', 'M', '016-8482375	', 'aliff.rahim@gmail.com'),
('DCE150325', 'Mohd Faiz ', 'Azmi		', 2, 'DCE	', 'Active', 'M', '013-2532742	', 'faiz.azmi@gmail.com'),
('DCE150326', 'Muhammad Afiq ', 'Che Man		', 2, 'DCE	', 'Active', 'M', '012-2242858	', 'afiq.man@gmail.com'),
('DCE150327', 'Muhammad Aizuddin ', 'Zakaria	', 2, 'DCE		', 'Active', 'M', '019-2432735	', 'aizuddin.zakaria@gmail.com'),
('DCE150328', 'Muhammad As''syarafi ', 'Mansor	', 2, 'DCE		', 'Active', 'M', '018-2423874	', 'as''syarafi.mansor@gmail.com'),
('DCE150329', 'Muhammad Solihin ', 'Mohd Mustaffa', 2, 'DCE		', 'Active', 'M', '012-3424535	', 'solihin.mustaffa@gmail.com'),
('DCE150330', 'Muhammad Zuhair Irfan 	', 'Mohd Ramzi	', 2, 'DCE	', 'Active', 'M', '017-2342346	', 'zuhair.ramzi@gmail.com'),
('DCE150331', 'Shahrir Ridha ', 'Shaharuddin	', 2, 'DCE	', 'Active', 'M', '016-2308345	', 'ridha.shaharuddin@gmail.com'),
('DCE150332', 'Syed Syazwan	', 'Syed Azhar	', 2, 'DCE	', 'Active', 'M', '017-8748929	', 'syazwan.azhar@gmail.com'),
('DCE150333', 'Ahmad Wakiyuddin ', 'Md Razi		', 2, 'DCE	', 'Active', 'M', '011-2183929	', 'wakiyuddin.razi@gmail.com'),
('DCE150334', 'Amir Affendy ', 'Johari		', 2, 'DCE	', 'Active', 'M', '019-2843895	', 'affendy.johari@gmail.com'),
('DCE150335', 'Amirul Zaki ', 'Abd.Rahim		', 1, 'DCE	', 'Active', 'M', '019-2862482	', 'zaki.rahim@gmail.com'),
('DCE150336', 'Azrul Fitri ', 'Zulkifli		', 1, 'DCE	', 'Active', 'M', '018-3784802	', 'fitri.zulkifli@gmail.com'),
('DCE150337', 'Mohamed Sheikh Faris	', 'Nor Shamsudin	', 1, 'DCE	', 'Active', 'M', '016-8482375	', 'sheikh.shamsudin@gmail.com'),
('DCE150338', 'Mohammad Amerul Azree 		', 'Jamil', 1, 'DCE	', 'Active', 'M', '+60132532742	', 'amerul.jamil@gmail.com'),
('DCE150339', 'Muhamad Syazwan 	', 'Sanusi	', 1, 'DCE	', 'Active', 'M', '012-2242858	', 'syazwan.sanusi@gmail.com'),
('DCE151079', 'Fauziah ', 'Mat', 1, 'DCE', 'Active', 'F', '+60112183929', 'fauziah.binti @gmail.com'),
('DCE151304', 'Muhammad Najdi 	', 'Murshid	', 2, 'DCE	', 'Active', 'M', '017-2342346	', 'najdi.murshid@gmail.com'),
('DCE160236', 'Rohaya 	', 'Abdul Rahim	', 1, 'DCE	', 'Active', 'F', '012-2242858	', 'rohaya.binti @gmail.com'),
('DCE160237', 'Siti Nurul Adura ', 'Daud		', 1, 'DCE	', 'Active', 'F', '019-2432735	', 'siti.nurul @gmail.com'),
('DCE160238', 'Siti Rohani 	', 'Shaari	', 1, 'DCE	', 'Active', 'F', '018-2423874	', 'siti.rohani@gmail.com'),
('DCE160239', 'Siti Subaida ', 'Samsuddin		', 1, 'DCE	', 'Active', 'F', '012-3424535	', 'siti.subaid@gmail.com'),
('DCE160240', 'Soraya Hanum 	', 'Rosli	', 1, 'DCE	', 'Active', 'F', '016-8482375	', 'soraya.hanum @gmail.com'),
('DCE160241', 'Muhammad Faris ', 'Ismail		', 1, 'DCE	', 'Active', 'M', '019-2432735	', 'faris.ismail@gmail.com'),
('DCE160242', 'Muhammad Harith ', 'Badrul Hisham		', 1, 'DCE	', 'Active', 'M', '018-2423874	', 'harith.hisham@gmail.com'),
('DCE160243', 'Muhammad Hussaini 	', 'Md Rifin	', 1, 'DCE', 'Active', 'M', '012-3424535	', 'hussaini.rifin@gmail.com'),
('DCE160244', 'Muhammad Mazri ', 'Nor Haznam		', 1, 'DCE	', 'Active', 'M', '017-2342346	', 'mazri.haznam@gmail.com'),
('DCE160245', 'Muhammad Nor Azri ', 'Aziz		', 1, 'DCE	', 'Active', 'M', '016-2308345	', 'nor.aziz@gmail.com'),
('DCE160246', 'Muhammad Syafiq ', 'Mustafa', 1, 'DCE', 'Active ', 'M', '+60178748929	', 'syafiq.mustafa@gmail.com'),
('DCE160247', 'Aiman Nasuha ', 'Othman	', 1, 'DCE		', 'Active', 'M', '011-2183929	', 'nasuha.othman@gmail.com'),
('DCE160248', 'Akmal Azizi ', 'Ab Azis		', 1, 'DCE', 'Active', 'M', '019-2843895	', 'azizi.azis@gmail.com'),
('DCE160249', 'Harith 	', 'Mohd Shobi	', 1, 'DCE	', 'Active', 'M', '019-2862482	', 'bin.shobi@gmail.com'),
('DCE160250', 'Khairul Arif 	', 'Ishak	', 1, 'DCE	', 'Active', 'M', '018-3784802	', 'arif.ishak@gmail.com'),
('DCE160251', 'Mohamad Hanif 	', 'Abdull Razak	', 1, 'DCE	', 'Active', 'M', '016-8482375	', 'hanif.razak@gmail.com'),
('DCE160252', 'Mohamad Mustakim 	', 'Isa	', 1, 'DCE	', 'Active', 'M', '013-2532742	', 'mustakim.isa@gmail.com'),
('DCE160253', 'Mohammad Afiq ', 'Mohammad Nasir	', 1, 'DCE		', 'Active', 'M', '012-2242858	', 'afiq.nasir@gmail.com'),
('DCE160254', 'Mohammad Amir 	', 'Razmi	', 1, 'DCE	', 'Active', 'M', '019-2432735	', 'amir.razmi@gmail.com'),
('DCE160255', 'Mohd Asyrafanuar 	', 'Omarkaseh	', 1, 'DCE	', 'Active', 'M', '018-2423874	', 'asyrafanuar.omarkaseh@gmail.com'),
('DCE160256', 'Mohd Bukhari ', 'Muslim		', 1, 'DCE	', 'Active', 'M', '012-3424535	', 'bukhari.muslim@gmail.com'),
('DCE160257', 'Mohd Najib Nashrudin 	', 'Muhamad	', 1, 'DCE	', 'Active', 'M', '017-2342346	', 'najib.muhamad@gmail.com'),
('DCE160258', 'Mohd Sabri 	', 'Zainol Abidin	', 1, 'DCE	', 'Active', 'M', '016-2308345	', 'sabri.abidin@gmail.com'),
('DCE160259', 'Mohd Shahir 	', ' Hadzir	', 1, 'DCE	', 'Active', 'M', '017-8748929	', 'shahir.hadzir@gmail.com'),
('DCE160260', 'Mohd Shihbuddin 	', 'Zakria	', 1, 'DCE	', 'Active', 'M', '011-2183929	', 'shihbuddin.zakria@gmail.com'),
('DCE160261', 'Muhammad Ilham ', 'Abu Bakar		', 1, 'DCE	', 'Active', 'M', '019-2843895	', 'ilham.bakar@gmail.com'),
('DCE160262', 'Muhammad Nur Khafiq 	', 'Mohd Saim	', 1, 'DCE	', 'Active', 'M', '019-2862482	', 'nur.saim@gmail.com'),
('DCE160263', 'Nor Azmi ', 'Mohamed	', 1, 'DCE	', 'Active', 'M', '018-3784802	', 'azmi.mohamed@gmail.com'),
('DCE160264', 'Norazam', 'Abdul Majid		', 1, 'DCE	', 'Active', 'M', '016-8482375	', 'bin.majid@gmail.com'),
('DCE160265', 'Salehuddin 	', 'Abdul Manan	', 1, 'DCE', 'Active', 'M', '013-2532742	', 'bin.manan@gmail.com'),
('DCE160266', 'Wan Mohd Fahemi 	', 'Wan Ahmad	', 1, 'DCE	', 'Active', 'M', '012-2242858	', 'mohd.ahmad@gmail.com'),
('DCE160267', 'Zulfadhli 	', 'Abdul Razak	', 1, 'DCE	', 'Active', 'M', '019-2432735	', 'bin.razak@gmail.com'),
('DCE160268', 'Zulfadli 	', 'Mohd Mohiadin	', 1, 'DCE	', 'Active', 'M', '018-2423874	', 'bin.mohiadin@gmail.com'),
('DCE167890', 'Muhammad Aidid', 'Mohamad Halif', 1, 'DCE', 'Active', 'M', '+0198080808', 'muhammadaidid@gmail.com'),
('DCI161035', 'Najiyah', 'Abdul Razak', 1, 'DCI', 'Active', 'F', '+60189713042', 'najiyahrazak@gmail.com'),
('DCS130166', 'Siti Nur Wahida 	', 'Muhammad	', 3, 'DCS	', 'Active', 'F', '017-2342346	', 'zsiti.nur wa@gmail.com'),
('DCS130167', 'Syafiqah ', 'Ishak	', 3, 'DCS		', 'Active', 'F', '016-2308345	', 'syafiqah.binti @gmail.com'),
('DCS130169', 'Zahariah 	', 'Zaidy	', 3, 'DCS	', 'Active', 'F', '017-8748929	', 'zahariah.binti @gmail.com'),
('DCS130170', 'Aini Syuhada ', 'Tajuddin	', 3, 'DCS	', 'Active', 'F', '+60112183929	', 'aini.syuhad@gmail.com'),
('DCS130171', 'Farah ', 'Aziz	', 3, 'DCS	', 'Active', 'F', '+60192843895	', 'farah.binti @gmail.com'),
('DCS130172', 'Farah Wahida ', 'Ismail	', 3, 'DCS	', 'Active', 'F', '+60192862482	', 'farah.wahida@gmail.com'),
('DCS130173', 'Farahana Amira 		', 'Bharudin', 3, 'DCS	', 'Inactive', 'F', '018-3784802	', 'farahana.amira @gmail.com'),
('DCS130174', 'Hajjah Sakinah ', 'Ahmad Shahabudin	', 3, 'DCS	', 'Active', 'F', '+60168482375	', 'hajjah.sakina@gmail.com'),
('DCS130175', 'Halimatun Saadiah 	', 'Ali Zaman', 3, 'DCS	', 'Active', 'F', '+60132532742	', 'halimatun.saadia@gmail.com'),
('DCS130176', 'Muhamad Muzhafar 	', 'Ismail	', 3, 'DCS	', 'Active', 'M', '017-2342346	', 'muzha.far@gmail.com'),
('DCS130177', 'Muhammad Farhin Suhaimi ', 'Harun	', 3, 'DCS		', 'Active', 'M', '016-2308345	', 'farhi.in@gmail.com'),
('DCS130178', 'Muhammad Faris ', 'Che Jani		', 3, 'DCS	', 'Active', 'M', '017-8748929	', 'faris.s@gmail.com'),
('DCS130179', 'Muhammad Hilmi ', 'Che Daud		', 3, 'DCS	', 'Active', 'M', '011-2183929	', 'hilmi.i@gmail.com'),
('DCS130180', 'Muhammad Izzat 	', 'Ibrahim	', 3, 'DCS	', 'Active', 'M', '019-2843895	', 'izzat.t@gmail.com'),
('DCS130181', 'Muhammad Izzul Syafiq ', 'Zul Aznal		', 3, 'DCS	', 'Active', 'M', '019-2862482	', 'izzul.l@gmail.com'),
('DCS130182', 'Muhammad Nabil ', 'Sadzali		', 3, 'DCS	', 'Active', 'M', '018-3784802	', 'nabil.l@gmail.com'),
('DCS130183', 'Muhammad Najib ', 'Ramli		', 3, 'DCS	', 'Active', 'M', '016-8482375	', 'najib.b@gmail.com'),
('DCS130184', 'Muhammad Syazwan	', 'Mohd Zukhi	', 3, 'DCS	', 'Active', 'M', '013-2532742	', 'syazw.wan@gmail.com'),
('DCS130185', 'Muhammad Tarmizi 	', 'Bakar	', 3, 'DCS', 'Active', 'M', '012-2242858	', 'tarmi.izi@gmail.com'),
('DCS140144', 'Hanisah 	', 'Mohd Zabidi	', 3, 'DCS	', 'Active', 'F', '012-2242858	', 'hanisah.binti @gmail.com'),
('DCS140145', 'Khalilah 			', 'Khasnulhadi', 3, 'DCS	', 'Graduated', 'F', '+60192432735', 'khalilah.binti @gmail.com'),
('DCS140146', 'Noorfadzlina ', 'Tajuddin		', 3, 'DCS	', 'Active', 'F', '018-2423874	', 'noorfadzlina.binti @gmail.com'),
('DCS140147', 'Noorliana ', 'Abd Rahman		', 3, 'DCS	', 'Active', 'F', '012-3424535	', 'noorliana.binti @gmail.com'),
('DCS140148', 'Nor Suhana ', 'Abu Bakar		', 3, 'DCS', 'Active', 'F', '017-2342346	', 'nor.suhana@gmail.com'),
('DCS140149', 'Norhanizah ', 'Jaafar		', 3, 'DCS', 'Active', 'F', '016-2308345	', 'norhanizah.binti @gmail.com'),
('DCS140150', 'Nur Farhana', 'Kamaruzaman', 3, 'DCS	', 'Active', 'F', '017-8748929	', 'nur.farhan@gmail.com'),
('DCS140151', 'Nur Hayati 	', 'Abdul Hamid	', 3, 'DCS	', 'Active', 'F', '011-2183929	', 'nur.hayati@gmail.com'),
('DCS140157', 'Siti Noor Suhada ', 'Hassan	', 3, 'DCS		', 'Active', 'F', '012-2242858	', 'siti.noor s@gmail.com'),
('DCS140158', 'Siti Norsyahirah 	', 'Awang	', 3, 'DCS	', 'Active', 'F', '019-2432735	', 'siti.norsya@gmail.com'),
('DCS140159', 'Siti Norsyazwani ', 'Othman	', 3, 'DCS		', 'Active', 'F', '018-2423874	', 'siti.norsya@gmail.com'),
('DCS140160', 'Ummul Khairul Fatimah ', 'Daud	', 3, 'DCS		', 'Active', 'F', '012-3424535	', 'ummul.khairu@gmail.com'),
('DCS140161', 'Warda Hanani 	', 'Mohd Noor	', 3, 'DCS	', 'Active', 'F', '017-2342346	', 'warda.hanani@gmail.com'),
('DCS140162', 'Muhammad Zaki ', 'Zainol		', 3, 'DCS	', 'Active', 'M', '019-2432735	', 'zaki .@gmail.com'),
('DCS140163', 'Osman Mohamed ', 'Ahmed Ali		', 3, 'DCS	', 'Active', 'M', '018-2423874	', 'moham.@gmail.com'),
('DCS140164', 'Sheik Muhamad Arif 	', 'Sheik Abd Rahim	', 3, 'DCS	', 'Active', 'M', '012-3424535	', 'muham.@gmail.com'),
('DCS140165', 'Mohd Amirul Firdaus ', 'Ibrahim		', 3, 'DCS	', 'Active', 'M', '017-2342346	', 'amiru.irdaus@gmail.com'),
('DCS140166', 'Mohd Fahmi ', 'A Razak		', 3, 'DCS	', 'Active', 'M', '016-2308345	', 'fahmi.n@gmail.com'),
('DCS140167', 'Mohd Fakhrul Hafiz ', 'Mohd Fuad		', 3, 'DCS	', 'Active', 'M', '017-8748929	', 'fakhr.hafiz bin@gmail.com'),
('DCS140168', 'Mohd Helmi 	', 'Mohd Sabri	', 3, 'DCS	', 'Active', 'M', '011-2183929	', 'helmi.n@gmail.com'),
('DCS140169', 'Mohd Khairul Nizam 	', 'Abdul Rahman', 3, 'DCS	', 'Active', 'M', '019-2843895	', 'khair.nizam bin@gmail.com'),
('DCS140170', 'Mohd Norhisham ', 'Mohd Noor		', 3, 'DCS	', 'Active', 'M', '019-2862482	', 'norhi.m@gmail.com'),
('DCS140171', 'Muhamad Fizree Fitree ', 'Sapee		', 3, 'DCS	', 'Active', 'M', '018-3784802	', 'fizre.e@gmail.com'),
('DCS140172', 'Muhamad Husni 	', 'Yahaya	', 3, 'DCS	', 'Active', 'M', '016-8482375	', 'husni.@gmail.com'),
('DCS140173', 'Muhamad Mustaqhim 	', 'Mohd Fauzi	', 3, 'DCS	', 'Active', 'M', '013-2532742	', 'musta.qhim@gmail.com'),
('DCS140174', 'Muhamad Nawawi ', 'Samsudin		', 3, 'DCS	', 'Active', 'M', '012-2242858	', 'nawaw.i@gmail.com'),
('DCS140175', 'Muhamad Shahfizi ', 'Ismail		', 3, 'DCS	', 'Active', 'M', '019-2432735	', 'shahf.izi@gmail.com'),
('DCS140176', 'Muhammad Amirul ', 'Abdul Manan	', 3, 'DCS		', 'Active', 'M', '018-2423874	', 'amiru.ul@gmail.com'),
('DCS140177', 'Muhammad Ashraf ', 'Johari		', 3, 'DCS	', 'Active', 'M', '012-3424535	', 'ashra.af@gmail.com'),
('DCS140178', 'Muhammad Firdaus 	', 'Ahmad Raside	', 3, 'DCS	', 'Active', 'M', '017-2342346	', 'firda.aus@gmail.com'),
('DCS140264', 'Zuraidah ', 'Mohamad Dahurai		', 2, 'DCS	', 'Active', 'F', '016-2308345	', 'zuraidah.binti @gmail.com'),
('DCS140265', 'Afina Farihin ', 'Zahari', 2, 'DCS', 'Active', 'F', '+60172342346', 'afina.farihi@gmail.com'),
('DCS140266', 'Ainin Sofia 	', 'Mat Khalid', 2, 'DCS		', 'Active', 'F', '+60112183929	', 'ainin.sofia @gmail.com'),
('DCS140267', 'Ami Fariza ', 'Zainol Abidin	', 2, 'DCS	', 'Active', 'F', '+60192843895	', 'ami.fariza@gmail.com'),
('DCS140268', 'Anis Sabirah 	', 'Idris	', 2, 'DCS	', 'Active', 'F', '019-2862482	', 'anis.sabira@gmail.com'),
('DCS140269', 'Farah Suhana ', 'Ahmad', 2, 'DCS		', 'Active', 'F', '018-3784802	', 'farah.suhana@gmail.com'),
('DCS140270', 'Kasmawati 	', 'Jasili	', 2, 'DCS	', 'Active', 'F', '016-8482375	', 'kasmawati.binti @gmail.com'),
('DCS140271', 'Khairunnisa 	', 'Ismail	', 2, 'DCS', 'Active', 'F', '013-2532742	', 'khairunnisa.binti @gmail.com'),
('DCS140272', 'Muhammad Fitri ', 'Sabri		', 2, 'DCS', 'Active', 'M', '016-2308345	', 'fitri.i@gmail.com'),
('DCS140273', 'Muhammad Hafizi ', 'Mohd Yatim	', 2, 'DCS		', 'Active', 'M', '017-8748929	', 'hafiz.zi@gmail.com'),
('DCS140274', 'Muhammad Hasbul Ikhwan 	', 'Hasbullah	', 2, 'DCS	', 'Active', 'M', '011-2183929	', 'hasbu.ul@gmail.com'),
('DCS140275', 'Muhammad Hazman	', 'Che Om	', 2, 'DCS	', 'Active', 'M', '019-2843895	', 'hazma.an@gmail.com'),
('DCS140276', 'Muhammad Imran ', 'Hashim		', 2, 'DCS	', 'Active', 'M', '019-2862482	', 'imran.n@gmail.com'),
('DCS140277', 'Muhammad Izzat ', 'Azman		', 2, 'DCS	', 'Active', 'M', '018-3784802	', 'izzat.t@gmail.com'),
('DCS140278', 'Muhammad Khairul ', 'Mat Isa	', 2, 'DCS		', 'Active', 'M', '016-8482375	', 'khair.rul@gmail.com'),
('DCS140279', 'Muhammad Rabbani ', 'Roslan		', 2, 'DCS	', 'Active', 'M', '013-2532742	', 'rabba.ani@gmail.com'),
('DCS140280', 'Muhammad Safwan ', 'Abd Rahman	', 2, 'DCS		', 'Active', 'M', '012-2242858	', 'safwa.an@gmail.com'),
('DCS140503', 'Rafiza ', 'Abd Razak', 2, 'DCS', 'Active', 'F', '+60192862482', 'rafiza.binti @gmail.com'),
('DCS140594', 'Najihah ', 'Abdul Rashid', 2, 'DCS', 'Active', 'F', '+60192432735', 'najihah.binti @gmail.com'),
('DCS150199', 'Fakhrul Anwar 	', 'Kamarul Azmi	', 1, 'DBA	', 'Active', 'M', '018-3784802	', 'anwa.@gmail.com'),
('DCS150200', 'Nik Rofida ', 'Nik Muhammad Rosli		', 2, 'DCS	', 'Active', 'F', '019-2432735	', 'nik.rofida@gmail.com'),
('DCS150201', 'Noor Azlianti 	', 'Che Ali	', 2, 'DCS	', 'Active', 'F', '018-2423874	', 'noor.azlian@gmail.com'),
('DCS150202', 'Nor Hazwani ', 'Hassan	', 2, 'DCS	', 'Active', 'F', '012-3424535	', 'nor.hazwan@gmail.com'),
('DCS150203', 'Nor Nazihah ', 'Fauzi	', 2, 'DCS	', 'Active', 'F', '017-2342346	', 'nor.naziha@gmail.com'),
('DCS150204', 'Nor Sharina', 'Sakrani	', 2, 'DCS		', 'Active', 'F', '016-2308345	', 'nor.sharin@gmail.com'),
('DCS150205', 'Nor Syaherah ', 'Che Razali		', 2, 'DCS	', 'Active', 'F', '017-8748929	', 'nor.syaher@gmail.com'),
('DCS150206', 'Noraini ', 'Mat @ Yusof	', 2, 'DCS		', 'Active', 'F', '011-2183929	', 'noraini.binti @gmail.com'),
('DCS150207', 'Noratikah ', 'Mazlan		', 2, 'DCS	', 'Active', 'F', '019-2843895	', 'noratikah.binti @gmail.com'),
('DCS150208', 'Norhani', 'Md Nadzri		', 2, 'DCS	', 'Active', 'F', '019-2862482	', 'norhani.binti @gmail.com'),
('DCS150209', 'Normazila Emilia ', 'Ahmad', 2, 'DCS	', 'Active', 'F', '018-3784802	', 'normazila.emilia@gmail.com'),
('DCS150210', 'Norsa''idah 	', 'Md Zuki	', 2, 'DCS	', 'Active', 'F', '016-8482375	', 'norsa''idah.binti @gmail.com'),
('DCS150211', 'Nur Adibah 	', 'Md Saleh	', 2, 'DCS	', 'Active', 'F', '013-2532742	', 'nur.adibah@gmail.com'),
('DCS150212', 'Nur Afifi 	', 'Zainuddin	', 2, 'DCS	', 'Active', 'F', '012-2242858	', 'nur.afifi @gmail.com'),
('DCS150213', 'Nur Aisyah ', 'Saadin	', 2, 'DCS		', 'Active', 'F', '019-2432735	', 'nur.aisyah@gmail.com'),
('DCS150214', 'Nur ''Aliaa ', 'Abdul Razak		', 2, 'DCS	', 'Active', 'F', '018-2423874	', 'nur.''aliaa@gmail.com'),
('DCS150215', 'Nur Athirah 	', 'Jafar	', 2, 'DCS', 'Active', 'F', '012-3424535	', 'nur.athira@gmail.com'),
('DCS150216', 'Nur Atikah ', 'Mat Ali		', 2, 'DCS	', 'Active', 'F', '017-2342346	', 'nur.atikah@gmail.com'),
('DCS150217', 'Nur Atiq Syamimi', 'Azman		', 2, 'DCS	', 'Active', 'F', '016-2308345	', 'nur.atiq s@gmail.com'),
('DCS150218', 'Nur Ellyana 	', 'Johari	', 2, 'DCS', 'Active', 'F', '017-8748929	', 'nur.ellyan@gmail.com'),
('DCS150219', 'Nur Farhana 	', 'Mohd Noor	', 2, 'DCS	', 'Active', 'F', '011-2183929	', 'nur.farhan@gmail.com'),
('DCS150220', 'Nur Fatin Nadhirah 	', 'Abd Rashid	', 2, 'DCS	', 'Active', 'F', '019-2843895	', 'nur.fatin @gmail.com'),
('DCS150221', 'Nur Izzati 	', 'Mat Naser	', 1, 'DCS	', 'Active', 'F', '019-2862482	', 'nur.izzati@gmail.com'),
('DCS150224', 'Muhammad Taufiq ', 'Omar Baki	', 2, 'DCS		', 'Active', 'M', '019-2432735	', 'taufi.iq@gmail.com'),
('DCS150225', 'Muhd Ridzuan ', 'Mohamad		', 2, 'DCS	', 'Active', 'M', '018-2423874	', 'ridzu.bin@gmail.com'),
('DCS150226', 'Shah Hizal ', 'Mahadzir', 2, 'DCS		', 'Active', 'M', '012-3424535	', 'hizal.n m@gmail.com'),
('DCS150227', 'Syamsul Azizi 	', 'Ahmad	', 2, 'DCS	', 'Active', 'M', '017-2342346	', 'azizi.@gmail.com'),
('DCS150228', 'Zaharudin ', 'Idris	', 2, 'DCS	', 'Active', 'M', '016-2308345	', 'bin i.@gmail.com'),
('DCS150229', 'Ain Shuhada ', 'Abd Rahim	', 2, 'DCS', 'Active', 'F', '+60178748929', 'ain.shuhad@gmail.com'),
('DCS150230', 'Muhammad Firdaus 	', 'Abdul Hamid	', 2, 'DCS	', 'Active', 'M', '011-2183929	', 'firda.aus@gmail.com'),
('DCS150231', 'Muhammad Syamil ', 'Zabidi	', 2, 'DCS	', 'Active', 'M', '019-2843895	', 'syami.il@gmail.com'),
('DCS150232', 'Afiq Shazwan 		', 'Mukhtar', 2, 'DCS	', 'Active', 'M', '+60192862482	', 'shazw.bin@gmail.com'),
('DCS150233', 'Ahmad Khairol Izab		', 'Abdul Kadir', 2, 'DCS	', 'Active', 'M', '+60183784802	', 'khair.@gmail.com'),
('DCS150234', 'Azamuddin ', 'Ahmad Morsidi		', 2, 'DCS	', 'Active', 'M', '016-8482375	', 'bin a.@gmail.com'),
('DCS150235', 'Azhri ', 'Azhar		', 2, 'DCS', 'Active', 'M', '013-2532742	', 'bin a.zhri bin@gmail.com'),
('DCS150236', 'Nik Noor Athirah ', 'Nik Yusoff', 2, 'DCS', 'Active', 'F', '+60122242858', 'nik.noor a@gmail.com'),
('DCS150237', 'Hisyam ', 'Baharin		', 2, 'DCS	', 'Active', 'M', '019-2432735	', 'bin b.am bin@gmail.com'),
('DCS150238', 'Mohamad Afiq 		', 'Abd Ghafor', 2, 'DCS	', 'Active', 'M', '+60182423874	', 'afiq .bin@gmail.com'),
('DCS150239', 'Mohamad Ari ', 'Rafsanjani		', 2, 'DCS	', 'Active', 'M', '012-3424535	', 'ari r.ari@gmail.com'),
('DCS150240', 'Ikmal Hisham ', 'Ahmad	', 2, 'DCS		', 'Active', 'M', '017-2342346	', 'hisha.bin@gmail.com'),
('DCS150241', 'Jailani Othman 	', 'Mahmoud Mohammed	', 2, 'DCS	', 'Active', 'M', '016-2308345	', 'othma.n@gmail.com'),
('DCS150242', 'Mohamad Nasim		', 'Mohamad', 2, 'DCS	', 'Active', 'M', '+60178748929	', 'nasim.@gmail.com'),
('DCS150243', 'Mohamad Nor Azwan 	', 'Mohamad Zaid	', 2, 'DCS	', 'Active', 'M', '011-2183929	', 'nor a.zwan bin@gmail.com'),
('DCS150244', 'Mohammad Azwanizam ', 'Zahari		', 2, 'DCS	', 'Active', 'M', '019-2843895	', 'azwan.nizam@gmail.com'),
('DCS150245', 'Mohammad Hafiz 	', 'Ahmad Nazri	', 1, 'DCS', 'Active', 'M', '019-2862482	', 'hafiz.z@gmail.com'),
('DCS150246', 'Mohd Asil Iqbal 	', 'Ramli	', 1, 'DCS	', 'Active', 'M', '018-3784802	', 'asil .al@gmail.com'),
('DCS150247', 'Mohd Fazrin 	', 'Mohd Hashim	', 1, 'DCS	', 'Active', 'M', '016-8482375	', 'fazri.in@gmail.com'),
('DCS150248', 'Mohd Rizal Hilmi 	', 'Mohd Rokis	', 1, 'DCS	', 'Active', 'M', '013-2532742	', 'rizal.lmi bin@gmail.com'),
('DCS150249', 'Mohd Shafizan 	', 'Shaberi	', 1, 'DCS	', 'Active', 'M', '012-2242858	', 'shafi.@gmail.com'),
('DCS150250', 'Mohd Shafwatuddin 	', 'Mohd Shaari	', 1, 'DCS	', 'Active', 'M', '019-2432735	', 'shafw.ddin@gmail.com'),
('DCS150810', 'Nur Fatihah', 'Ahmad', 2, 'DCS', 'Active', 'F', '+60123456784', 'anewme.fa@gmail.com'),
('DCS160166', 'Muhamad Ikhwann 	', 'Mohamad Hasbullah	', 1, 'DCS	', 'Active', 'M', '018-2423874	', 'ikhwa.nn@gmail.com'),
('DCS160167', 'Muhamad Safwan Hardy 	', 'Zaini	', 1, 'DCS	', 'Active', 'M', '012-3424535	', 'safwa.n@gmail.com'),
('DCS160168', 'Muhammad Anugerah ', 'Dainil	', 1, 'DCS		', 'Active', 'M', '017-2342346	', 'anuge.erah@gmail.com'),
('DCS160169', 'Muhammad Arief	', 'Zakariya	', 1, 'DCS	', 'Active', 'M', '016-2308345	', 'arief.f@gmail.com'),
('DCS160170', 'Muhammad Azim 	', 'Zainal	', 1, 'DCS	', 'Active', 'M', '017-8748929	', 'azim .@gmail.com'),
('DCS160171', 'Muhammad Azlan 	', 'Rahmat	', 1, 'DCS	', 'Active', 'M', '011-2183929	', 'azlan.n@gmail.com'),
('DCS160172', 'Muhammad Farhan Akmal ', 'Ja''far	', 1, 'DCS		', 'Active', 'M', '019-2843895	', 'farha.an@gmail.com'),
('DCS160173', 'Muhammad Izzat 	', 'Abd Rahim	', 1, 'DCS	', 'Active', 'M', '019-2862482	', 'izzat.t@gmail.com'),
('DCS160174', 'Remy Amri ', 'Omar		', 1, 'DCS	', 'Active', 'M', '018-3784802	', 'amri . om@gmail.com'),
('DCS160175', 'Tuan Mohd Nazreen ', 'Tuan Ibrahim	', 1, 'DCS	', 'Active', 'M', '016-8482375	', 'mohd .reen bin@gmail.com'),
('DCS160176', 'Muhammad Mahadzir 	', 'Abdul Halim	', 1, 'DCS	', 'Active', 'M', '013-2532742	', 'mahad.dzir@gmail.com'),
('DCS160177', 'Muhammad Safwan Faiz ', 'Hamidon	', 1, 'DCS		', 'Active', 'M', '012-2242858	', 'safwa.an@gmail.com'),
('DCS160178', 'Muhammad Syafiq	', 'Mohd Daud	', 1, 'DCS	', 'Active', 'M', '019-2432735	', 'syafi.iq@gmail.com'),
('DCS160179', 'Muhammad Syafiq ', 'Muhammad Ajis		', 1, 'DCS	', 'Active', 'M', '018-2423874	', 'syafi.iq@gmail.com'),
('DCS160180', 'Muhammad Syafiq ', 'Sukri		', 1, 'DCS	', 'Active', 'M', '012-3424535	', 'syafi.iq@gmail.com'),
('DCS160181', 'Muhammad Yusuf ', 'Kamaluddin		', 1, 'DCS	', 'Active', 'M', '018-3784802	', 'yusuf.f@gmail.com'),
('DCS160182', 'Zaizulzaien ', 'Zainurin	', 1, 'DCS	', 'Active', 'M', '016-8482375	', 'bin z.in@gmail.com'),
('DCS160184', 'Roshazlina ', 'Mohd Lazim		', 1, 'DCS	', 'Active', 'F', '012-2242858	', 'roshazlina.binti @gmail.com'),
('DCS160185', 'Ruhil Fatin 	', 'Mohd Suberi	', 1, 'DCS	', 'Active', 'F', '019-2432735	', 'ruhil.fatin @gmail.com'),
('DCS160186', 'Siti Zuraidah 	', 'Zironi	', 1, 'DCS	', 'Active', 'F', '018-2423874	', 'siti.zuraid@gmail.com'),
('DCS160187', 'Wan Zahidah	', 'Wan Mohammad	', 1, 'DCS	', 'Active', 'F', '012-3424535	', 'wan.zahida@gmail.com'),
('DCS160188', 'Yusmaliza ', 'Hussain		', 1, 'DCS', 'Active', 'F', '017-2342346	', 'yusmaliza.binti @gmail.com'),
('DCS160189', 'Zaidah Farihah 	', 'Mohamed Hassim	', 1, 'DCS	', 'Active', 'F', '016-2308345	', 'zaidah.fariha@gmail.com'),
('DCS160190', 'Che Ku Muhamad Farid ', 'Che Ku Mat', 1, 'DCS', 'Active', 'M', '017-8748929', 'ku mu.d farid bin che@gmail.com'),
('DCS160191', 'An Nadzirah 		', 'Mohamad', 1, 'DCS	', 'Active', 'F', '011-2183929	', 'an.nadzir@gmail.com'),
('DCS160192', 'Erda Syuhada ', 'Radzi', 1, 'DCS', 'Active', 'F', '+60192843895', 'erda.syuhad@gmail.com'),
('DCS160193', 'Farah Norjihan 		', 'Muhamad', 1, 'DCS	', 'Active', 'F', '+60192862482	', 'farah.norjih@gmail.com'),
('DCS160194', 'Hazirah 		', 'Nordin', 1, 'DCS	', 'Active', 'F', '+60183784802', 'hazirah.binti @gmail.com'),
('DCS160195	', 'Azman ', 'Razali	', 2, 'DIT		', 'Active', 'M', '013-2532742	', 'bin.ra@gmail.com'),
('DCS160195', 'Azman ', 'Razali', 1, 'DCS', 'Active', 'M', '+60168482375', 'bin.ra@gmail.com'),
('DCS160196', 'Khairul Nur Fadhilah ', 'Khairul Badli		', 1, 'DCS	', 'Active', 'F', '013-2532742	', 'khairul.nur fa@gmail.com'),
('DCS160197 ', 'Mahani 		', 'Shaari', 1, 'DCS	', 'Active', 'F', '+60122242858	', 'mahani.binti @gmail.com'),
('DCS160198', 'Nabilah ', 'Othman	', 1, 'DCS		', 'Active', 'F', '019-2432735	', 'nabilah.binti @gmail.com'),
('DCS160199 ', 'Nadia Husna 		', 'Mohamad Saleh', 1, 'DCS	', 'Active', 'F', '+60182423874	', 'nadia.husna @gmail.com'),
('DCS160200	', 'Noratika 	', 'Azmi	', 1, 'DCS	', 'Active', 'F', '012-3424535	', 'noratika.binti @gmail.com'),
('DCS160201	', 'Nordarina 	', 'Jumali	', 1, 'DCS	', 'Active', 'F', '018-3784802	', 'nordarina.binti @gmail.com'),
('DCS160202', 'Norizzahthul Ainaa 	', 'Abdul Khoni	', 1, 'DCS	', 'Active', 'F', '016-8482375	', 'norizzahthul.ainaa @gmail.com'),
('DCS167098', 'Nor Fatiha', 'Ahmad', 1, 'DCS', 'Active', 'F', '+60123456784', 'anewme.fa@gmail.com'),
('DIA156868', 'Asma Hanisah', 'Yusof', 2, 'DIA', 'Active', 'F', '+60189992222', 'asmahanisah@hmail.com'),
('DIC130186', 'Nornadzaty Azma 	', 'Mohamad Tajudin	', 3, 'DIC	', 'Active', 'F', '017-2342346	', 'nornadzaty.azma b@gmail.com'),
('DIC130187', 'Nur Farhana', 'Pauzai		', 3, 'DIC	', 'Active', 'F', '016-2308345	', 'nur.farhan@gmail.com'),
('DIC130188', 'Nur Hamizah ', 'Salim		', 3, 'DIC', 'Active', 'F', '017-8748929	', 'nur.hamiza@gmail.com'),
('DIC130191', 'Zulfiqar Azhim ', 'Zamri	', 3, 'DIC		', 'Active', 'M', '017-2342346	', 'zulfiqar.azhim@gmail.com'),
('DIC130192', 'Enis Natasha Noor ', 'Arbaain', 3, 'DIC', 'Active', 'F', '+60162308345', 'enis.natash@gmail.com'),
('DIC130193', 'Muhd Naqiuddin 	', 'Amirudin	', 3, 'DIC	', 'Active', 'M', '017-8748929	', 'muhd.naqiuddin@gmail.com'),
('DIC130194', 'Aimi Shazwani ', 'Binti Shariffuddin', 3, 'DIC', 'Active', 'F', '+60112183929', 'aimi.shazwa@gmail.com'),
('DIC130195', 'Fara Hana ', 'Zulkiple', 3, 'DIC', 'Active', 'F', '+60192843895', 'fara.hana b@gmail.com'),
('DIC130196', 'Ahmad Akmal ', 'Anuar Mahayudin		', 3, 'DIC	', 'Active', 'M', '019-2862482	', 'ahmad.akmal@gmail.com'),
('DIC130197', 'Ahmad Atif ', 'Kamarudin		', 3, 'DIC	', 'Active', 'M', '018-3784802	', 'ahmad.atif@gmail.com'),
('DIC130198', 'Ahmad Muslim 		', 'Zailani', 3, 'DIC	', 'Active', 'M', '+60168482375	', 'ahmad.muslim@gmail.com'),
('DIC130199', 'Aidil Sukri 		', 'Ahmad', 3, 'DIC	', 'Active', 'M', '+60132532742	', 'aidil.sukri@gmail.com'),
('DIC130201', 'Alwafi 	', 'Rosli', 3, 'DIC		', 'Active', 'M', '012-2242858	', 'alwafi.bin@gmail.com'),
('DIC130202', 'Amir Azfar ', 'Arif Hamzan	', 3, 'DIC	', 'Active', 'M', '019-2432735	', 'amir.azfar@gmail.com'),
('DIC130203', 'Asyif Amirulnaim ', 'Ahmad Sabirin		', 3, 'DIC	', 'Active', 'M', '018-2423874	', 'asyif.amirulnaim@gmail.com'),
('DIC140179', 'Asyraf ', 'Mohd Nasir		', 3, 'DIC	', 'Active', 'M', '012-3424535	', 'asyraf.bin@gmail.com'),
('DIC140180', 'Hidayatuzzamil 		', 'Yahya', 3, 'DIC	', 'Active', 'M', '+60172342346	', 'hidayatuzzamil.binti@gmail.com'),
('DIC140181', 'Ibrahim 		', 'Zakaria', 3, 'DIC	', 'Active', 'M', '+60162308345	', 'ibrahim.bin@gmail.com'),
('DIC140182', 'Mazwan 		', 'Bin Musa', 3, 'DIC	', 'Active', 'M', '+60178748929	', 'mazwan.bin@gmail.com'),
('DIC140183', 'Mohamad Ani Hazwan 		', 'Ahmad Zaini', 3, 'DIC	', 'Active', 'M', '+60112183929	', 'mohamad.ani@gmail.com'),
('DIC140184', 'Mohamad Azrulnaim 	', 'Zainal	', 3, 'DIC	', 'Active', 'M', '019-2843895	', 'mohamad.azrulnaim@gmail.com');
INSERT INTO `student_list` (`matric`, `first_name`, `last_name`, `year`, `program`, `status`, `gender`, `hp_no`, `email`) VALUES
('DIC140185', 'Mohamad Hafizi 	', 'Suki	', 3, 'DIC	', 'Active', 'M', '019-2862482	', 'mohamad.hafizi@gmail.com'),
('DIC140186', 'Mohamad Syahir ', 'Mohd Akir		', 3, 'DIC	', 'Active', 'M', '018-3784802	', 'mohamad.syahir@gmail.com'),
('DIC140187', 'Mohamad Wafi 	', 'Mohamad Nasir	', 3, 'DIC	', 'Graduated', 'M', '016-8482375	', 'mohamad.wafi@gmail.com'),
('DIC140188', 'Mohammad Afzarizal	', 'Ahmad	', 3, 'DIC	', 'Active', 'M', '013-2532742	', 'mohammad.afzarizal@gmail.com'),
('DIC140189', 'Mohammad Amir 	', 'Abdul Rahim	', 3, 'DIC	', 'Active', 'M', '012-2242858	', 'mohammad.amir@gmail.com'),
('DIC140190', 'Mohammad Fauzan ', 'Talib	', 3, 'DIC		', 'Active', 'M', '019-2432735	', 'mohammad.fauzan@gmail.com'),
('DIC140191', 'Mohammad Khairussani 	', 'Alias	', 3, 'DIC	', 'Active', 'M', '018-2423874	', 'mohammad.khairussani@gmail.com'),
('DIC140192', 'Mohammad Nasharudie 	', 'Mohd Ariffin	', 3, 'DIC	', 'Graduated', 'M', '012-3424535	', 'mohammad.nasharudie@gmail.com'),
('DIC140193', 'Mohammed Najib 	', 'Othman Mukred	', 3, 'DIC	', 'Active', 'M', '017-2342346	', 'mohammed.najib@gmail.com'),
('DIC140284', 'Robiaatul Adawiyah 	', 'Ahmad Legiman	', 2, 'DIC', 'Active', 'F', '017-8748929	', 'robiaatul.adawiy@gmail.com'),
('DIC140285', 'Siti Nur Hazwani ', 'Mohamad Rodzi		', 2, 'DIC	', 'Active', 'F', '011-2183929	', 'siti.nur ha@gmail.com'),
('DIC140286', 'Siti Qurrata Aayun 	', 'Alias	', 2, 'DIC	', 'Active', 'F', '019-2843895	', 'siti.qurrat@gmail.com'),
('DIC140287', 'Wan Nurul Nabilah ', 'Wan Ab Halim	', 2, 'DIC		', 'Active', 'F', '019-2862482	', 'wan.nurul @gmail.com'),
('DIC140288', 'Mohammed Saleh ', 'Salem Bazighifan		', 2, 'DIC	', 'Active', 'M', '016-2308345	', 'mohammed.saleh@gmail.com'),
('DIC140289', 'Mohd Amin ', 'Mohd Shuib	', 2, 'DIC', 'Active', 'M', '017-8748929	', 'mohd.amin@gmail.com'),
('DIC140290', 'Mohd Aznam ', 'Ismail		', 2, 'DIC	', 'Active', 'M', '011-2183929	', 'mohd.aznam@gmail.com'),
('DIC140291', 'Mohd Azrul 	', 'Ismail	', 2, 'DIC	', 'Active', 'M', '019-2843895	', 'mohd.azrul@gmail.com'),
('DIC140292', 'Mohd Fikry 	', 'Mohd Yusof	', 2, 'DIC	', 'Active', 'M', '019-2862482	', 'mohd.fikry@gmail.com'),
('DIC140293', 'Mohd Hasnol	', 'Abdullah', 2, 'DIC', 'Active', 'M', '018-3784802	', 'mohd.hasnol@gmail.com'),
('DIC140294', 'Mohd Rahimi ', 'Azhar		', 2, 'DIC	', 'Active', 'M', '016-8482375	', 'mohd.rahimi@gmail.com'),
('DIC140295', 'Mohd Sahdan ', 'Abd Ghani		', 2, 'DIC	', 'Active', 'M', '013-2532742	', 'mohd.sahdan@gmail.com'),
('DIC140573', 'Saidatul Ardeenawatie ', 'Awang', 2, 'DIC', 'Active', 'F', '+60178748929', 'saidatul.ardeen@gmail.com'),
('DIC150251', 'Aleena 		', 'Ramlee', 2, 'DIC	', 'Active', 'F', '+60183784802	', 'aleena.binti @gmail.com'),
('DIC150252', 'Amirah 		', 'Ahmad Hamdi', 2, 'DIC	', 'Active', 'F', '016-8482375	', 'amirah.binti @gmail.com'),
('DIC150253', 'Noor Khairunnisa		', 'Amanzuria', 2, 'DIC	', 'Active', 'F', '+60132532742	', 'noor.khairu@gmail.com'),
('DIC150254', 'Nur Amirah ', 'Mohamad Basri	', 2, 'DIC		', 'Active', 'F', '012-2242858	', 'nur.amirah@gmail.com'),
('DIC150255', 'Nur Edzma 	', 'Kamaruzman	', 2, 'DIC	', 'Active', 'F', '019-2432735	', 'nur.edzma @gmail.com'),
('DIC150256', 'Nur Farlyanna ', 'Muhammad Fisal	', 2, 'DIC		', 'Active', 'F', '018-2423874	', 'nur.farlya@gmail.com'),
('DIC150257', 'Nur Izzati ', 'Suhaimi	', 2, 'DIC	', 'Active', 'F', '012-3424535	', 'nur.izzati@gmail.com'),
('DIC150261', 'Rahimah ', 'Yahaya		', 2, 'DIC	', 'Active', 'F', '011-2183929	', 'rahimah.binti @gmail.com'),
('DIC150262', 'Siti Maryam ', 'Johar	', 2, 'DIC		', 'Active', 'F', '019-2843895	', 'siti.maryam@gmail.com'),
('DIC150263', 'Siti Masaini 	', 'Mohamad Rosli	', 2, 'DIC	', 'Active', 'F', '019-2862482	', 'siti.masain@gmail.com'),
('DIC150264', 'Siti Nadira ', 'Iskak	', 2, 'DIC		', 'Active', 'F', '018-3784802	', 'siti.nadira@gmail.com'),
('DIC150265', 'Siti Noor Aisah ', 'Ishak	', 2, 'DIC		', 'Active', 'F', '016-8482375	', 'siti.noor a@gmail.com'),
('DIC150266', 'Siti Norsaffirah 	', 'Zailan		', 2, 'DIC	', 'Active', 'F', '013-2532742	', 'siti.norsaf@gmail.com'),
('DIC150267', 'Siti Nur Saidatussariah 	', 'Helmi	', 2, 'DIC	', 'Active', 'F', '012-2242858	', 'siti.nur sa@gmail.com'),
('DIC150268', 'Syahirah ', 'Mohd Mokhtar		', 2, 'DIC	', 'Active', 'F', '019-2432735	', 'syahirah.binti @gmail.com'),
('DIC150269', 'Alifah Ilyana ', 'Mohd Nor', 2, 'DIC', 'Active', 'F', '+60182423874', 'alifah.ilyana@gmail.com'),
('DIC150270', 'Alwani ', 'Azmil', 1, 'DIC', 'Active', 'F', '012-3424535', 'alwani.binti @gmail.com'),
('DIC150271', 'Dhamirah Aliah ', 'Mohd Norzin', 1, 'DIC', 'Active', 'F', '+60172342346', 'dhamirah.aliah @gmail.com'),
('DIC150272', 'Fatimah Nadhirah 	', 'Isa	', 1, 'DIC	', 'Active', 'F', '016-2308345	', 'fatimah.nadhir@gmail.com'),
('DIC150273', 'Fatin Syahirah ', 'Fauzi		', 1, 'DIC	', 'Active', 'F', '017-8748929	', 'fatin.syahir@gmail.com'),
('DIC150274', 'Hasnurlyaliza ', 'Ahmad Ahya		', 1, 'DIC	', 'Active', 'F', '011-2183929	', 'hasnurlyaliza.binti @gmail.com'),
('DIC150275', 'Noor Khairiyah Hanisah 	', 'Hasni	', 1, 'DIC', 'Active', 'F', '019-2843895	', 'noor.khairi@gmail.com'),
('DIC150276', 'Nor Fatinamira ', 'Abdul Aziz		', 1, 'DIC	', 'Active', 'F', '019-2862482	', 'nor.fatina@gmail.com'),
('DIC150277', 'Muhamad Aiman', 'Alias	', 2, 'DIC		', 'Active', 'M', '012-2242858	', 'muhamad.aiman@gmail.com'),
('DIC150278', 'Muhamad Azham 	', 'Muhamaddin	', 2, 'DIC	', 'Active', 'M', '019-2432735	', 'muhamad.azham@gmail.com'),
('DIC150279', 'Muhamad Qusyairi 	', 'Aminuddin	', 2, 'DIC	', 'Active', 'M', '018-2423874	', 'muhamad.qusyairi@gmail.com'),
('DIC150280', 'Muhamad Syazwan ', 'Kamarulzaman		', 2, 'DIC	', 'Active', 'M', '012-3424535	', 'muhamad.syazwan@gmail.com'),
('DIC150281', 'Muhamad Yazid ', 'Mohidin		', 2, 'DIC', 'Active', 'M', '017-2342346	', 'muhamad.yazid@gmail.com'),
('DIC150282', 'Muhammad Asraf	', 'Abdul Razak	', 2, 'DIC	', 'Active', 'M', '016-2308345	', 'muhammad.asraf@gmail.com'),
('DIC150283', 'Muhammad Faizal 	', 'Rusdi	', 2, 'DIC	', 'Active', 'M', '017-8748929	', 'muhammad.faizal@gmail.com'),
('DIC150284', 'Muhammad Hazwan 	', 'Yusoff	', 2, 'DIC	', 'Active', 'M', '011-2183929	', 'muhammad.hazwan@gmail.com'),
('DIC150285', 'Muhammad Jiyad 	', 'Md Zin	', 2, 'DIC	', 'Active', 'M', '019-2843895	', 'muhammad.jiyad@gmail.com'),
('DIC150286', 'Muhammad Kasyaful Asyraf 	', 'Affandi	', 2, 'DIC	', 'Active', 'M', '019-2862482	', 'muhammad.kasyaful@gmail.com'),
('DIC150287', 'Muhammad Luqman 	', 'Rosli	', 2, 'DIC	', 'Active', 'M', '018-3784802	', 'muhammad.luqman@gmail.com'),
('DIC150288', 'Muhammad Ridzwan 	', 'Megat Othman	', 2, 'DIC	', 'Active', 'M', '016-8482375	', 'muhammad.ridzwan@gmail.com'),
('DIC150289', 'Muhammad Safuan Aizat ', 'Abd Razak		', 2, 'DIC	', 'Active', 'M', '013-2532742	', 'muhammad.safuan@gmail.com'),
('DIC150290', 'Muhammad Syafiq 	', 'Razak	', 2, 'DIC	', 'Active', 'M', '012-2242858	', 'muhammad.syafiq@gmail.com'),
('DIC150291', 'Muhammad Zulfadli 	', 'Zolkifly	', 2, 'DIC	', 'Active', 'M', '019-2432735	', 'muhammad.zulfadli@gmail.com'),
('DIC150292', 'Nazirul Naif ', 'Suhaimi		', 2, 'DIC	', 'Active', 'F', '018-2423874	', 'nazirul.naif@gmail.com'),
('DIC150293', 'Nik Ahmad Fauzan ', 'Zainal Abidin	', 2, 'DIC	', 'Active', 'M', '012-3424535	', 'nik.ahmad@gmail.com'),
('DIC150294', 'Nur Izfaizwanizam ', 'Zalkapely		', 2, 'DIC', 'Active', 'M', '017-2342346	', 'nur.izfaizwanizam@gmail.com'),
('DIC150295', 'Osman Ashraf ', 'Kamarudin		', 2, 'DIC	', 'Active', 'M', '016-2308345	', 'osman.ashraf@gmail.com'),
('DIC150296', 'Salman Sayyidi ', 'Hamzah	', 2, 'DIC	', 'Active', 'M', '017-8748929', 'salman.sayyidi@gmail.com'),
('DIC150297', 'Sazwan Azlin 	', 'Shamsudin', 2, 'DIC	', 'Active', 'M', '011-2183929	', 'sazwan.azlin@gmail.com'),
('DIC150298', 'Zulkifli ', 'Mohamad Ali		', 2, 'DIC	', 'Active', 'M', '019-2843895	', 'zulkifli.bin@gmail.com'),
('DIC150299', 'Abdul Rahim ', 'Abdul Hasim		', 1, 'DIC	', 'Active', 'M', '019-2862482	', 'abdul.rahim@gmail.com'),
('DIC150300', 'Abdulrahman Mohammed ', 'Ahmed Baragaa	', 1, 'DIC		', 'Active', 'M', '018-3784802	', 'abdulrahman.mohammed@gmail.com'),
('DIC150301', 'Ahmad Husni ', 'Saari	', 1, 'DIC		', 'Active', 'M', '016-8482375	', 'ahmad.husni@gmail.com'),
('DIC150302', 'Ahmad Mustaqim ', 'Kamaruddin	', 1, 'DIC		', 'Active', 'M', '013-2532742	', 'ahmad.mustaqim@gmail.com'),
('DIC150303', 'Ahmad Tarmizi 	', 'Md Hasan	', 1, 'DIC	', 'Active', 'M', '012-2242858	', 'ahmad.tarmizi@gmail.com'),
('DIC160203', 'Nor Hazirah 	', 'Mohammad	', 1, 'DIC	', 'Active', 'F', '018-3784802	', 'nor.hazira@gmail.com'),
('DIC160204', 'Norfathul Ikmah	', 'Zainal Abidin	', 1, 'DIC	', 'Active', 'F', '016-8482375	', 'norfathul.ikmah @gmail.com'),
('DIC160205', 'Nur Fatehah ', 'Ahmad	', 1, 'DIC		', 'Active', 'F', '013-2532742	', 'nur.fateha@gmail.com'),
('DIC160206', 'Nur Jannah ', 'Mohd Zin	', 1, 'DIC		', 'Active', 'F', '012-2242858	', 'nur.jannah@gmail.com'),
('DIC160212', 'Shahirah Nabilah 	', 'Shahrani	', 1, 'DIC	', 'Active', 'F', '018-3784802	', 'shahirah.nabila@gmail.com'),
('DIC160213', 'Shanianie Emira', 'Zulkarnain		', 1, 'DIC	', 'Active', 'F', '016-8482375	', 'shanianie.emira @gmail.com'),
('DIC160214', 'Siti Faiqah ', 'Mohd Hanim	', 1, 'DIC		', 'Active', 'F', '013-2532742	', 'siti.faiqah@gmail.com'),
('DIC160215', 'Siti Nor Helaliah 	', 'Md Saat	', 1, 'DIC	', 'Active', 'F', '012-2242858	', 'siti.nor he@gmail.com'),
('DIC160216', 'Siti Salwani ', 'Bani Yamin		', 1, 'DIC	', 'Active', 'F', '019-2432735	', 'siti.salwan@gmail.com'),
('DIC160217', 'Siti Zahariah 	', 'Mohamad Razali	', 1, 'DIC	', 'Active', 'F', '018-2423874	', 'siti.zahari@gmail.com'),
('DIC160218', 'Aiman Muharram 	', 'Zulraidi	', 1, 'DIC	', 'Active', 'M', '019-2432735	', 'aiman.muharram@gmail.com'),
('DIC160219', 'Amir Izzat ', 'Fadzil		', 1, 'DIC	', 'Active', 'M', '018-2423874	', 'amir.izzat@gmail.com'),
('DIC160220', 'Amirul Kamil ', 'Shamsul Anuar	', 1, 'DIC	', 'Active', 'M', '012-3424535	', 'amirul.kamil@gmail.com'),
('DIC160221', 'Amirul Syafiq 	', 'Idris	', 1, 'DIC	', 'Active', 'M', '017-2342346	', 'amirul.syafiq@gmail.com'),
('DIC160222', 'Fakhrul Fahim 		', 'Fakhrumarzuki', 1, 'DIC	', 'Active', 'M', '+60162308345	', 'fakhrul.fahim@gmail.com'),
('DIC160223', 'Iskandar Zulkarnain ', 'Zaini	', 1, 'DIC		', 'Active', 'M', '017-8748929	', 'iskandar.zulkarnain@gmail.com'),
('DIC160224', 'Khairul Azman 	', 'Saari	', 1, 'DIC	', 'Active', 'M', '011-2183929	', 'khairul.azman@gmail.com'),
('DIC160225', 'Mohamad Afiq 	', 'Mohamad Fadzillah	', 1, 'DIC	', 'Active', 'M', '019-2843895	', 'mohamad.afiq@gmail.com'),
('DIC160226', 'Mohamad Azman	', 'Rojan	', 1, 'DIC	', 'Active', 'M', '019-2862482	', 'mohamad.azman@gmail.com'),
('DIC160227', 'Mohamad Firdaus 	', 'Zainal Abidin	', 1, 'DIC	', 'Active', 'M', '018-3784802	', 'mohamad.firdaus@gmail.com'),
('DIC160228', 'Mohamad Hosni 	', 'Abu Bakar	', 1, 'DIC	', 'Active', 'M', '016-8482375	', 'mohamad.hosni@gmail.com'),
('DIC160229', 'Mohamad Shaffiq ', 'Mohamad Shuffi	', 1, 'DIC		', 'Active', 'M', '013-2532742	', 'mohamad.shaffiq@gmail.com'),
('DIC160230', 'Mohamad Shahfuan 	', 'Ismail	', 1, 'DIC	', 'Active', 'M', '012-2242858	', 'mohamad.shahfuan@gmail.com'),
('DIC160231', 'Mohamad Syazwan 	', 'Sezale	', 1, 'DIC	', 'Active', 'M', '019-2432735	', 'mohamad.syazwan@gmail.com'),
('DIC160232', 'Mohammad Fikri 	', 'Saidin	', 1, 'DIC	', 'Active', 'M', '018-2423874	', 'mohammad.fikri@gmail.com'),
('DIC160233', 'Mohammad Hafiz ', 'Ahmad	', 1, 'DIC		', 'Active', 'M', '012-3424535	', 'mohammad.hafiz@gmail.com'),
('DIC160234', 'Mohammad Hafnizam 	', 'Suhaimi	', 1, 'DIC	', 'Active', 'M', '019-2843895	', 'mohammad.hafnizam@gmail.com'),
('DIC160235', 'Mohammad Hizad 	', 'Hassan	', 1, 'DIC	', 'Active', 'M', '019-2862482	', 'mohammad.hizad@gmail.com'),
('DIT130136', 'Fatin Nabilah ', 'Mohammad Hasan	', 3, 'DIT		', 'Active', 'F', '016-2308345	', 'fatin.nabila@gmail.com'),
('DIT130137', 'Fatinhanani ', 'Abd Rahman	', 3, 'DIT	', 'Active', 'F', '+60178748929	', 'fatinhanani.binti @gmail.com'),
('DIT130138', 'Izzati ', 'Shaik Mohamad	', 3, 'DIT		', 'Active', 'F', '011-2183929	', 'izzati.binti @gmail.com'),
('DIT130139', 'Khalilah Adilah ', 'Khairi	', 3, 'DIT		', 'Active', 'F', '019-2843895	', 'khalilah.adilah@gmail.com'),
('DIT130140', 'Noor Asyikin 	', 'Husin	', 3, 'DIT	', 'Active', 'F', '019-2862482	', 'noor.asyiki@gmail.com'),
('DIT130141', 'Nor Afiah 	', 'Asyari	', 3, 'DIT	', 'Active', 'F', '018-3784802', 'xnor.afiah @gmail.com'),
('DIT130142', 'Nor Afiqah ', 'Azmi		', 3, 'DIT	', 'Active', 'F', '016-8482375	', 'nor.afiqah@gmail.com'),
('DIT130143', 'Norfarah Hafizah 	', 'Othman	', 3, 'DIT	', 'Active', 'F', '013-2532742	', 'norfarah.hafiza@gmail.com'),
('DIT130144', 'Norhanisah ', 'Zakaria		', 3, 'DIT	', 'Active', 'F', '019-2432735	', 'norhanisah.binti @gmail.com'),
('DIT130145', 'Norzilah 	', 'Marzuki	', 3, 'DIT	', 'Active', 'F', '018-2423874	', 'norzilah.binti @gmail.com'),
('DIT130146', 'Nur Afiqah ', 'Shaharudin	', 3, 'DIT		', 'Graduated', 'F', '012-3424535	', 'nur.afiqah@gmail.com'),
('DIT130147', 'Nur Afiqqa ', 'Rashid		', 3, 'DIT	', 'Active', 'F', '017-2342346	', 'nur.afiqqa@gmail.com'),
('DIT130148', 'Nur Ahlina ', 'Mohd Lenin	', 3, 'DIT		', 'Active', 'F', '016-2308345	', 'nur.ahlina@gmail.com'),
('DIT130151', 'Muhammad Fitri ', 'Azahar	', 3, 'DIT		', 'Active', 'M', '016-2308345	', 'fitri.az@gmail.com'),
('DIT130152', 'Muhammad Nazmin 	', 'Abdul Satar	', 3, 'DIT	', 'Active', 'M', '017-8748929	', 'nazmin.sa@gmail.com'),
('DIT130153', 'Muhammad Nazrin Asyraf 	', 'Omar	', 3, 'DIT	', 'Active', 'M', '011-2183929	', 'nazrin.om@gmail.com'),
('DIT130154', 'Muhammad Razzif ', 'Johari		', 3, 'DIT	', 'Active', 'M', '019-2843895	', 'razzif.jo@gmail.com'),
('DIT130155', 'Nabil Fikrie 	', 'Zainal Abidin	', 3, 'DIT	', 'Active', 'M', '019-2862482	', 'fikrie.ab@gmail.com'),
('DIT130156', 'Raduan ', 'Ibrahim	', 3, 'DIT		', 'Active', 'M', '018-3784802	', 'bin.ib@gmail.com'),
('DIT130157', 'Zakaria ', 'Ishak	', 3, 'DIT		', 'Active', 'M', '016-8482375	', 'bin.is@gmail.com'),
('DIT130158', 'Ahmad Burhanuddin 	', 'Al-Amin	', 3, 'DIT	', 'Active', 'M', '013-2532742	', 'burhanuddin.al@gmail.com'),
('DIT130159', 'Ahmad Labib 	', 'Che Aziz	', 3, 'DIT	', 'Active', 'M', '019-2432735	', 'labib.az@gmail.com'),
('DIT130160', 'Ahmad Shahrani 	', 'Abd Aziz	', 3, 'DIT	', 'Active', 'M', '018-2423874	', 'shahrani.az@gmail.com'),
('DIT130161', 'Aizat Nasriq 		', 'Zamri', 3, 'DIT	', 'Active', 'M', '+60123424535	', 'nasriq.za@gmail.com'),
('DIT130162', 'Ajmal Hadi ', ' Anuar		', 3, 'DIT	', 'Active', 'M', '017-2342346	', 'hadi.an@gmail.com'),
('DIT130163', 'Azwan Shahmie ', 'Zakaria	', 3, 'DIT		', 'Active', 'M', '016-2308345	', 'shahmie.za@gmail.com'),
('DIT130164', 'Hilmi ', 'Sabri		', 3, 'DIT	', 'Active', 'M', '017-8748929	', 'bin.sa@gmail.com'),
('DIT130165', 'Mohamad Khairi ', 'Mohamad Zainal		', 3, 'DIT	', 'Active', 'M', '011-2183929	', 'khairi.za@gmail.com'),
('DIT140123', 'Roshila	', 'Mohd Lazim	', 3, 'DIT	', 'Active', 'F', '016-8482375	', 'roshila.binti @gmail.com'),
('DIT140124', 'Aina Farhana ', 'Idris', 3, 'DIT', 'Active', 'F', '+60132532742', 'aina.farhan@gmail.com'),
('DIT140125', 'Dayana', 'Saiful Nurdin', 3, 'DIT', 'Active', 'F', '+60192432735', 'dayana.binti @gmail.com'),
('DIT140126', 'Eylia Nazira ', 'Ab Razak	', 3, 'DIT	', 'Active', 'F', '+60182423874', 'eylia.nazira@gmail.com'),
('DIT140127', 'Faridah ', 'Awang	', 3, 'DIT	', 'Active', 'F', '+60123424535	', 'faridah.binti @gmail.com'),
('DIT140128', 'Fatin Adila 		', 'Ismail', 3, 'DIT	', 'Active', 'F', '017-2342346	', 'fatin.adila @gmail.com'),
('DIT140129', 'Hazlinda 	', 'Khamis	', 3, 'DIT	', 'Active', 'F', '016-2308345	', 'hazlinda.binti @gmail.com'),
('DIT140130', 'Hazmira Izaty 	', 'Hasbullah	', 3, 'DIT	', 'Active', 'F', '017-8748929	', 'hazmira.izaty @gmail.com'),
('DIT140131', 'Noor Aniza 		', 'Shuib', 3, 'DIT	', 'Active', 'F', '011-2183929	', 'noor.aniza @gmail.com'),
('DIT140132', 'Mohamad Syamsul', 'Ismail		', 3, 'DIT	', 'Active', 'M', '019-2843895	', 'syamsul.is@gmail.com'),
('DIT140133', 'Mohd Adam ', 'Ruslam		', 3, 'DIT	', 'Active', 'M', '019-2862482	', 'adam.ru@gmail.com'),
('DIT140134', 'Mohd Aziri Azudi 	', 'Ghazali	', 3, 'DIT	', 'Active', 'M', '018-3784802	', 'aziri.gh@gmail.com'),
('DIT140135', 'Mohd Ezridza Shah 	', 'Mohd Zahir	', 3, 'DIT	', 'Active', 'M', '016-8482375	', 'ezridza.za@gmail.com'),
('DIT140136', 'Mohd Nazmi ', 'Muhammad Adam		', 3, 'DIT	', 'Graduated', 'M', '013-2532742	', 'nazmi.ad@gmail.com'),
('DIT140137', 'Mohd Shahril Aswad 	', 'Abd Kadir	', 3, 'DIT	', 'Active', 'M', '019-2432735	', 'shahril.ka@gmail.com'),
('DIT140138', 'Muaaz 	', 'Ahmad Nasarudin	', 3, 'DIT	', 'Active', 'M', '018-2423874	', 'bin.na@gmail.com'),
('DIT140139', 'Muhammad Affiq ', 'Affandi		', 3, 'DIT	', 'Active', 'M', '012-3424535	', 'affiq.af@gmail.com'),
('DIT140140', 'Muhammad Afif 	', 'Zulkifeli	', 3, 'DIT	', 'Active', 'M', '017-2342346	', 'afif.zu@gmail.com'),
('DIT140141', 'Muhammad Ashraf ', 'Ahmad Fuad		', 3, 'DIT	', 'Graduated', 'M', '016-2308345	', 'ashraf.fu@gmail.com'),
('DIT140142', 'Muhammad Asyraf 	', 'Zakaria	', 3, 'DIT	', 'Active', 'M', '017-8748929	', 'asyraf.za@gmail.com'),
('DIT140143', 'Muhammad Azim Qassim 	', 'Muhamad Tari	', 3, 'DIT	', 'Active', 'M', '011-2183929	', 'azim.ta@gmail.com'),
('DIT140242', 'Muhammad Hafidz 	', 'Badrudin	', 2, 'DIT	', 'Active', 'M', '019-2843895	', 'hafidz.ba@gmail.com'),
('DIT140243', 'Muhammad Hafifi ', 'Mohd Fadzil		', 2, 'DIT	', 'Active', 'M', '019-2862482	', 'hafifi.fa@gmail.com'),
('DIT140244', 'Muhammad Hafiz Asyraf ', 'Che Mat	', 2, 'DIT		', 'Active', 'M', '018-3784802	', 'hafiz.ma@gmail.com'),
('DIT140245', 'Muhammad Hafizzuddin ', 'Ismail		', 2, 'DIT	', 'Active', 'M', '016-8482375	', 'hafizzuddin.is@gmail.com'),
('DIT140246', 'Muhammad Shazwan 	', 'Zainol Abidin	', 2, 'DIT	', 'Active', 'M', '013-2532742	', 'shazwan.ab@gmail.com'),
('DIT140247', 'Muhammad Syazwan ', 'Jafri	', 2, 'DIT		', 'Active', 'M', '019-2432735	', 'syazwan.ja@gmail.com'),
('DIT140248', 'Muhammad Zaid ', 'Abu Yazid	', 2, 'DIT		', 'Active', 'M', '018-2423874	', 'zaid.ya@gmail.com'),
('DIT140249', 'Muhammad Zulhisham Al Hakim 	', 'Yahaya	', 2, 'DIT	', 'Active', 'M', '012-3424535	', 'zulhisham.ya@gmail.com'),
('DIT140250', 'Muhson Najiy ', 'Bin Roshide			', 2, 'DIT', 'Active', 'M', '+60172342346	', 'najiy.ro@gmail.com'),
('DIT140251', 'Siraj Munir ', 'Mohd Hassan		', 2, 'DIT	', 'Active', 'M', '016-2308345	', 'munir.ha@gmail.com'),
('DIT140252', 'Noor Aqilah	', 'Mohamad	', 2, 'DIT	', 'Active', 'F', '019-2843895	', 'noor.aqilah@gmail.com'),
('DIT140253', 'Noor Azilawati ', 'Alias	', 2, 'DIT		', 'Active', 'F', '019-2862482	', 'noor.azilaw@gmail.com'),
('DIT140254', 'Noor Hasni ', 'Abd Hadi	', 2, 'DIT		', 'Active', 'F', '018-3784802	', 'noor.hasni @gmail.com'),
('DIT140255', 'Nor Khuzahidah ', 'Mohd Noor		', 2, 'DIT	', 'Active', 'F', '016-8482375	', 'nor.khuzah@gmail.com'),
('DIT140256', 'Nor Raihan ', 'Ramli	', 2, 'DIT		', 'Active', 'F', '013-2532742	', 'nor.raihan@gmail.com'),
('DIT140257', 'Nor Yuhanis ', 'Ariffin		', 2, 'DIT	', 'Active', 'F', '019-2432735	', 'nor.yuhani@gmail.com'),
('DIT140258', 'Norhafizah ', 'Mohamad Sabri		', 2, 'DIT	', 'Active', 'F', '018-2423874	', 'norhafizah.binti @gmail.com'),
('DIT140259', 'Nur Adeela ', 'Abd Rahim	', 2, 'DIT		', 'Active', 'F', '012-3424535	', 'nur.adeela@gmail.com'),
('DIT140260', 'Nur Athilah ', 'Abdul Rahman		', 2, 'DIT	', 'Active', 'F', '017-2342346	', 'nur.athila@gmail.com'),
('DIT140261', 'Nur Athirah', 'Azami		', 2, 'DIT	', 'Active', 'F', '016-2308345	', 'nur.athira@gmail.com'),
('DIT140312', 'Rahmi Keumala', 'Rashid', 2, 'DIT', 'Active', 'F', '+60176542323', 'rahmi_keumala@gmail.com'),
('DIT141510', 'Amira', 'Yahya', 2, 'DIT', 'Active', 'F', '+60183784802', 'zarina.binti @gmail.com'),
('DIT150155', 'Sakinah 	', 'Mohamad Puzi	', 2, 'DIT	', 'Active', 'F', '013-2532742	', 'sakinah.binti @gmail.com'),
('DIT150156', 'Siti Aminah 	', 'Suddin	', 2, 'DIT	', 'Active', 'F', '019-2432735	', 'siti.aminah@gmail.com'),
('DIT150157', 'Siti Aminah ', 'Tajul Arus		', 2, 'DIT	', 'Active', 'F', '018-2423874	', 'siti.aminahtt@gmail.com'),
('DIT150158', 'Siti Noor Uzairah 	', 'Rohaizad	', 2, 'DIT	', 'Active', 'F', '012-3424535	', 'siti.noor u@gmail.com'),
('DIT150159', 'Siti Nurhafidhza ', 'Mohd Ridzam	', 2, 'DIT		', 'Active', 'F', '017-2342346	', 'siti.nurhaf@gmail.com'),
('DIT150160', 'Siti Nursyafiqah 	', 'Shulimi', 2, 'DIT	', 'Active', 'F', '016-2308345	', 'siti.nursya@gmail.com'),
('DIT150161', 'Siti Rohaida ', 'Ahmad		', 2, 'DIT	', 'Active', 'F', '017-8748929	', 'siti.rohaid@gmail.com'),
('DIT150162', 'Siti Saidatul Akhmar 	', 'Syed Mhd Isa	', 2, 'DIT	', 'Active', 'F', '011-2183929	', 'siti.saidat@gmail.com'),
('DIT150163', 'Syukriah ', 'Hamzah	', 2, 'DIT		', 'Active', 'F', '019-2843895	', 'syukriah.binti @gmail.com'),
('DIT150164', 'Tuan Amirah 	', 'Tuan Sulong	', 2, 'DIT	', 'Active', 'F', '019-2862482	', 'tuan.amirah@gmail.com'),
('DIT150165', 'Wan Afiqah 	', 'Wan Chik	', 2, 'DIT	', 'Active', 'F', '018-3784802	', 'wan.afiqah@gmail.com'),
('DIT150166', 'Zarith Natasha ', 'Zuhirizan		', 2, 'DIT	', 'Active', 'F', '016-8482375	', 'zarith.natash@gmail.com'),
('DIT150167', 'Ainur Ariffah		', 'Kamarudin	', 2, 'DIT', 'Active', 'F', '013-2532742	', 'ainur.ariffa@gmail.com'),
('DIT150168', 'Eliza Amira ', 'Mohamed Zalehan', 2, 'DIT', 'Active', 'F', '019-2432735', 'eliza.amira @gmail.com'),
('DIT150169', 'Farah Suhaida ', 'Ghazali 	', 1, 'DIT	', 'Active', 'F', '018-2423874	', 'farah.suhaid@gmail.com'),
('DIT150170', 'Fatin Anniszafira 	', 'Jafri	', 1, 'DIT	', 'Active', 'F', '012-3424535	', 'fatin.annisz@gmail.com'),
('DIT150171', 'Fatin Hazwani 		', 'Zulkifli', 1, 'DIT	', 'Active', 'F', '017-2342346	', 'fatin.hazwan@gmail.com'),
('DIT150172', 'Fatma Athirah 		', 'Daud', 1, 'DIT	', 'Active', 'F', '+60162308345	', 'fatma.athira@gmail.com'),
('DIT150173', 'Juhaini Amirah ', 'Johilil', 1, 'DIT', 'Active', 'F', '+60178748929	', 'juhaini.amirah@gmail.com'),
('DIT150174', 'Nik Nur Atiqah 	', 'Saidi	', 1, 'DIT	', 'Active', 'F', '011-2183929	', 'nik.nur at@gmail.com'),
('DIT150175', 'Zulkifeli 	', 'Abdullah	', 2, 'DIT	', 'Active', 'M', '017-8748929	', 'bin.ab@gmail.com'),
('DIT150176', 'Mohd Izwan ', 'Ismail		', 2, 'DIT	', 'Active', 'M', '011-2183929	', 'izwan.is@gmail.com'),
('DIT150177', 'Ahmad Adam 		', 'Ihsan', 2, 'DIT	', 'Active', 'M', '+60192843895	', 'adam.ih@gmail.com'),
('DIT150178', 'Ahmad Luqman Hakimi 	', 'Bazlan	', 2, 'DIT	', 'Active', 'M', '019-2862482	', 'luqman.ba@gmail.com'),
('DIT150179', 'Mohamad Farhan Aizad 	', 'Mohd Fadzillah	', 2, 'DIT', 'Active', 'M', '018-3784802	', 'farhan.fa@gmail.com'),
('DIT150180', 'Mohamad Safuan 	', 'Zainudin	', 2, 'DIT	', 'Active', 'M', '016-8482375	', 'safuan.za@gmail.com'),
('DIT150181', 'Mohammad Amin ', 'Abu Bakar		', 2, 'DIT	', 'Active', 'M', '013-2532742	', 'amin.ba@gmail.com'),
('DIT150182', 'Mohd Zuhasbullah ', 'Sidek		', 2, 'DIT	', 'Active', 'M', '019-2432735	', 'zuhasbullah.si@gmail.com'),
('DIT150183', 'Muhammad Fikri 	', 'Othman	', 2, 'DIT	', 'Active', 'M', '018-2423874	', 'fikri.ot@gmail.com'),
('DIT150184', 'Muhammad Shakirin 	', 'Abu Hurera	', 2, 'DIT	', 'Active', 'M', '012-3424535	', 'shakirin.hu@gmail.com'),
('DIT150185', 'Muhammad Sya''aer ', 'Madin	', 2, 'DIT		', 'Active', 'M', '017-2342346	', 'sya''aer.ma@gmail.com'),
('DIT150186', 'Abdul Hakim 		', 'Abdul Wahab Shaarani', 2, 'DIT	', 'Active', 'M', '+60162308345	', 'hakim.sh@gmail.com'),
('DIT150187', 'Ahmad Ariffuddin 	', 'Ashaari	', 2, 'DIT	', 'Active', 'M', '017-8748929	', 'ariffuddin.as@gmail.com'),
('DIT150188', 'Ahmed Salem 	', 'Omar Al Maisari	', 2, 'DIT	', 'Active', 'M', '011-2183929	', 'salem.ma@gmail.com'),
('DIT150189', 'Amirul Azwan 	', 'Mohd Razif	', 2, 'DIT	', 'Active', 'M', '019-2843895	', 'azwan.ra@gmail.com'),
('DIT150190', 'Amirul Syafiq 	', 'Zamry	', 2, 'DIT	', 'Active', 'M', '019-2862482	', 'syafiq.za@gmail.com'),
('DIT150191', 'As Fariq Naufal 		', 'As Aziz', 2, 'DIT	', 'Active', 'M', '+60183784802	', 'fariq.az@gmail.com'),
('DIT150192', 'Asim Idris 	', 'Ibrahim Haroun	', 2, 'DIT	', 'Active', 'M', '016-8482375	', 'idris.ha@gmail.com'),
('DIT150193', 'Izyan Khairani 	', 'Mohd Ismail	', 1, 'DCS	', 'Active', 'F', '016-8482375	', 'izyan.khaira@gmail.com'),
('DIT150194', 'Ikmal Izwan 		', 'Ibrahim', 2, 'DIT	', 'Active', 'M', '+60192432735	', 'izwan.ib@gmail.com'),
('DIT150195', 'Ku Mohd Awis ', 'Ku Johari	', 1, 'DIT		', 'Active', 'M', '018-2423874	', 'mohd.jo@gmail.com'),
('DIT150196', 'Mohamad Akmal Hafiz 	', 'Suliman	', 1, 'DIT	', 'Active', 'M', '012-3424535	', 'akmal.su@gmail.com'),
('DIT150197', 'Mohamad Lokman Hakim 	', 'Mohd Amin	', 1, 'DIT	', 'Active', 'M', '017-2342346	', 'lokman.am@gmail.com'),
('DIT150198', 'Mohamad Lutfi ', 'Ahmad Sabri		', 1, 'DIT	', 'Active', 'M', '016-2308345	', 'lutfi.sa@gmail.com'),
('DIT150356', 'Hasliza ', 'A Rahim@Samsuddin', 1, 'DIT', 'Active', 'F', '+60132532742', 'hasliza.binti @gmail.com'),
('DIT150531', 'Suzanna ', 'Harun Ronald', 1, 'DIT', 'Active', 'F', '+6012-242858', 'suzanna.binti @gmail.com'),
('DIT160130', 'Mohamad Nazli ', 'Abd Rani		', 1, 'DIT	', 'Active', 'M', '017-8748929	', 'nazli.ra@gmail.com'),
('DIT160131', 'Mohamad Syahmi 	', 'Yusof	', 1, 'DIT	', 'Active', 'M', '011-2183929	', 'syahmi.yu@gmail.com'),
('DIT160132', 'Mohamad Yasin ', 'Md Yunus		', 1, 'DIT	', 'Active', 'M', '019-2843895	', 'yasin.yu@gmail.com'),
('DIT160133', 'Mohamed Altayeb 	', 'Mokhtar Altayeb	', 1, 'DIT	', 'Active', 'M', '019-2862482	', 'altayeb.al@gmail.com'),
('DIT160134', 'Mohammad Iskandar 	', 'Ismail	', 1, 'DIT	', 'Active', 'M', '018-3784802	', 'iskandar.is@gmail.com'),
('DIT160135', 'Mohammad Rafizi 	', 'Razali	', 1, 'DIT	', 'Active', 'M', '016-8482375	', 'rafizi.ra@gmail.com'),
('DIT160136', 'Mohd Aiman ', 'Ahmed		', 1, 'DIT	', 'Active', 'M', '013-2532742	', 'aiman.ah@gmail.com'),
('DIT160137', 'Mohd Amirul ', 'Dahalan	', 1, 'DIT		', 'Active', 'M', '019-2432735	', 'amirul.da@gmail.com'),
('DIT160138', 'Mohd Fadzli ', 'Rosli	', 1, 'DIT		', 'Active', 'M', '018-2423874	', 'fadzli.ro@gmail.com'),
('DIT160139', 'Mohd Hairi ', 'Mohd Shamsudin	', 1, 'DIT		', 'Active', 'M', '012-3424535	', 'hairi.sh@gmail.com'),
('DIT160140', 'Mohd Hanif', 'Abd Rani		', 1, 'DIT	', 'Active', 'M', '017-2342346	', 'hanif.ra@gmail.com'),
('DIT160141', 'Mohd Haziq Syazwan 	', 'Mohammed Tahir	', 1, 'DIT	', 'Active', 'M', '016-2308345	', 'haziq.ta@gmail.com'),
('DIT160142', 'Mohd Naim 	', 'Ahmad', 1, 'DIT	', 'Active', 'M', '017-8748929	', 'naim.ah@gmail.com'),
('DIT160143', 'Mohd Raiswan 	', 'Sedik	', 1, 'DIT	', 'Active', 'M', '011-2183929	', 'raiswan.se@gmail.com'),
('DIT160144', 'Mohd Shamir 	', 'Mohd Zamri	', 1, 'DIT	', 'Active', 'M', '019-2843895	', 'shamir.za@gmail.com'),
('DIT160145', 'Mohd Syukri ', 'Ismaun	', 1, 'DIT		', 'Active', 'M', '019-2862482	', 'syukri.is@gmail.com'),
('DIT160146', 'Mohd Zahril Fahmi ', 'Mohd Nor', 1, 'DIT		', 'Active', 'M', '018-3784802	', 'zahril.no@gmail.com'),
('DIT160147', 'Muhamad Akmal 	', 'Ahmad	', 1, 'DIT	', 'Active', 'M', '016-8482375	', 'akmal.ah@gmail.com'),
('DIT160148', 'Muhamad Harusani 	', 'Halim	', 1, 'DIT	', 'Active', 'M', '013-2532742	', 'harusani.ha@gmail.com'),
('DIT160149', 'Noor Azila 	', 'Che Azman	', 1, 'DIT	', 'Active', 'F', '019-2843895	', 'noor.azila @gmail.com'),
('DIT160150', 'Noor Fadillah ', 'Harun	', 1, 'DIT		', 'Active', 'F', '019-2862482	', 'noor.fadill@gmail.com'),
('DIT160151', 'Nor Adilah ', 'Che Hassan	', 1, 'DIT		', 'Active', 'F', '018-3784802	', 'nor.adilah@gmail.com'),
('DIT160152', 'Nor Amirah ', 'Zaidi		', 1, 'DIT	', 'Active', 'F', '016-8482375	', 'nor.amirah@gmail.com'),
('DIT160153', 'Noor Hafiza 	', 'Hanafi	', 1, 'DIT	', 'Active', 'F', '013-2532742	', 'noor.hafiza@gmail.com'),
('DIT160154', 'Noorsyahida ', 'Zaini	', 1, 'DIT		', 'Active', 'F', '019-2432735	', 'noorsyahida.binti @gmail.com'),
('DIT160155', 'Nor Nabihah ', 'Zainy	', 1, 'DIT		', 'Active', 'F', '018-2423874	', 'nor.nabiha@gmail.com'),
('DIT160156', 'Nor Sa''adah 	', 'Hairuddin	', 1, 'DIT	', 'Active', 'F', '012-3424535	', 'nor.sa''ada@gmail.com'),
('DIT160157', 'Nur Azza Shahiera ', 'Zahidin	', 1, 'DIT	', 'Active', 'F', '017-2342346	', 'nur.azza s@gmail.com'),
('DIT160158', 'Nur Balqis ', 'Abd Aziz	', 1, 'DIT', 'Active', 'F', '019-2432735	', 'nur.balqis@gmail.com'),
('DIT160159', 'Nur Farhana ', 'Hamzah		', 1, 'DIT	', 'Active', 'F', '018-2423874	', 'nur.farhan@gmail.com'),
('DIT160160', 'Nur Hafiza 	', 'Anuar	', 1, 'DIT	', 'Active', 'F', '012-3424535	', 'nur.hafiza@gmail.com'),
('DIT160161', 'Nur Hazimah ', 'Mustafa		', 1, 'DIT	', 'Active', 'F', '017-2342346	', 'nur.hazima@gmail.com'),
('DIT160162', 'Nur Hazwani ', 'Hussin		', 1, 'DIT	', 'Active', 'F', '019-2432735	', 'nur.hazwan@gmail.com'),
('DIT160163', 'Nur Irliyana	', 'Mohamed Zaid	', 1, 'DIT	', 'Active', 'F', '018-2423874	', 'nur.irliya@gmail.com'),
('DMS162222', 'Nurul Haq', 'Haji Samad', 1, 'DMS', 'Active', 'F', '+60179123422', 'haq.haq.haq@gmail.com');

-- --------------------------------------------------------

--
-- Table structure for table `unit_list`
--

CREATE TABLE `unit_list` (
  `ID` int(15) NOT NULL,
  `unit_no` varchar(15) NOT NULL,
  `owner_id` int(10) NOT NULL,
  `hos_name` varchar(100) NOT NULL,
  `rental` decimal(20,0) NOT NULL
) ENGINE=InnoDB DEFAULT CHARSET=latin1;

--
-- Dumping data for table `unit_list`
--

INSERT INTO `unit_list` (`ID`, `unit_no`, `owner_id`, `hos_name`, `rental`) VALUES
(1, '3-0-10', 22, 'Kompleks Belia DBKL', '340'),
(2, '3-0-9', 18, 'Kompleks Belia DBKL', '340'),
(26, '3-4-8', 17, 'Kompleks Belia DBKL', '340'),
(27, '3-4-9', 7, 'Kompleks Belia DBKL', '340'),
(28, 'A-1-4', 1, 'Beliawanis', '240'),
(29, 'A-1-5', 2, 'Beliawanis', '240'),
(30, 'A-1-6', 5, 'Beliawanis', '240'),
(31, 'A-1-7', 4, 'Beliawanis', '240'),
(32, 'A-1-8', 3, 'Beliawanis', '240'),
(33, 'A-3-7', 15, 'Beliawanis', '240'),
(35, 'E-2-2', 14, 'Beliawanis', '240'),
(36, 'E-2-3', 23, 'Beliawanis', '240'),
(37, 'E-2-4', 24, 'Beliawanis', '240'),
(38, 'E-2-5', 25, 'Beliawanis', '240'),
(39, 'E-3-6', 30, 'Beliawanis', '240'),
(47, 'F-4-2', 26, 'Beliawanis', '240'),
(48, 'F-4-3', 27, 'Beliawanis', '240'),
(49, 'F-4-4', 28, 'Beliawanis', '240'),
(50, 'F-4-5', 29, 'Beliawanis', '240'),
(51, 'G-1-10', 34, 'Beliawanis', '240'),
(52, 'G-1-11', 35, 'Beliawanis', '240'),
(53, 'G-1-7', 31, 'Beliawanis', '240'),
(54, 'G-1-8', 32, 'Beliawanis', '240'),
(55, 'G-1-9', 33, 'Beliawanis', '240'),
(56, 'G-2-2', 36, 'Beliawanis', '240'),
(57, 'G-2-3', 37, 'Beliawanis', '240'),
(58, 'G-3-2', 6, 'Sri Kuching', '1100'),
(60, 'G-3-4', 6, 'Sri Kuching', '1100'),
(61, 'G-4-2', 6, 'Sri Kuching', '1100'),
(62, 'G0-90', 17, 'Kompleks Belia DBKL', '340'),
(63, 'G0-91', 19, 'Kompleks Belia DBKL', '340'),
(64, 'G0-92', 20, 'Kompleks Belia DBKL', '340'),
(65, 'G0-93', 21, 'Kompleks Belia DBKL', '340'),
(66, 'H-1-4', 6, 'Sri Kuching', '1000');

-- --------------------------------------------------------

--
-- Table structure for table `uploads`
--

CREATE TABLE `uploads` (
  `id` int(10) NOT NULL,
  `file` varchar(100) NOT NULL,
  `type` varchar(10) NOT NULL,
  `size` int(11) NOT NULL,
  `description` varchar(100) NOT NULL
) ENGINE=InnoDB DEFAULT CHARSET=latin1;

--
-- Dumping data for table `uploads`
--

INSERT INTO `uploads` (`id`, `file`, `type`, `size`, `description`) VALUES
(2, '95737-6507-desaview.jpg', 'image/jpeg', 116, 'Desa View'),
(3, '48128-beliawanisdbkl1.jpg', 'image/jpeg', 234, 'Beliawanis'),
(4, '25608-srikuching1.jpg', 'image/jpeg', 35, 'Sri Kuching'),
(6, '83559-beliadbkl2.jpg', 'image/jpeg', 106, 'Kompleks Belia DBKL'),
(8, '85649-adminhms15.jpg', 'image/jpeg', 34, '1227777'),
(10, '5456-munirah---copy.jpg', 'image/jpeg', 111, '1229068'),
(11, '69573-2013-11-20-11.23.07---copy.jpg', 'image/jpeg', 17, '1215288');

--
-- Indexes for dumped tables
--

--
-- Indexes for table `admin_acc`
--
ALTER TABLE `admin_acc`
  ADD PRIMARY KEY (`username`);

--
-- Indexes for table `check_in`
--
ALTER TABLE `check_in`
  ADD PRIMARY KEY (`ci_id`);

--
-- Indexes for table `check_out`
--
ALTER TABLE `check_out`
  ADD PRIMARY KEY (`co_id`);

--
-- Indexes for table `fees_setting`
--
ALTER TABLE `fees_setting`
  ADD PRIMARY KEY (`fees_id`);

--
-- Indexes for table `hostel_details`
--
ALTER TABLE `hostel_details`
  ADD PRIMARY KEY (`hos_name`);

--
-- Indexes for table `hostel_list`
--
ALTER TABLE `hostel_list`
  ADD PRIMARY KEY (`hos_id`);

--
-- Indexes for table `owner_list`
--
ALTER TABLE `owner_list`
  ADD PRIMARY KEY (`owner_id`);

--
-- Indexes for table `pay_details`
--
ALTER TABLE `pay_details`
  ADD PRIMARY KEY (`pay_rec_id`);

--
-- Indexes for table `pay_details_college`
--
ALTER TABLE `pay_details_college`
  ADD PRIMARY KEY (`pay_rec_id`);

--
-- Indexes for table `sem_duration`
--
ALTER TABLE `sem_duration`
  ADD PRIMARY KEY (`dur_id`);

--
-- Indexes for table `sem_list`
--
ALTER TABLE `sem_list`
  ADD PRIMARY KEY (`sem_id`);

--
-- Indexes for table `staff_acc`
--
ALTER TABLE `staff_acc`
  ADD PRIMARY KEY (`id`);

--
-- Indexes for table `stay_latest`
--
ALTER TABLE `stay_latest`
  ADD PRIMARY KEY (`matric`);

--
-- Indexes for table `student_list`
--
ALTER TABLE `student_list`
  ADD PRIMARY KEY (`matric`);

--
-- Indexes for table `unit_list`
--
ALTER TABLE `unit_list`
  ADD PRIMARY KEY (`ID`);

--
-- Indexes for table `uploads`
--
ALTER TABLE `uploads`
  ADD PRIMARY KEY (`id`);

--
-- AUTO_INCREMENT for dumped tables
--

--
-- AUTO_INCREMENT for table `check_in`
--
ALTER TABLE `check_in`
  MODIFY `ci_id` int(10) NOT NULL AUTO_INCREMENT, AUTO_INCREMENT=246;
--
-- AUTO_INCREMENT for table `check_out`
--
ALTER TABLE `check_out`
  MODIFY `co_id` int(10) NOT NULL AUTO_INCREMENT, AUTO_INCREMENT=34;
--
-- AUTO_INCREMENT for table `fees_setting`
--
ALTER TABLE `fees_setting`
  MODIFY `fees_id` int(10) NOT NULL AUTO_INCREMENT, AUTO_INCREMENT=45;
--
-- AUTO_INCREMENT for table `hostel_list`
--
ALTER TABLE `hostel_list`
  MODIFY `hos_id` int(25) NOT NULL AUTO_INCREMENT, AUTO_INCREMENT=7;
--
-- AUTO_INCREMENT for table `owner_list`
--
ALTER TABLE `owner_list`
  MODIFY `owner_id` int(10) NOT NULL AUTO_INCREMENT, AUTO_INCREMENT=38;
--
-- AUTO_INCREMENT for table `pay_details`
--
ALTER TABLE `pay_details`
  MODIFY `pay_rec_id` int(20) NOT NULL AUTO_INCREMENT, AUTO_INCREMENT=1017;
--
-- AUTO_INCREMENT for table `pay_details_college`
--
ALTER TABLE `pay_details_college`
  MODIFY `pay_rec_id` int(20) NOT NULL AUTO_INCREMENT, AUTO_INCREMENT=9;
--
-- AUTO_INCREMENT for table `sem_duration`
--
ALTER TABLE `sem_duration`
  MODIFY `dur_id` int(15) NOT NULL AUTO_INCREMENT, AUTO_INCREMENT=14;
--
-- AUTO_INCREMENT for table `sem_list`
--
ALTER TABLE `sem_list`
  MODIFY `sem_id` int(20) NOT NULL AUTO_INCREMENT, AUTO_INCREMENT=4;
--
-- AUTO_INCREMENT for table `unit_list`
--
ALTER TABLE `unit_list`
  MODIFY `ID` int(15) NOT NULL AUTO_INCREMENT, AUTO_INCREMENT=67;
--
-- AUTO_INCREMENT for table `uploads`
--
ALTER TABLE `uploads`
  MODIFY `id` int(10) NOT NULL AUTO_INCREMENT, AUTO_INCREMENT=12;
/*!40101 SET CHARACTER_SET_CLIENT=@OLD_CHARACTER_SET_CLIENT */;
/*!40101 SET CHARACTER_SET_RESULTS=@OLD_CHARACTER_SET_RESULTS */;
/*!40101 SET COLLATION_CONNECTION=@OLD_COLLATION_CONNECTION */;
